{"Baseline": [396.08964721441265, 396.08964721441265, 396.08964721441265, 396.08964721441265, 396.08964721441265, 396.08964721441265, 396.08964721441265, 396.08964721441265, 396.08964721441265, 396.08964721441265, 396.08964721441265, 396.08964721441265, 396.08964721441265, 396.08964721441265, 396.08964721441265, 396.08964721441265, 396.08964721441265, 396.08964721441265, 396.08964721441265, 396.08964721441265, 396.08964721441265, 396.08964721441265, 396.08964721441265, 396.08964721441265, 396.08964721441265, 396.08964721441265, 396.08964721441265, 396.08964721441265, 396.08964721441265, 396.08964721441265, 396.08964721441265, 396.08964721441265, 396.08964721441265, 396.08964721441265, 396.08964721441265, 396.08964721441265, 396.08964721441265, 396.08964721441265, 396.08964721441265, 396.08964721441265, 396.08964721441265, 396.08964721441265, 396.08964721441265, 396.08964721441265, 396.08964721441265, 396.08964721441265, 396.08964721441265, 396.08964721441265, 396.08964721441265, 396.08964721441265, 396.08964721441265, 396.08964721441265, 396.08964721441265, 396.08964721441265, 396.08964721441265, 396.08964721441265, 396.08964721441265, 396.08964721441265, 396.08964721441265, 396.08964721441265, 396.08964721441265, 396.08964721441265, 396.08964721441265, 396.08964721441265, 396.08964721441265, 396.08964721441265, 396.08964721441265, 396.08964721441265, 396.08964721441265, 396.08964721441265, 396.08964721441265, 396.08964721441265, 396.08964721441265, 396.08964721441265, 396.08964721441265, 396.08964721441265, 396.08964721441265, 396.08964721441265, 396.08964721441265, 396.08964721441265, 396.08964721441265, 396.08964721441265, 396.08964721441265, 396.08964721441265, 396.08964721441265, 396.08964721441265, 396.08964721441265, 396.08964721441265, 396.08964721441265, 396.08964721441265, 396.08964721441265, 396.08964721441265, 396.08964721441265, 396.08964721441265, 396.08964721441265, 396.08964721441265, 396.08964721441265, 396.08964721441265, 396.08964721441265, 396.08964721441265], "Oracle": [298.774908991456, 318.06983196725844, 298.774908991456, 298.774908991456, 298.774908991456, 310.7094147747516, 298.774908991456, 306.86057166588307, 316.23754620566365, 298.774908991456, 299.13509854795933, 309.793623290348, 298.774908991456, 372.98407960350517, 298.774908991456, 306.3486726347208, 339.7314134870529, 298.774908991456, 298.774908991456, 303.7379875757932, 298.774908991456, 305.52963418486115, 364.0383109031201, 298.774908991456, 301.4586472859621, 303.7379875757932, 337.48266114768984, 298.774908991456, 298.774908991456, 304.7617856381178, 321.7706318012476, 304.65940583188535, 300.87601473772526, 331.7775250738382, 299.49528810446265, 311.71794630970953, 298.774908991456, 305.17130486304757, 299.0150353624582, 298.774908991456, 298.774908991456, 336.7330770345688, 298.774908991456, 298.774908991456, 316.9922863337755, 374.127915050292, 357.55671782960894, 317.11201362638474, 305.5808240879774, 313.940314630413, 298.774908991456, 298.774908991456, 300.1330784559965, 369.1291895692587, 298.774908991456, 378.18333163435454, 299.73541447546484, 298.774908991456, 298.774908991456, 306.86057166588307, 340.5921356638908, 305.17130486304757, 298.774908991456, 298.774908991456, 301.5098371890783, 364.9544667420149, 307.2425876233339, 314.2385586037635, 298.774908991456, 348.5572166549921, 298.774908991456, 354.19543953154084, 298.774908991456, 298.774908991456, 303.4820380602121, 299.75706575491427, 303.32846835086343, 298.774908991456, 301.836520221734, 298.774908991456, 350.83919137666226, 310.7724479956865, 298.774908991456, 306.6046221503019, 303.686797672677, 301.9389000279665, 303.37965825397964, 298.774908991456, 298.8349405842066, 305.17130486304757, 298.774908991456, 300.0956040319681, 298.774908991456, 370.1931915998936, 371.04581528618337, 298.774908991456, 298.774908991456, 302.9170888912439, 298.774908991456, 320.46437781944275], "BoFL": [416.7460581358432, 401.1209564022779, 329.20566428887844, 356.68077932057383, 373.11815071494584, 367.7641718158484, 304.9011244064569, 306.9688280631304, 319.20652513329986, 304.9011244064569, 304.9011244064569, 311.6052406538725, 304.9011244064569, 373.76131478359696, 304.9011244064569, 306.64390320279597, 339.75648385465144, 304.9011244064569, 304.9011244064569, 305.04881752479076, 304.9011244064569, 306.17128522412776, 364.82256208109857, 304.9011244064569, 304.9011244064569, 305.04881752479076, 337.6894893266201, 304.9011244064569, 304.9011244064569, 305.69866724545955, 323.9329691403389, 305.61005137445926, 304.9011244064569, 332.67816288187504, 304.9011244064569, 314.9555301955223, 304.9011244064569, 305.9349762347937, 304.9011244064569, 304.9011244064569, 304.9011244064569, 337.0649315937281, 304.9011244064569, 304.9011244064569, 319.8931216151714, 374.83000704166886, 358.11757357122895, 320.1042690277815, 306.2008238477945, 316.9917040207624, 304.9011244064569, 304.9011244064569, 304.9011244064569, 370.02089188034535, 304.9011244064569, 378.3622440339565, 304.9011244064569, 304.9011244064569, 304.9011244064569, 306.9688280631304, 340.6318547833681, 305.9349762347937, 304.9011244064569, 304.9011244064569, 304.9011244064569, 365.6979330098152, 307.3409571550846, 317.41103734433653, 304.9011244064569, 348.8403680482626, 304.9011244064569, 354.6699856294155, 304.9011244064569, 304.9011244064569, 304.9011244064569, 304.9011244064569, 304.9011244064569, 304.9011244064569, 304.9011244064569, 304.9011244064569, 351.22239768760204, 313.40072844283577, 304.9011244064569, 306.82113494479654, 305.019278901124, 304.9011244064569, 304.9011244064569, 304.9011244064569, 304.9011244064569, 305.9349762347937, 304.9011244064569, 304.9011244064569, 304.9011244064569, 371.0895841384172, 371.9500904855251, 304.9011244064569, 304.9011244064569, 304.9011244064569, 304.9011244064569, 323.05147530851366], "phase": [0, 3, 6], "overhead": [[13.919037103652954, 53.75292663693428], [14.668353080749512, 57.076323936700824], [14.260619163513184, 55.876458520174026]], "ddls": [57.56983575085984, 43.931130780706326, 57.62731733529376, 63.46566706013244, 71.98767140343745, 46.023169979605335, 59.05083247236462, 47.95110394841594, 44.399725422634695, 61.28002260236023, 55.684286579339634, 46.44806400795972, 69.61851697664683, 36.93768591333368, 59.559695607373726, 48.435406850976115, 40.81425885361822, 70.56125972189666, 56.12476895457656, 51.00669143407054, 62.684977952490094, 49.22964000669093, 37.965273231283675, 56.47090492387994, 53.32540696044852, 51.006768753348865, 41.09511066975765, 60.995777581607356, 58.543501718380114, 49.991447005856806, 43.099257217425446, 50.10069418851131, 53.89948575828619, 41.82456394413414, 55.327862982882564, 45.568087756793496, 63.92637026025897, 49.58210762029542, 55.82831704132886, 68.92024524875374, 62.27752511356222, 41.19408089826876, 61.503831328695476, 67.15479502129207, 44.213585232228006, 36.81760601585005, 38.72256272362209, 44.16648228823223, 49.19121044274107, 44.97990710346003, 58.96614339205199, 66.78337184374831, 54.688085665668545, 37.3698997752977, 58.29106222588028, 36.418809575844186, 55.066349578128715, 56.43798522846557, 67.94526154425694, 47.958752509931045, 40.71107313566549, 49.58065666480147, 64.14368103479663, 57.98559266001879, 53.27203233873871, 37.85776569354913, 47.62324722517058, 44.893400351612776, 70.97698151771733, 39.77836324115686, 71.11921068000014, 39.118014354635974, 68.21270145914403, 59.39228360829223, 51.24858877902032, 55.06288291713357, 51.412369504335835, 71.51217023574785, 52.90897620440095, 67.64949312437214, 39.50927641670356, 45.99588303979827, 66.27175090025565, 48.19655937925779, 51.05772350514295, 52.83182866757556, 51.341612927973316, 61.48745000942176, 56.0374494631597, 49.58720110136167, 59.703149587084646, 54.70663057724439, 62.10587087060673, 37.24558940103118, 37.14642998562033, 58.99316409849189, 71.50897396588356, 51.82482704191615, 66.84472704504537, 43.320178330073325], "min_ddl": 36.03840251918882}