{"Baseline": [396.08964721441265, 396.08964721441265, 396.08964721441265, 396.08964721441265, 396.08964721441265, 396.08964721441265, 396.08964721441265, 396.08964721441265, 396.08964721441265, 396.08964721441265, 396.08964721441265, 396.08964721441265, 396.08964721441265, 396.08964721441265, 396.08964721441265, 396.08964721441265, 396.08964721441265, 396.08964721441265, 396.08964721441265, 396.08964721441265, 396.08964721441265, 396.08964721441265, 396.08964721441265, 396.08964721441265, 396.08964721441265, 396.08964721441265, 396.08964721441265, 396.08964721441265, 396.08964721441265, 396.08964721441265, 396.08964721441265, 396.08964721441265, 396.08964721441265, 396.08964721441265, 396.08964721441265, 396.08964721441265, 396.08964721441265, 396.08964721441265, 396.08964721441265, 396.08964721441265, 396.08964721441265, 396.08964721441265, 396.08964721441265, 396.08964721441265, 396.08964721441265, 396.08964721441265, 396.08964721441265, 396.08964721441265, 396.08964721441265, 396.08964721441265, 396.08964721441265, 396.08964721441265, 396.08964721441265, 396.08964721441265, 396.08964721441265, 396.08964721441265, 396.08964721441265, 396.08964721441265, 396.08964721441265, 396.08964721441265, 396.08964721441265, 396.08964721441265, 396.08964721441265, 396.08964721441265, 396.08964721441265, 396.08964721441265, 396.08964721441265, 396.08964721441265, 396.08964721441265, 396.08964721441265, 396.08964721441265, 396.08964721441265, 396.08964721441265, 396.08964721441265, 396.08964721441265, 396.08964721441265, 396.08964721441265, 396.08964721441265, 396.08964721441265, 396.08964721441265, 396.08964721441265, 396.08964721441265, 396.08964721441265, 396.08964721441265, 396.08964721441265, 396.08964721441265, 396.08964721441265, 396.08964721441265, 396.08964721441265, 396.08964721441265, 396.08964721441265, 396.08964721441265, 396.08964721441265, 396.08964721441265, 396.08964721441265, 396.08964721441265, 396.08964721441265, 396.08964721441265, 396.08964721441265, 396.08964721441265], "Oracle": [309.011761642313, 346.785441863513, 308.9487284213781, 305.0177351536989, 300.78945807607175, 337.98238388977046, 307.4110923932314, 330.47584483845236, 344.79378889262676, 306.1439130222559, 311.08761410036084, 336.3149647017717, 301.9389000279665, 377.45543635003565, 307.0141413752317, 328.5672790132761, 360.1004513655424, 301.47633066523076, 310.5833483328819, 319.62628677117823, 305.4272543786287, 325.4369419575691, 372.3601693598032, 310.20514900727267, 315.07664965202804, 319.62628677117823, 358.9294115041494, 306.27095766270156, 307.9571722176313, 322.45104393606186, 350.3221897357702, 321.9912561431885, 313.9991040185451, 355.79190545232296, 311.46581342597005, 339.8079206720829, 304.7617856381178, 324.0697743345499, 310.90700210316174, 302.25674137098787, 305.63201399109363, 358.4990504157305, 306.03364587180613, 303.1260923365116, 345.58821776316165, 378.07934659373757, 368.9959674995422, 345.75646872491836, 325.57092574703694, 342.31358001756666, 307.4947205070734, 303.32846835086343, 312.4426492146253, 375.27175049707887, 308.2511191582918, 381.59904685435293, 311.78097953064434, 310.26818222820754, 302.73699411299225, 330.4049323492765, 360.5375293248653, 324.0699042537689, 304.65940583188535, 308.5662852629661, 315.1963769446373, 372.88009456288813, 331.7358496137619, 342.6500819410801, 301.27855250771046, 364.5241056535959, 301.2136471255064, 367.34891494271756, 302.6169309274912, 307.09503810796735, 319.1473776007414, 311.78097953064434, 318.90792301552295, 300.9960779232264, 315.91474070029255, 302.8994055119753, 365.6570638328075, 338.0639942990542, 303.5844178664446, 329.4870972743988, 319.54823493864535, 316.0344679929018, 319.0276503081322, 306.0415332160234, 310.68881988184444, 324.02857261435986, 306.9244930674076, 312.4426492146253, 305.6959353926182, 375.8956607407808, 376.4155859438658, 307.4947205070734, 300.9960779232264, 318.06983196725844, 303.2772784477472, 349.3676083940268], "BoFL": [402.6268676061868, 396.08964721441265, 409.0392360931635, 391.6837841536999, 351.4750132871628, 396.08964721441265, 399.0663698417425, 385.38395383450984, 396.08964721441265, 360.29462078566553, 317.52318433921334, 339.08475547270774, 304.9011244064569, 381.807912751913, 313.02831151964665, 330.8401480448246, 362.4097497139454, 304.9011244064569, 317.01523514463906, 322.9333208138466, 309.39599722602367, 327.6556720986366, 374.3188004360914, 316.5839558816671, 320.31690490937234, 322.9333208138466, 361.25064600634573, 311.2504893386364, 314.22151457448007, 324.4394778320551, 353.0060385784626, 323.9492192029953, 319.63165104911326, 358.205595482254, 317.85382886810305, 342.7566414739609, 307.94881957390305, 326.1382924770832, 317.34587967352866, 304.9011244064569, 309.903946420598, 360.89237009239196, 310.74254014406205, 304.9011244064569, 348.42036941518785, 382.6778743343353, 370.9677748804092, 348.62044932329655, 327.79794609472754, 345.2619810606241, 313.71356537990573, 304.9011244064569, 318.6157526599646, 378.50205873870846, 314.4754891717672, 385.8097360310554, 318.28510813107494, 316.5839558816671, 304.9011244064569, 332.8552290024281, 362.9074510499954, 326.1382924770832, 307.6948449766159, 314.8061337006569, 320.31690490937234, 374.84822009253503, 334.299423313117, 345.4434160840988, 304.9011244064569, 366.75617794172763, 304.9011244064569, 369.4429525518656, 304.9011244064569, 313.20561618533134, 322.67934621655945, 318.28510813107494, 322.4253716192722, 304.9011244064569, 320.82485410394673, 304.9011244064569, 367.7832989342213, 341.0503841219425, 305.1550990037441, 331.82810800993445, 322.9333208138466, 320.82485410394673, 322.60267628495694, 310.74254014406205, 317.0919050762415, 326.1382924770832, 312.77433692235945, 318.6157526599646, 309.9806163522005, 379.5460126376152, 380.241981903553, 313.71356537990573, 304.9011244064569, 321.9174224246979, 304.9011244064569, 352.1529099024534], "phase": [0, 4, 10], "overhead": [[12.95587944984436, 48.946909849882125], [13.577141761779785, 51.90586698770523], [14.052970170974731, 60.465348373889924], [13.642492771148682, 55.52125679516792], [13.429171323776245, 55.32783543539047], [13.408204078674316, 55.63371130132675]],