{"Baseline": [396.08964721441265, 396.08964721441265, 396.08964721441265, 396.08964721441265, 396.08964721441265, 396.08964721441265, 396.08964721441265, 396.08964721441265, 396.08964721441265, 396.08964721441265, 396.08964721441265, 396.08964721441265, 396.08964721441265, 396.08964721441265, 396.08964721441265, 396.08964721441265, 396.08964721441265, 396.08964721441265, 396.08964721441265, 396.08964721441265, 396.08964721441265, 396.08964721441265, 396.08964721441265, 396.08964721441265, 396.08964721441265, 396.08964721441265, 396.08964721441265, 396.08964721441265, 396.08964721441265, 396.08964721441265, 396.08964721441265, 396.08964721441265, 396.08964721441265, 396.08964721441265, 396.08964721441265, 396.08964721441265, 396.08964721441265, 396.08964721441265, 396.08964721441265, 396.08964721441265, 396.08964721441265, 396.08964721441265, 396.08964721441265, 396.08964721441265, 396.08964721441265, 396.08964721441265, 396.08964721441265, 396.08964721441265, 396.08964721441265, 396.08964721441265, 396.08964721441265, 396.08964721441265, 396.08964721441265, 396.08964721441265, 396.08964721441265, 396.08964721441265, 396.08964721441265, 396.08964721441265, 396.08964721441265, 396.08964721441265, 396.08964721441265, 396.08964721441265, 396.08964721441265, 396.08964721441265, 396.08964721441265, 396.08964721441265, 396.08964721441265, 396.08964721441265, 396.08964721441265, 396.08964721441265, 396.08964721441265, 396.08964721441265, 396.08964721441265, 396.08964721441265, 396.08964721441265, 396.08964721441265, 396.08964721441265, 396.08964721441265, 396.08964721441265, 396.08964721441265, 396.08964721441265, 396.08964721441265, 396.08964721441265, 396.08964721441265, 396.08964721441265, 396.08964721441265, 396.08964721441265, 396.08964721441265, 396.08964721441265, 396.08964721441265, 396.08964721441265, 396.08964721441265, 396.08964721441265, 396.08964721441265, 396.08964721441265, 396.08964721441265, 396.08964721441265, 396.08964721441265, 396.08964721441265, 396.08964721441265], "Oracle": [298.774908991456, 298.774908991456, 298.774908991456, 298.774908991456, 298.774908991456, 298.774908991456, 298.774908991456, 298.774908991456, 298.774908991456, 298.774908991456, 298.774908991456, 298.774908991456, 298.774908991456, 357.4506099090815, 298.774908991456, 298.774908991456, 304.4034563163042, 298.774908991456, 298.774908991456, 298.774908991456, 298.774908991456, 298.774908991456, 331.81746002304556, 298.774908991456, 298.774908991456, 298.774908991456, 303.53322796332833, 298.774908991456, 298.774908991456, 298.774908991456, 298.774908991456, 298.774908991456, 298.774908991456, 301.3897740035772, 298.774908991456, 298.774908991456, 298.774908991456, 298.774908991456, 298.774908991456, 298.774908991456, 298.774908991456, 303.2172468549967, 298.774908991456, 298.774908991456, 298.774908991456, 360.53081245396135, 317.47119550421235, 298.774908991456, 298.774908991456, 298.774908991456, 298.774908991456, 298.774908991456, 298.774908991456, 346.35508077509405, 298.774908991456, 370.7174118532181, 298.774908991456, 298.774908991456, 298.774908991456, 298.774908991456, 304.71059573500156, 298.774908991456, 298.774908991456, 298.774908991456, 298.774908991456, 334.31607373344895, 298.774908991456, 298.774908991456, 298.774908991456, 308.0329369369745, 298.774908991456, 312.80183109245297, 298.774908991456, 298.774908991456, 298.774908991456, 298.774908991456, 298.774908991456, 298.774908991456, 298.774908991456, 298.774908991456, 309.78513562474245, 298.774908991456, 298.774908991456, 298.774908991456, 298.774908991456, 298.774908991456, 298.774908991456, 298.774908991456, 298.774908991456, 298.774908991456, 298.774908991456, 298.774908991456, 298.774908991456, 349.5358593557835, 352.1099273957491, 298.774908991456, 298.774908991456, 298.774908991456, 298.774908991456, 298.774908991456], "BoFL": [378.4935043123245, 356.68077932057383, 373.11815071494584, 367.2163905893326, 304.9011244064569, 304.9011244064569, 304.9011244064569, 304.9011244064569, 304.9011244064569, 304.9011244064569, 304.9011244064569, 304.9011244064569, 304.9011244064569, 358.05709113059044, 304.9011244064569, 304.9011244064569, 305.4623582561254, 304.9011244064569, 304.9011244064569, 304.9011244064569, 304.9011244064569, 304.9011244064569, 332.6930274634838, 304.9011244064569, 304.9011244064569, 304.9011244064569, 304.9306630301237, 304.9011244064569, 304.9011244064569, 304.9011244064569, 304.9011244064569, 304.9011244064569, 304.9011244064569, 304.9011244064569, 304.9011244064569, 304.9011244064569, 304.9011244064569, 304.9011244064569, 304.9011244064569, 304.9011244064569, 304.9011244064569, 304.9011244064569, 304.9011244064569, 304.9011244064569, 304.9011244064569, 361.13032901608943, 320.34199356241226, 304.9011244064569, 304.9011244064569, 304.9011244064569, 304.9011244064569, 304.9011244064569, 304.9011244064569, 346.61281613178255, 304.9011244064569, 371.6239302674532, 304.9011244064569, 304.9011244064569, 304.9011244064569, 304.9011244064569, 305.63958999812604, 304.9011244064569, 304.9011244064569, 304.9011244064569, 304.9011244064569, 334.96820790247915, 304.9011244064569, 304.9011244064569, 304.9011244064569, 308.6875729968071, 304.9011244064569, 315.8695241526604, 304.9011244064569, 304.9011244064569, 304.9011244064569, 304.9011244064569, 304.9011244064569, 304.9011244064569, 304.9011244064569, 304.9011244064569, 311.6052406538725, 304.9011244064569, 304.9011244064569, 304.9011244064569, 304.9011244064569, 304.9011244064569, 304.9011244064569, 304.9011244064569, 304.9011244064569, 304.9011244064569, 304.9011244064569, 304.9011244064569, 304.9011244064569, 349.9090603063345, 352.5326011132717, 304.9011244064569, 304.9011244064569, 304.9011244064569, 304.9011244064569, 304.9011244064569], "phase": [0, 1, 4], "overhead": [[13.733192920684814, 52.63372801685333], [14.442643642425537, 55.73709890389443], [14.099435091018677, 55.27366174173355]], "ddls": [100.63270221420186, 59.71658730374134, 100.80514696750365, 118.3201961420197, 143.88620917193467, 65.99270490043837, 105.0756923787162, 71.77650680687019, 61.122371229526436, 111.76326276870309, 94.97605469964124, 67.26738698550152, 136.77874589156286, 38.73625270162341, 106.60228178374356, 73.2294155145507, 50.36597152247701, 139.60697412731233, 96.29750182535204, 80.943269263834, 115.97812881909265, 75.61211498169514, 41.819014655473374, 97.3359097332622, 87.89941584296791, 80.94350122166892, 51.208526970895306, 110.91052770644443, 103.55370011676268, 77.89753597919278, 57.220966613898675, 78.2252775271563, 89.62165223648093, 53.396886794024795, 93.90678391027004, 64.62745823200285, 119.70230574239926, 76.6695178225086, 95.4081460856089, 134.68393070788358, 114.75577030230902, 51.50543765642863, 112.43468894770879, 129.3875800254986, 60.56395065830637, 38.37601300917251, 44.09088313248862, 60.42264182631906, 75.49682628984556, 62.862916272002465, 104.82162513777833, 128.27331049286727, 91.987451958628, 40.03289428751545, 102.79638163926319, 37.179623689154916, 93.12224369600848, 97.23715064701909, 131.75897959439314, 71.79945249141551, 50.05641436861882, 76.66516495602674, 120.35423806601226, 101.87997294167872, 87.7392919778385, 41.49649204226975, 70.79293663713408, 62.60339601646068, 140.85413951477437, 47.25828468509291, 141.28082700162278, 45.27723802553027, 132.56129933905444, 106.10004578649902, 81.66896129868333, 93.11184371302308, 82.16030347462987, 142.4597056688659, 86.65012357482522, 130.87167433473877, 46.451024211733014, 65.91084408101717, 126.73844766238932, 72.51287309939572, 81.09636547705121, 86.41868096434902, 81.94803374554232, 112.38554498988763, 96.03554335110145, 76.68479826570736, 107.03264372287629, 92.04308669335552, 114.24080757344254, 39.659963164715904, 39.36248491848333, 104.90268725709802, 142.45011685927304, 83.39767608737081, 128.4573760967585, 57.883729951842334], "min_ddl": 36.03840251918882}