{"Baseline": [396.08964721441265, 396.08964721441265, 396.08964721441265, 396.08964721441265, 396.08964721441265, 396.08964721441265, 396.08964721441265, 396.08964721441265, 396.08964721441265, 396.08964721441265, 396.08964721441265, 396.08964721441265, 396.08964721441265, 396.08964721441265, 396.08964721441265, 396.08964721441265, 396.08964721441265, 396.08964721441265, 396.08964721441265, 396.08964721441265, 396.08964721441265, 396.08964721441265, 396.08964721441265, 396.08964721441265, 396.08964721441265, 396.08964721441265, 396.08964721441265, 396.08964721441265, 396.08964721441265, 396.08964721441265, 396.08964721441265, 396.08964721441265, 396.08964721441265, 396.08964721441265, 396.08964721441265, 396.08964721441265, 396.08964721441265, 396.08964721441265, 396.08964721441265, 396.08964721441265, 396.08964721441265, 396.08964721441265, 396.08964721441265, 396.08964721441265, 396.08964721441265, 396.08964721441265, 396.08964721441265, 396.08964721441265, 396.08964721441265, 396.08964721441265, 396.08964721441265, 396.08964721441265, 396.08964721441265, 396.08964721441265, 396.08964721441265, 396.08964721441265, 396.08964721441265, 396.08964721441265, 396.08964721441265, 396.08964721441265, 396.08964721441265, 396.08964721441265, 396.08964721441265, 396.08964721441265, 396.08964721441265, 396.08964721441265, 396.08964721441265, 396.08964721441265, 396.08964721441265, 396.08964721441265, 396.08964721441265, 396.08964721441265, 396.08964721441265, 396.08964721441265, 396.08964721441265, 396.08964721441265, 396.08964721441265, 396.08964721441265, 396.08964721441265, 396.08964721441265, 396.08964721441265, 396.08964721441265, 396.08964721441265, 396.08964721441265, 396.08964721441265, 396.08964721441265, 396.08964721441265, 396.08964721441265, 396.08964721441265, 396.08964721441265, 396.08964721441265, 396.08964721441265, 396.08964721441265, 396.08964721441265, 396.08964721441265, 396.08964721441265, 396.08964721441265, 396.08964721441265, 396.08964721441265, 396.08964721441265], "Oracle": [309.011761642313, 346.785441863513, 308.9487284213781, 305.0177351536989, 300.78945807607175, 337.98238388977046, 307.4110923932314, 330.47584483845236, 344.79378889262676, 306.1439130222559, 311.08761410036084, 336.3149647017717, 301.9389000279665, 377.45543635003565, 307.0141413752317, 328.5672790132761, 360.1004513655424, 301.47633066523076, 310.5833483328819, 319.62628677117823, 305.4272543786287, 325.4369419575691, 372.3601693598032, 310.20514900727267, 315.07664965202804, 319.62628677117823, 358.9294115041494, 306.27095766270156, 307.9571722176313, 322.45104393606186, 350.3221897357702, 321.9912561431885, 313.9991040185451, 355.79190545232296, 311.46581342597005, 339.8079206720829, 304.7617856381178, 324.0697743345499, 310.90700210316174, 302.25674137098787, 305.63201399109363, 358.4990504157305, 306.03364587180613, 303.1260923365116, 345.58821776316165, 378.07934659373757, 368.9959674995422, 345.75646872491836, 325.57092574703694, 342.31358001756666, 307.4947205070734, 303.32846835086343, 312.4426492146253, 375.27175049707887, 308.2511191582918, 381.59904685435293, 311.78097953064434, 310.26818222820754, 302.73699411299225, 330.4049323492765, 360.5375293248653, 324.0699042537689, 304.65940583188535, 308.5662852629661, 315.1963769446373, 372.88009456288813, 331.7358496137619, 342.6500819410801, 301.27855250771046, 364.5241056535959, 301.2136471255064, 367.34891494271756, 302.6169309274912, 307.09503810796735, 319.1473776007414, 311.78097953064434, 318.90792301552295, 300.9960779232264, 315.91474070029255, 302.8994055119753, 365.6570638328075, 338.0639942990542, 303.5844178664446, 329.4870972743988, 319.54823493864535, 316.0344679929018, 319.0276503081322, 306.0415332160234, 310.68881988184444, 324.02857261435986, 306.9244930674076, 312.4426492146253, 305.6959353926182, 375.8956607407808, 376.4155859438658, 307.4947205070734, 300.9960779232264, 318.06983196725844, 303.2772784477472, 349.3676083940268], "BoFL": [402.6268676061868, 396.08964721441265, 409.0392360931635, 391.6837841536999, 351.4750132871628, 396.08964721441265, 399.0663698417425, 383.2179659553528, 396.08964721441265, 341.9416902797222, 317.28410772821906, 339.08475547270774, 303.88196428120136, 381.807912751913, 312.69524379343994, 330.8401480448246, 362.4097497139454, 303.5965994461298, 316.78106273088457, 322.85193207957747, 309.15201641778947, 327.6556720986366, 374.28857721073626, 316.35940646781927, 320.095149481988, 322.85193207957747, 361.25064600634573, 311.0530695028782, 313.85659846751696, 324.4394778320551, 353.0060385784626, 323.9492192029953, 319.41951862163546, 358.205595482254, 317.7057639912844, 342.7566414739609, 307.73668714642525, 326.1382924770832, 317.0892964843512, 304.1265627112627, 309.63283603427413, 360.8547041600466, 310.48595695488456, 304.6972923814058, 348.42036941518785, 382.6778743343353, 370.9677748804092, 348.62044932329655, 327.79794609472754, 345.2619810606241, 313.3757788510323, 304.81959159643645, 318.46768778314595, 378.50205873870846, 314.16483222098356, 385.8097360310554, 318.0460315200806, 316.35940646781927, 304.41192754633425, 332.8552290024281, 362.86978511765, 326.1382924770832, 307.5098421272278, 314.53222932786946, 320.15431283540727, 374.84822009253503, 334.299423313117, 345.4434160840988, 303.4335338260889, 366.75617794172763, 303.3927674210787, 369.4429525518656, 304.33039473631385, 312.8678296564579, 322.57082790420054, 318.0460315200806, 322.40314623842244, 303.270468206048, 320.5759690984726, 304.5342267613649, 367.7832989342213, 341.0503841219425, 305.1279694256544, 331.82810800993445, 322.82480250148774, 320.71652118616106, 322.4574053946018, 310.5130865329743, 316.86245146515375, 326.1382924770832, 312.5275621276617, 318.46768778314595, 309.80542189729215, 379.5460126376152, 380.241981903553, 313.3215196948529, 303.270468206048, 321.8951970438481, 304.7788251914263, 352.1226866770983], "observations": [[2035200, 1300500000, 1866000000], [1881600, 114750000, 665600000], [960000, 318750000, 1600000000], [960000, 216750000, 1866000000], [1267200, 522750000, 1866000000], [806400, 216750000, 1866000000], [499200, 420750000, 408000000], [1728000, 114750000, 408000000], [1267200, 828750000, 665600000], [1728000, 1032750000, 1331200000], [1881600, 1134750000, 1866000000], [1267200, 1032750000, 1600000000], [1881600, 1236750000, 1331200000], [1881600, 930750000, 1600000000], [2035200, 1032750000, 800000000], [1420800, 1300500000, 1866000000], [1113600, 828750000, 1331200000], [1267200, 1032750000, 800000000], [2035200, 1032750000, 1600000000], [345600, 828750000, 1866000000], [499200, 1236750000, 1866000000], [2035200, 828750000, 1866000000], [345600, 930750000, 1866000000], [1728000, 1032750000, 1866000000], [1574400, 828750000, 1331200000], [1574400, 1134750000, 1600000000], [1574400, 1032750000, 1600000000], [1728000, 1236750000, 1866000000], [1113600, 726750000, 1331200000], [1267200, 930750000, 1331200000], [1420800, 1300500000, 1600000000], [1420800, 828750000, 1600000000], [1574400, 1236750000, 1600000000], [1267200, 1032750000, 1331200000]], "ob_round_counter": [3, 3, 6, 10, 19, 19, 23, 25, 25, 34], "phase": [0, 4, 10], "overhead": [[12.865780353546143, 49.3484784014225], [13.476359605789185, 51.773127879858016], [12.904857635498047, 49.523398735046385], [13.054469108581543, 50.23659611749649], [12.98673677444458, 50.06068279647827], [12.961116552352905, 49.97308946108818]],