{"Baseline": [396.08964721441265, 396.08964721441265, 396.08964721441265, 396.08964721441265, 396.08964721441265, 396.08964721441265, 396.08964721441265, 396.08964721441265, 396.08964721441265, 396.08964721441265, 396.08964721441265, 396.08964721441265, 396.08964721441265, 396.08964721441265, 396.08964721441265, 396.08964721441265, 396.08964721441265, 396.08964721441265, 396.08964721441265, 396.08964721441265, 396.08964721441265, 396.08964721441265, 396.08964721441265, 396.08964721441265, 396.08964721441265, 396.08964721441265, 396.08964721441265, 396.08964721441265, 396.08964721441265, 396.08964721441265, 396.08964721441265, 396.08964721441265, 396.08964721441265, 396.08964721441265, 396.08964721441265, 396.08964721441265, 396.08964721441265, 396.08964721441265, 396.08964721441265, 396.08964721441265, 396.08964721441265, 396.08964721441265, 396.08964721441265, 396.08964721441265, 396.08964721441265, 396.08964721441265, 396.08964721441265, 396.08964721441265, 396.08964721441265, 396.08964721441265, 396.08964721441265, 396.08964721441265, 396.08964721441265, 396.08964721441265, 396.08964721441265, 396.08964721441265, 396.08964721441265, 396.08964721441265, 396.08964721441265, 396.08964721441265, 396.08964721441265, 396.08964721441265, 396.08964721441265, 396.08964721441265, 396.08964721441265, 396.08964721441265, 396.08964721441265, 396.08964721441265, 396.08964721441265, 396.08964721441265, 396.08964721441265, 396.08964721441265, 396.08964721441265, 396.08964721441265, 396.08964721441265, 396.08964721441265, 396.08964721441265, 396.08964721441265, 396.08964721441265, 396.08964721441265, 396.08964721441265, 396.08964721441265, 396.08964721441265, 396.08964721441265, 396.08964721441265, 396.08964721441265, 396.08964721441265, 396.08964721441265, 396.08964721441265, 396.08964721441265, 396.08964721441265, 396.08964721441265, 396.08964721441265, 396.08964721441265, 396.08964721441265, 396.08964721441265, 396.08964721441265, 396.08964721441265, 396.08964721441265, 396.08964721441265], "Oracle": [298.774908991456, 306.9117615689993, 298.774908991456, 298.774908991456, 298.774908991456, 303.7379875757932, 298.774908991456, 300.87601473772526, 306.1951029253721, 298.774908991456, 298.774908991456, 303.0706586005926, 298.774908991456, 368.97650013148785, 298.774908991456, 300.1556356247187, 321.0734210683107, 298.774908991456, 298.774908991456, 298.774908991456, 298.774908991456, 299.0150353624582, 355.8035573522568, 298.774908991456, 298.774908991456, 298.774908991456, 319.26710489335056, 298.774908991456, 298.774908991456, 298.774908991456, 309.3899609679222, 298.774908991456, 298.774908991456, 314.95692235941885, 298.774908991456, 304.4034563163042, 298.774908991456, 298.774908991456, 298.774908991456, 298.774908991456, 298.774908991456, 318.66846843030453, 298.774908991456, 298.774908991456, 306.5022423440695, 370.529693523407, 346.0929706484318, 306.5534322471857, 299.0750669552088, 305.32487457239625, 298.774908991456, 298.774908991456, 298.774908991456, 363.4012733500957, 298.774908991456, 376.2407625157833, 298.774908991456, 298.774908991456, 298.774908991456, 300.87601473772526, 322.1979326077938, 298.774908991456, 298.774908991456, 298.774908991456, 298.774908991456, 357.2079671504736, 301.35626747972964, 305.4442297098398, 298.774908991456, 333.15340743072034, 298.774908991456, 341.0224967523098, 298.774908991456, 298.774908991456, 298.774908991456, 298.774908991456, 298.774908991456, 298.774908991456, 298.774908991456, 298.774908991456, 336.3149647017717, 303.7638826880455, 298.774908991456, 300.51582518122194, 298.774908991456, 298.774908991456, 298.774908991456, 298.774908991456, 298.774908991456, 298.774908991456, 298.774908991456, 298.774908991456, 298.774908991456, 365.028858538866, 366.3118433135748, 298.774908991456, 298.774908991456, 298.774908991456, 298.774908991456, 308.69235170483586], "BoFL": [378.4935043123245, 363.9338809861422, 380.06454494824413, 342.47198554630273, 304.9011244064569, 305.41962009215354, 304.9011244064569, 304.9011244064569, 310.81197522339824, 304.9011244064569, 304.9011244064569, 304.9011244064569, 304.9011244064569, 374.24410232253075, 304.9011244064569, 304.9011244064569, 323.6486682826996, 304.9011244064569, 304.9011244064569, 304.9011244064569, 304.9011244064569, 304.9011244064569, 359.63757721893785, 304.9011244064569, 304.9011244064569, 304.9011244064569, 322.59674006166455, 304.9011244064569, 304.9011244064569, 304.9011244064569, 315.3263951604367, 304.9011244064569, 304.9011244064569, 319.98493442502024, 304.9011244064569, 306.9179843351126, 304.9011244064569, 304.9011244064569, 304.9011244064569, 304.9011244064569, 304.9011244064569, 322.29618914136887, 304.9011244064569, 304.9011244064569, 311.43417004623416, 375.8983179887056, 348.89489207537173, 311.53786918337346, 304.9011244064569, 308.8416916177511, 304.9011244064569, 304.9011244064569, 304.9011244064569, 368.09532512800695, 304.9011244064569, 382.2503881315231, 304.9011244064569, 304.9011244064569, 304.9011244064569, 304.9011244064569, 324.19583061680794, 304.9011244064569, 304.9011244064569, 304.9011244064569, 304.9011244064569, 361.19244646441933, 304.9011244064569, 309.1527890291691, 304.9011244064569, 335.2933442383766, 304.9011244064569, 343.3020237069845, 304.9011244064569, 304.9011244064569, 304.9011244064569, 304.9011244064569, 304.9011244064569, 304.9011244064569, 304.9011244064569, 304.9011244064569, 338.4992926179409, 305.52331922929284, 304.9011244064569, 304.9011244064569, 304.9011244064569, 304.9011244064569, 304.9011244064569, 304.9011244064569, 304.9011244064569, 304.9011244064569, 304.9011244064569, 304.9011244064569, 304.9011244064569, 369.85539252176284, 371.24872954649925, 304.9011244064569, 304.9011244064569, 304.9011244064569, 304.9011244064569, 314.52844153668883], "observations": [[2035200, 1300500000, 1866000000], [1881600, 114750000, 665600000], [960000, 318750000, 1600000000], [960000, 216750000, 1866000000], [1267200, 522750000, 1866000000], [806400, 216750000, 1866000000], [499200, 420750000, 408000000], [1728000, 114750000, 408000000], [1267200, 828750000, 665600000], [1728000, 1032750000, 1331200000], [1881600, 1134750000, 1866000000], [1267200, 1032750000, 1600000000], [1881600, 1236750000, 1331200000], [1881600, 930750000, 1600000000], [2035200, 1032750000, 800000000], [1420800, 1300500000, 1866000000], [1113600, 828750000, 1331200000], [1267200, 1032750000, 800000000], [345600, 828750000, 1866000000], [2035200, 828750000, 1866000000], [2035200, 1032750000, 1866000000], [1113600, 1236750000, 1866000000], [345600, 930750000, 1866000000], [806400, 726750000, 1866000000], [960000, 828750000, 1600000000], [345600, 1134750000, 1866000000], [2035200, 1236750000, 1866000000], [345600, 1300500000, 408000000], [1420800, 828750000, 1866000000], [1420800, 1032750000, 1866000000], [1420800, 930750000, 1866000000], [1574400, 930750000, 1866000000], [1574400, 1032750000, 1866000000], [1267200, 828750000, 1866000000], [1420800, 930750000, 1866000000], [1420800, 930750000, 1866000000], [1420800, 930750000, 1866000000]], "ob_round_counter": [10, 18, 28, 37], "phase": [0, 1, 4], "overhead": [[14.282023191452026, 54.91513575005531], [14.015892028808594, 53.953453835964204], [14.054649591445923, 54.049478719234465]],