{"Baseline": [396.08964721441265, 396.08964721441265, 396.08964721441265, 396.08964721441265, 396.08964721441265, 396.08964721441265, 396.08964721441265, 396.08964721441265, 396.08964721441265, 396.08964721441265, 396.08964721441265, 396.08964721441265, 396.08964721441265, 396.08964721441265, 396.08964721441265, 396.08964721441265, 396.08964721441265, 396.08964721441265, 396.08964721441265, 396.08964721441265, 396.08964721441265, 396.08964721441265, 396.08964721441265, 396.08964721441265, 396.08964721441265, 396.08964721441265, 396.08964721441265, 396.08964721441265, 396.08964721441265, 396.08964721441265, 396.08964721441265, 396.08964721441265, 396.08964721441265, 396.08964721441265, 396.08964721441265, 396.08964721441265, 396.08964721441265, 396.08964721441265, 396.08964721441265, 396.08964721441265, 396.08964721441265, 396.08964721441265, 396.08964721441265, 396.08964721441265, 396.08964721441265, 396.08964721441265, 396.08964721441265, 396.08964721441265, 396.08964721441265, 396.08964721441265, 396.08964721441265, 396.08964721441265, 396.08964721441265, 396.08964721441265, 396.08964721441265, 396.08964721441265, 396.08964721441265, 396.08964721441265, 396.08964721441265, 396.08964721441265, 396.08964721441265, 396.08964721441265, 396.08964721441265, 396.08964721441265, 396.08964721441265, 396.08964721441265, 396.08964721441265, 396.08964721441265, 396.08964721441265, 396.08964721441265, 396.08964721441265, 396.08964721441265, 396.08964721441265, 396.08964721441265, 396.08964721441265, 396.08964721441265, 396.08964721441265, 396.08964721441265, 396.08964721441265, 396.08964721441265, 396.08964721441265, 396.08964721441265, 396.08964721441265, 396.08964721441265, 396.08964721441265, 396.08964721441265, 396.08964721441265, 396.08964721441265, 396.08964721441265, 396.08964721441265, 396.08964721441265, 396.08964721441265, 396.08964721441265, 396.08964721441265, 396.08964721441265, 396.08964721441265, 396.08964721441265, 396.08964721441265, 396.08964721441265, 396.08964721441265], "Oracle": [298.774908991456, 302.9170888912439, 298.774908991456, 298.774908991456, 298.774908991456, 298.8349405842066, 298.774908991456, 298.774908991456, 302.0166149999857, 298.774908991456, 298.774908991456, 298.774908991456, 298.774908991456, 365.1227177037716, 298.774908991456, 298.774908991456, 311.65491308877466, 298.774908991456, 298.774908991456, 298.774908991456, 298.774908991456, 298.774908991456, 347.5523048754454, 298.774908991456, 298.774908991456, 298.774908991456, 310.45728189101214, 298.774908991456, 298.774908991456, 298.774908991456, 304.6082159287691, 298.774908991456, 298.774908991456, 307.259562954545, 298.774908991456, 299.73541447546484, 298.774908991456, 298.774908991456, 298.774908991456, 298.774908991456, 298.774908991456, 310.0160493444681, 298.774908991456, 298.774908991456, 302.36796286685467, 367.18066398096084, 335.06565784657, 302.4368361492395, 298.774908991456, 300.87601473772526, 298.774908991456, 298.774908991456, 298.774908991456, 357.7423132795095, 298.774908991456, 374.33588513152597, 298.774908991456, 298.774908991456, 298.774908991456, 298.774908991456, 312.3229219220161, 298.774908991456, 298.774908991456, 298.774908991456, 298.774908991456, 349.407327513504, 298.774908991456, 301.02958444707394, 298.774908991456, 319.66796223125453, 298.774908991456, 328.81912357056143, 298.774908991456, 298.774908991456, 298.774908991456, 298.774908991456, 298.774908991456, 298.774908991456, 298.774908991456, 298.774908991456, 322.7408402563095, 298.89497217695714, 298.774908991456, 298.774908991456, 298.774908991456, 298.774908991456, 298.774908991456, 298.774908991456, 298.774908991456, 298.774908991456, 298.774908991456, 298.774908991456, 298.774908991456, 359.8645254778385, 361.5778713409662, 298.774908991456, 298.774908991456, 298.774908991456, 298.774908991456, 304.1475068007231], "BoFL": [378.4935043123245, 356.68077932057383, 373.11815071494584, 356.8568265261412, 304.9011244064569, 304.9011244064569, 304.9011244064569, 304.9011244064569, 304.9011244064569, 304.9011244064569, 304.9011244064569, 304.9011244064569, 304.9011244064569, 365.93944417741295, 304.9011244064569, 304.9011244064569, 314.74734428455827, 304.9011244064569, 304.9011244064569, 304.9011244064569, 304.9011244064569, 304.9011244064569, 347.9045146789074, 304.9011244064569, 304.9011244064569, 304.9011244064569, 312.7274205219746, 304.9011244064569, 304.9011244064569, 304.9011244064569, 305.5805127507925, 304.9011244064569, 304.9011244064569, 307.5358545050383, 304.9011244064569, 304.9011244064569, 304.9011244064569, 304.9011244064569, 304.9011244064569, 304.9011244064569, 304.9011244064569, 312.05411260111333, 304.9011244064569, 304.9011244064569, 304.9011244064569, 368.0286388553142, 335.5927656353712, 304.9011244064569, 304.9011244064569, 304.9011244064569, 304.9011244064569, 304.9011244064569, 304.9011244064569, 358.26527704155444, 304.9011244064569, 375.02332837102415, 304.9011244064569, 304.9011244064569, 304.9011244064569, 304.9011244064569, 315.6155495553732, 304.9011244064569, 304.9011244064569, 304.9011244064569, 304.9011244064569, 349.71573897697925, 304.9011244064569, 304.9011244064569, 304.9011244064569, 322.3781673876524, 304.9011244064569, 329.98661062095164, 304.9011244064569, 304.9011244064569, 304.9011244064569, 304.9011244064569, 304.9011244064569, 304.9011244064569, 304.9011244064569, 304.9011244064569, 324.57377693588734, 304.9011244064569, 304.9011244064569, 304.9011244064569, 304.9011244064569, 304.9011244064569, 304.9011244064569, 304.9011244064569, 304.9011244064569, 304.9011244064569, 304.9011244064569, 304.9011244064569, 304.9011244064569, 360.5058154867172, 362.1990212741613, 304.9011244064569, 304.9011244064569, 304.9011244064569, 304.9011244064569, 305.3146651377916], "observations": [[2035200, 1300500000, 1866000000], [1881600, 114750000, 665600000], [960000, 318750000, 1600000000], [960000, 216750000, 1866000000], [1267200, 522750000, 1866000000], [806400, 216750000, 1866000000], [499200, 420750000, 408000000], [1728000, 114750000, 408000000], [1267200, 828750000, 665600000], [1728000, 1032750000, 1331200000], [1881600, 1134750000, 1866000000], [1267200, 1032750000, 1600000000], [1881600, 1236750000, 1331200000], [1881600, 930750000, 1600000000], [2035200, 1032750000, 800000000], [1420800, 1300500000, 1866000000], [1113600, 828750000, 1331200000], [1267200, 1032750000, 800000000], [2035200, 1032750000, 1600000000], [345600, 828750000, 1866000000], [499200, 1236750000, 1866000000], [2035200, 828750000, 1866000000], [345600, 930750000, 1866000000], [345600, 1134750000, 1600000000], [652800, 726750000, 1866000000], [806400, 828750000, 1600000000], [1574400, 1236750000, 1866000000], [1113600, 1032750000, 1866000000], [960000, 1236750000, 1600000000], [960000, 726750000, 1600000000], [1113600, 828750000, 1866000000], [1113600, 1236750000, 1866000000], [1267200, 1236750000, 1600000000], [960000, 1300500000, 1866000000], [960000, 726750000, 1866000000], [1574400, 930750000, 1866000000], [1113600, 1300500000, 1866000000]], "ob_round_counter": [10, 19, 29, 37], "phase": [0, 1, 4], "overhead": [[13.769010543823242, 52.87934401011467], [14.473528861999512, 55.59468662238121], [14.070992946624756, 53.888015897274016]],