{"Baseline": [396.08964721441265, 396.08964721441265, 396.08964721441265, 396.08964721441265, 396.08964721441265, 396.08964721441265, 396.08964721441265, 396.08964721441265, 396.08964721441265, 396.08964721441265, 396.08964721441265, 396.08964721441265, 396.08964721441265, 396.08964721441265, 396.08964721441265, 396.08964721441265, 396.08964721441265, 396.08964721441265, 396.08964721441265, 396.08964721441265, 396.08964721441265, 396.08964721441265, 396.08964721441265, 396.08964721441265, 396.08964721441265, 396.08964721441265, 396.08964721441265, 396.08964721441265, 396.08964721441265, 396.08964721441265, 396.08964721441265, 396.08964721441265, 396.08964721441265, 396.08964721441265, 396.08964721441265, 396.08964721441265, 396.08964721441265, 396.08964721441265, 396.08964721441265, 396.08964721441265, 396.08964721441265, 396.08964721441265, 396.08964721441265, 396.08964721441265, 396.08964721441265, 396.08964721441265, 396.08964721441265, 396.08964721441265, 396.08964721441265, 396.08964721441265, 396.08964721441265, 396.08964721441265, 396.08964721441265, 396.08964721441265, 396.08964721441265, 396.08964721441265, 396.08964721441265, 396.08964721441265, 396.08964721441265, 396.08964721441265, 396.08964721441265, 396.08964721441265, 396.08964721441265, 396.08964721441265, 396.08964721441265, 396.08964721441265, 396.08964721441265, 396.08964721441265, 396.08964721441265, 396.08964721441265, 396.08964721441265, 396.08964721441265, 396.08964721441265, 396.08964721441265, 396.08964721441265, 396.08964721441265, 396.08964721441265, 396.08964721441265, 396.08964721441265, 396.08964721441265, 396.08964721441265, 396.08964721441265, 396.08964721441265, 396.08964721441265, 396.08964721441265, 396.08964721441265, 396.08964721441265, 396.08964721441265, 396.08964721441265, 396.08964721441265, 396.08964721441265, 396.08964721441265, 396.08964721441265, 396.08964721441265, 396.08964721441265, 396.08964721441265, 396.08964721441265, 396.08964721441265, 396.08964721441265, 396.08964721441265], "Oracle": [298.774908991456, 299.0750669552088, 298.774908991456, 298.774908991456, 298.774908991456, 298.774908991456, 298.774908991456, 298.774908991456, 298.774908991456, 298.774908991456, 298.774908991456, 298.774908991456, 298.774908991456, 361.2826145611525, 298.774908991456, 298.774908991456, 306.8093817627668, 298.774908991456, 298.774908991456, 298.774908991456, 298.774908991456, 298.774908991456, 339.3549766143322, 298.774908991456, 298.774908991456, 298.774908991456, 306.09272311913963, 298.774908991456, 298.774908991456, 298.774908991456, 301.1024256296396, 298.774908991456, 298.774908991456, 304.2498866069555, 298.774908991456, 298.774908991456, 298.774908991456, 298.774908991456, 298.774908991456, 298.774908991456, 298.774908991456, 305.8367736035585, 298.774908991456, 298.774908991456, 298.774908991456, 363.8316344385147, 324.5191068826914, 298.774908991456, 298.774908991456, 298.774908991456, 298.774908991456, 298.774908991456, 298.774908991456, 352.0436340894461, 298.774908991456, 372.46415440042017, 298.774908991456, 298.774908991456, 298.774908991456, 298.774908991456, 307.09547022340297, 298.774908991456, 298.774908991456, 298.774908991456, 298.774908991456, 341.6211088024855, 298.774908991456, 298.774908991456, 298.774908991456, 312.3229219220161, 298.774908991456, 318.7881957229137, 298.774908991456, 298.774908991456, 298.774908991456, 298.774908991456, 298.774908991456, 298.774908991456, 298.774908991456, 298.774908991456, 314.95692235941885, 298.774908991456, 298.774908991456, 298.774908991456, 298.774908991456, 298.774908991456, 298.774908991456, 298.774908991456, 298.774908991456, 298.774908991456, 298.774908991456, 298.774908991456, 298.774908991456, 354.71244117243293, 356.84389936835765, 298.774908991456, 298.774908991456, 298.774908991456, 298.774908991456, 300.56701508433815], "BoFL": [378.4935043123245, 356.68077932057383, 373.11815071494584, 356.8568265261412, 304.9011244064569, 304.9011244064569, 304.9011244064569, 304.9011244064569, 304.9011244064569, 304.9011244064569, 304.9011244064569, 304.9011244064569, 304.9011244064569, 361.9575101065636, 304.9011244064569, 304.9011244064569, 306.93928943946355, 304.9011244064569, 304.9011244064569, 304.9011244064569, 304.9011244064569, 304.9011244064569, 339.3549766143322, 304.9011244064569, 304.9011244064569, 304.9011244064569, 306.4962100844622, 304.9011244064569, 304.9011244064569, 304.9011244064569, 304.9011244064569, 304.9011244064569, 304.9011244064569, 305.3737423851251, 304.9011244064569, 304.9011244064569, 304.9011244064569, 304.9011244064569, 304.9011244064569, 304.9011244064569, 304.9011244064569, 306.34851696612833, 304.9011244064569, 304.9011244064569, 304.9011244064569, 364.6292407517433, 326.22439964199066, 304.9011244064569, 304.9011244064569, 304.9011244064569, 304.9011244064569, 304.9011244064569, 304.9011244064569, 352.387469622159, 304.9011244064569, 373.3721001456737, 304.9011244064569, 304.9011244064569, 304.9011244064569, 304.9011244064569, 307.1165211814642, 304.9011244064569, 304.9011244064569, 304.9011244064569, 304.9011244064569, 341.70054704144, 304.9011244064569, 304.9011244064569, 304.9011244064569, 315.6155495553732, 304.9011244064569, 321.48042349317075, 304.9011244064569, 304.9011244064569, 304.9011244064569, 304.9011244064569, 304.9011244064569, 304.9011244064569, 304.9011244064569, 304.9011244064569, 318.0843452651978, 304.9011244064569, 304.9011244064569, 304.9011244064569, 304.9011244064569, 304.9011244064569, 304.9011244064569, 304.9011244064569, 304.9011244064569, 304.9011244064569, 304.9011244064569, 304.9011244064569, 304.9011244064569, 355.2043317584515, 357.38990611283776, 304.9011244064569, 304.9011244064569, 304.9011244064569, 304.9011244064569, 304.9011244064569], "phase": [0, 1, 4], "overhead": [[13.849526405334473, 53.34655538916588], [14.726970911026001, 58.06439877653122], [14.061912775039673, 54.003083137512206]], "ddls": [89.86698559836636, 55.77022317298259, 90.01068955945118, 104.60656387154789, 125.91157472981037, 61.00032117023011, 93.5694774021283, 65.82015609225662, 56.9417097778035, 99.14245272711736, 85.15311266956583, 62.06255624111606, 119.98868866283384, 38.28661100455098, 94.8416352396511, 67.03091334865705, 47.978043355262315, 122.3455455259584, 86.25431860765816, 73.45912480639313, 102.65484110244199, 69.0164962379441, 40.85557929942595, 87.11965853091662, 79.25591362233807, 73.4593181045889, 48.680172895610895, 98.43184017523517, 92.30115051716704, 70.92101373585879, 53.69053926478037, 71.19413169249505, 80.69111061693224, 50.50380608155213, 84.26205367842317, 59.86261561320051, 105.75832187186418, 69.8976652719553, 85.5131888245389, 118.24300934310111, 101.63620900512232, 48.92759846688866, 99.70197454295547, 113.82938377444697, 56.47635930178678, 37.98641126084189, 42.74880303027199, 56.358601941797346, 68.92042232806944, 58.39216397986685, 93.35775470134675, 112.90082583058754, 82.66261038538812, 39.367145659461, 91.67005178591747, 36.98942016082724, 83.60827016653855, 87.0373592923807, 115.8055500818591, 65.83927749604439, 47.720079060380485, 69.89403788322042, 106.30159880820834, 90.90637787126374, 79.12247706806356, 40.5868104550896, 65.00051428414321, 58.175897100248704, 123.38485001551011, 45.3883043241089, 123.74042292121712, 43.737432107806704, 116.47414986907683, 94.42310524194733, 74.06386816876757, 83.5996035140507, 74.47331998205635, 124.7228218105864, 78.21483673221914, 115.0661290321471, 44.71558726297565, 60.932103820712456, 111.62177347185589, 66.43379466936125, 73.58670498407413, 78.02196789015565, 74.29642854115006, 99.66102124477115, 86.03601987911601, 69.91039897462093, 95.20027018892839, 82.70897266432773, 101.2070733977336, 39.05636972379473, 38.808471185267585, 93.4253064674465, 124.71483113592565, 75.50446382600714, 113.05421383383022, 54.24284204640008], "min_ddl": 36.03840251918882}