{"Baseline": [549.9288785991669, 549.9288785991669, 549.9288785991669, 549.9288785991669, 549.9288785991669, 549.9288785991669, 549.9288785991669, 549.9288785991669, 549.9288785991669, 549.9288785991669, 549.9288785991669, 549.9288785991669, 549.9288785991669, 549.9288785991669, 549.9288785991669, 549.9288785991669, 549.9288785991669, 549.9288785991669, 549.9288785991669, 549.9288785991669, 549.9288785991669, 549.9288785991669, 549.9288785991669, 549.9288785991669, 549.9288785991669, 549.9288785991669, 549.9288785991669, 549.9288785991669, 549.9288785991669, 549.9288785991669, 549.9288785991669, 549.9288785991669, 549.9288785991669, 549.9288785991669, 549.9288785991669, 549.9288785991669, 549.9288785991669, 549.9288785991669, 549.9288785991669, 549.9288785991669, 549.9288785991669, 549.9288785991669, 549.9288785991669, 549.9288785991669, 549.9288785991669, 549.9288785991669, 549.9288785991669, 549.9288785991669, 549.9288785991669, 549.9288785991669, 549.9288785991669, 549.9288785991669, 549.9288785991669, 549.9288785991669, 549.9288785991669, 549.9288785991669, 549.9288785991669, 549.9288785991669, 549.9288785991669, 549.9288785991669, 549.9288785991669, 549.9288785991669, 549.9288785991669, 549.9288785991669, 549.9288785991669, 549.9288785991669, 549.9288785991669, 549.9288785991669, 549.9288785991669, 549.9288785991669, 549.9288785991669, 549.9288785991669, 549.9288785991669, 549.9288785991669, 549.9288785991669, 549.9288785991669, 549.9288785991669, 549.9288785991669, 549.9288785991669, 549.9288785991669, 549.9288785991669, 549.9288785991669, 549.9288785991669, 549.9288785991669, 549.9288785991669, 549.9288785991669, 549.9288785991669, 549.9288785991669, 549.9288785991669, 549.9288785991669, 549.9288785991669, 549.9288785991669, 549.9288785991669, 549.9288785991669, 549.9288785991669, 549.9288785991669, 549.9288785991669, 549.9288785991669, 549.9288785991669, 549.9288785991669], "Oracle": [407.74708766555784, 407.74708766555784, 407.74708766555784, 407.74708766555784, 407.74708766555784, 422.871948888588, 407.74708766555784, 407.74708766555784, 407.74708766555784, 407.74708766555784, 482.09262646799084, 407.74708766555784, 407.74708766555784, 433.91508245203494, 407.74708766555784, 407.74708766555784, 407.74708766555784, 407.74708766555784, 412.4754586786032, 408.8853996913672, 407.74708766555784, 407.74708766555784, 407.74708766555784, 407.74708766555784, 407.74708766555784, 407.74708766555784, 407.74708766555784, 409.6642447616577, 500.0169475135326, 409.00522200987336, 407.74708766555784, 411.1021125837326, 407.74708766555784, 407.74708766555784, 407.74708766555784, 407.74708766555784, 480.6106864896774, 407.74708766555784, 407.74708766555784, 428.96841218433383, 407.74708766555784, 407.74708766555784, 407.74708766555784, 407.74708766555784, 417.0671398873329, 407.74708766555784, 407.74708766555784, 407.74708766555784, 410.09903073687553, 407.74708766555784, 407.74708766555784, 447.2054571897984, 414.9867451034069, 407.74708766555784, 407.74708766555784, 479.0184950994968, 407.74708766555784, 407.74708766555784, 407.74708766555784, 407.74708766555784, 409.00522200987336, 407.74708766555784, 407.74708766555784, 494.8244936612844, 407.74708766555784, 407.74708766555784, 407.74708766555784, 407.74708766555784, 407.74708766555784, 415.29139797894953, 496.6151650779724, 417.5313340243101, 440.20597305178643, 434.5959167650223, 466.61171821365355, 407.74708766555784, 407.74708766555784, 435.53383419513705, 407.74708766555784, 407.74708766555784, 407.74708766555784, 407.74708766555784, 407.74708766555784, 480.1850757891655, 517.2395620187998, 411.1774316034317, 407.74708766555784, 457.2790726963043, 456.8534619957924, 407.74708766555784, 409.4246001246452, 407.74708766555784, 407.74708766555784, 407.74708766555784, 407.74708766555784, 412.49086653904914, 414.8113068749666, 407.74708766555784, 407.74708766555784, 409.48451128389837], "BoFL": [500.02763542399407, 485.7001270300149, 457.9897256817103, 465.3610401198387, 451.1741155364752, 459.22562375082975, 412.26622884750367, 412.26622884750367, 412.26622884750367, 412.26622884750367, 484.00962395703795, 412.26622884750367, 412.26622884750367, 435.7311507315159, 412.26622884750367, 412.26622884750367, 412.26622884750367, 412.26622884750367, 412.50627439949517, 412.26622884750367, 412.26622884750367, 412.26622884750367, 412.26622884750367, 412.26622884750367, 412.26622884750367, 412.26622884750367, 412.26622884750367, 412.26622884750367, 502.0443120457412, 412.26622884750367, 412.26622884750367, 412.26622884750367, 412.26622884750367, 412.26622884750367, 412.26622884750367, 412.26622884750367, 482.738064783454, 412.26622884750367, 412.26622884750367, 429.94564792950155, 412.26622884750367, 412.26622884750367, 412.26622884750367, 412.26622884750367, 417.0671398873329, 412.26622884750367, 412.26622884750367, 412.26622884750367, 412.26622884750367, 412.26622884750367, 412.26622884750367, 449.29288704550265, 414.9867451034069, 412.26622884750367, 412.26622884750367, 481.15520039489274, 412.26622884750367, 412.26622884750367, 412.26622884750367, 412.26622884750367, 412.26622884750367, 412.26622884750367, 412.26622884750367, 496.73909415793423, 412.26622884750367, 412.26622884750367, 412.26622884750367, 412.26622884750367, 412.26622884750367, 415.3068058393955, 498.6296902275086, 417.5313340243101, 442.54472350132465, 436.44180650589465, 468.77247781150345, 412.26622884750367, 412.26622884750367, 437.5244996019602, 412.26622884750367, 412.26622884750367, 412.26622884750367, 412.26622884750367, 412.26622884750367, 482.17717370285993, 519.9139247105361, 412.26622884750367, 412.26622884750367, 459.2840550611019, 458.9174847401857, 412.26622884750367, 412.26622884750367, 412.26622884750367, 412.26622884750367, 412.26622884750367, 412.26622884750367, 412.50627439949517, 414.8267147354126, 412.26622884750367, 412.26622884750367, 412.26622884750367], "phase": [0, 1, 6], "overhead": [[14.865028142929077, 63.735881516218186], [14.66962218284607, 57.26145676994324], [14.20855188369751, 55.30542506194114], [14.183092594146729, 54.87917200112343], [14.229186296463013, 54.94913253068924]],