{"Baseline": [549.9288785991669, 549.9288785991669, 549.9288785991669, 549.9288785991669, 549.9288785991669, 549.9288785991669, 549.9288785991669, 549.9288785991669, 549.9288785991669, 549.9288785991669, 549.9288785991669, 549.9288785991669, 549.9288785991669, 549.9288785991669, 549.9288785991669, 549.9288785991669, 549.9288785991669, 549.9288785991669, 549.9288785991669, 549.9288785991669, 549.9288785991669, 549.9288785991669, 549.9288785991669, 549.9288785991669, 549.9288785991669, 549.9288785991669, 549.9288785991669, 549.9288785991669, 549.9288785991669, 549.9288785991669, 549.9288785991669, 549.9288785991669, 549.9288785991669, 549.9288785991669, 549.9288785991669, 549.9288785991669, 549.9288785991669, 549.9288785991669, 549.9288785991669, 549.9288785991669, 549.9288785991669, 549.9288785991669, 549.9288785991669, 549.9288785991669, 549.9288785991669, 549.9288785991669, 549.9288785991669, 549.9288785991669, 549.9288785991669, 549.9288785991669, 549.9288785991669, 549.9288785991669, 549.9288785991669, 549.9288785991669, 549.9288785991669, 549.9288785991669, 549.9288785991669, 549.9288785991669, 549.9288785991669, 549.9288785991669, 549.9288785991669, 549.9288785991669, 549.9288785991669, 549.9288785991669, 549.9288785991669, 549.9288785991669, 549.9288785991669, 549.9288785991669, 549.9288785991669, 549.9288785991669, 549.9288785991669, 549.9288785991669, 549.9288785991669, 549.9288785991669, 549.9288785991669, 549.9288785991669, 549.9288785991669, 549.9288785991669, 549.9288785991669, 549.9288785991669, 549.9288785991669, 549.9288785991669, 549.9288785991669, 549.9288785991669, 549.9288785991669, 549.9288785991669, 549.9288785991669, 549.9288785991669, 549.9288785991669, 549.9288785991669, 549.9288785991669, 549.9288785991669, 549.9288785991669, 549.9288785991669, 549.9288785991669, 549.9288785991669, 549.9288785991669, 549.9288785991669, 549.9288785991669, 549.9288785991669], "Oracle": [407.74708766555784, 407.74708766555784, 413.5928101377249, 407.74708766555784, 410.02371171717647, 443.4834917660713, 407.74708766555784, 407.74708766555784, 407.74708766555784, 407.74708766555784, 493.7384896663665, 407.74708766555784, 407.74708766555784, 459.55917353014945, 407.74708766555784, 407.74708766555784, 407.806998824811, 407.74708766555784, 421.05920946533683, 415.7068817593813, 407.74708766555784, 411.6653222901106, 411.9888873594761, 407.74708766555784, 407.74708766555784, 407.74708766555784, 407.74708766555784, 416.49162573890686, 505.53449167323106, 415.85150426692957, 413.03556496658325, 418.73823878045084, 407.74708766555784, 408.7655773728609, 407.74708766555784, 407.74708766555784, 492.70210408687586, 407.74708766555784, 409.12504432837966, 452.1871392371178, 411.4650201043129, 407.74708766555784, 407.74708766555784, 407.74708766555784, 431.70591143434046, 407.74708766555784, 411.7577694527864, 407.74708766555784, 416.97171684288975, 407.74708766555784, 407.74708766555784, 470.4268195713043, 426.10101061325076, 407.74708766555784, 407.74708766555784, 491.5355233972072, 407.74708766555784, 409.14045218882563, 407.74708766555784, 407.74708766555784, 415.83609640648365, 407.74708766555784, 407.74708766555784, 502.03474960422506, 407.74708766555784, 411.6653222901106, 407.74708766555784, 412.55547386260037, 407.74708766555784, 426.85809796657566, 503.4512856066464, 432.34153822813033, 465.8707482244968, 460.51002344362735, 483.36945856952667, 407.74708766555784, 407.74708766555784, 461.86373947629926, 408.28628809883594, 410.86246794672013, 407.74708766555784, 409.0651331691265, 411.387980802083, 492.4798807321548, 520.115973220849, 418.9239164352417, 407.74708766555784, 477.11094442067144, 476.84215309898855, 407.74708766555784, 416.25158018691536, 407.74708766555784, 408.4814294370413, 407.74708766555784, 411.6345065692186, 421.05920946533683, 425.49642934060097, 407.74708766555784, 409.00522200987336, 416.33159537091257], "BoFL": [500.90135959687234, 485.7001270300149, 457.9897256817103, 465.3610401198387, 451.1741155364752, 505.5828410663128, 412.26622884750367, 412.26622884750367, 412.26622884750367, 412.26622884750367, 495.5818695942164, 412.26622884750367, 412.26622884750367, 461.5985041885376, 412.26622884750367, 412.26622884750367, 412.26622884750367, 412.26622884750367, 421.05920946533683, 415.7068817593813, 412.26622884750367, 412.26622884750367, 412.26622884750367, 412.26622884750367, 412.26622884750367, 412.26622884750367, 412.26622884750367, 416.50703359935284, 507.63611410465245, 415.8669121273756, 413.0663806874752, 418.73823878045084, 412.26622884750367, 412.26622884750367, 412.26622884750367, 412.26622884750367, 494.7341634784937, 412.26622884750367, 412.26622884750367, 454.40378417363166, 412.26622884750367, 412.26622884750367, 412.26622884750367, 412.26622884750367, 433.1937272176981, 412.26622884750367, 412.26622884750367, 412.26622884750367, 416.9871247033357, 412.26622884750367, 412.26622884750367, 472.43737831985953, 426.697568641305, 412.26622884750367, 412.26622884750367, 493.6851399193764, 412.26622884750367, 412.26622884750367, 412.26622884750367, 412.26622884750367, 415.8669121273756, 412.26622884750367, 412.26622884750367, 504.16444041349894, 412.26622884750367, 412.26622884750367, 412.26622884750367, 412.5862895834923, 412.26622884750367, 427.50958846335413, 505.3216649772168, 434.00574703974723, 467.80848006498815, 462.50435611965656, 485.47636696875094, 412.26622884750367, 412.26622884750367, 463.91295331597325, 412.26622884750367, 412.26622884750367, 412.26622884750367, 412.26622884750367, 412.26622884750367, 494.42464503049854, 522.9107342015506, 418.9239164352417, 412.26622884750367, 479.18749888496404, 478.9568726443053, 412.26622884750367, 416.2669880473614, 412.26622884750367, 412.26622884750367, 412.26622884750367, 412.26622884750367, 421.05920946533683, 425.9869128669262, 412.26622884750367, 412.26622884750367, 416.34700323135854], "observations": [[2035200, 1300500000, 1866000000], [806400, 828750000, 665600000], [1574400, 1134750000, 1866000000], [1113600, 522750000, 1866000000], [806400, 318750000, 1866000000], [806400, 522750000, 1866000000], [1420800, 1032750000, 665600000], [806400, 522750000, 1600000000], [960000, 420750000, 1331200000], [1728000, 930750000, 408000000], [1728000, 1236750000, 1866000000], [1728000, 1134750000, 1600000000], [1881600, 1134750000, 1866000000], [2035200, 1236750000, 1600000000], [1267200, 1134750000, 1866000000], [1574400, 1236750000, 1600000000], [1574400, 1032750000, 1866000000], [1420800, 1236750000, 1866000000], [806400, 624750000, 1600000000], [1420800, 1134750000, 1600000000], [345600, 930750000, 1866000000], [345600, 930750000, 1600000000], [499200, 726750000, 1866000000], [345600, 1134750000, 1331200000], [345600, 726750000, 1600000000], [345600, 1032750000, 1866000000], [2035200, 828750000, 1866000000], [2035200, 726750000, 1600000000], [345600, 1300500000, 1600000000], [345600, 1134750000, 1866000000], [806400, 930750000, 1331200000], [960000, 1032750000, 1600000000], [1267200, 930750000, 1600000000], [960000, 1300500000, 1866000000], [1728000, 1300500000, 1331200000], [2035200, 1032750000, 1331200000], [1420800, 1032750000, 1600000000], [1420800, 1300500000, 1866000000], [960000, 1134750000, 1866000000], [806400, 930750000, 1600000000], [960000, 1032750000, 1866000000], [1113600, 1134750000, 1600000000], [960000, 828750000, 1600000000], [960000, 1236750000, 1866000000], [345600, 1300500000, 800000000], [806400, 828750000, 1331200000], [345600, 930750000, 1331200000], [499200, 828750000, 1331200000], [960000, 1236750000, 1600000000], [1267200, 1032750000, 1866000000], [652800, 828750000, 1600000000], [1113600, 1032750000, 1600000000], [1113600, 1300500000, 1600000000], [960000, 1134750000, 1600000000], [1113600, 930750000, 1600000000], [1267200, 1032750000, 1600000000]], "ob_round_counter": [10, 20, 30, 40, 50, 56], "phase": [0, 1, 6],