{"Baseline": [549.9288785991669, 549.9288785991669, 549.9288785991669, 549.9288785991669, 549.9288785991669, 549.9288785991669, 549.9288785991669, 549.9288785991669, 549.9288785991669, 549.9288785991669, 549.9288785991669, 549.9288785991669, 549.9288785991669, 549.9288785991669, 549.9288785991669, 549.9288785991669, 549.9288785991669, 549.9288785991669, 549.9288785991669, 549.9288785991669, 549.9288785991669, 549.9288785991669, 549.9288785991669, 549.9288785991669, 549.9288785991669, 549.9288785991669, 549.9288785991669, 549.9288785991669, 549.9288785991669, 549.9288785991669, 549.9288785991669, 549.9288785991669, 549.9288785991669, 549.9288785991669, 549.9288785991669, 549.9288785991669, 549.9288785991669, 549.9288785991669, 549.9288785991669, 549.9288785991669, 549.9288785991669, 549.9288785991669, 549.9288785991669, 549.9288785991669, 549.9288785991669, 549.9288785991669, 549.9288785991669, 549.9288785991669, 549.9288785991669, 549.9288785991669, 549.9288785991669, 549.9288785991669, 549.9288785991669, 549.9288785991669, 549.9288785991669, 549.9288785991669, 549.9288785991669, 549.9288785991669, 549.9288785991669, 549.9288785991669, 549.9288785991669, 549.9288785991669, 549.9288785991669, 549.9288785991669, 549.9288785991669, 549.9288785991669, 549.9288785991669, 549.9288785991669, 549.9288785991669, 549.9288785991669, 549.9288785991669, 549.9288785991669, 549.9288785991669, 549.9288785991669, 549.9288785991669, 549.9288785991669, 549.9288785991669, 549.9288785991669, 549.9288785991669, 549.9288785991669, 549.9288785991669, 549.9288785991669, 549.9288785991669, 549.9288785991669, 549.9288785991669, 549.9288785991669, 549.9288785991669, 549.9288785991669, 549.9288785991669, 549.9288785991669, 549.9288785991669, 549.9288785991669, 549.9288785991669, 549.9288785991669, 549.9288785991669, 549.9288785991669, 549.9288785991669, 549.9288785991669, 549.9288785991669, 549.9288785991669], "Oracle": [407.74708766555784, 407.74708766555784, 407.74708766555784, 407.74708766555784, 407.74708766555784, 409.0651331691265, 407.74708766555784, 407.74708766555784, 407.74708766555784, 407.74708766555784, 447.4554125025511, 407.74708766555784, 407.74708766555784, 412.98636550347805, 407.74708766555784, 407.74708766555784, 407.74708766555784, 407.74708766555784, 407.74708766555784, 407.74708766555784, 407.74708766555784, 407.74708766555784, 407.74708766555784, 407.74708766555784, 407.74708766555784, 407.74708766555784, 407.74708766555784, 407.74708766555784, 483.25920715765955, 407.74708766555784, 407.74708766555784, 407.74708766555784, 407.74708766555784, 407.74708766555784, 407.74708766555784, 407.74708766555784, 444.4466851099491, 407.74708766555784, 407.74708766555784, 411.0422014244795, 407.74708766555784, 407.74708766555784, 407.74708766555784, 407.74708766555784, 407.74708766555784, 407.74708766555784, 407.74708766555784, 407.74708766555784, 407.74708766555784, 407.74708766555784, 407.74708766555784, 416.74707915134434, 407.74708766555784, 407.74708766555784, 407.74708766555784, 441.26230232958795, 407.74708766555784, 407.74708766555784, 407.74708766555784, 407.74708766555784, 407.74708766555784, 407.74708766555784, 407.74708766555784, 472.7599809506416, 407.74708766555784, 407.74708766555784, 407.74708766555784, 407.74708766555784, 407.74708766555784, 407.74708766555784, 476.3699744315147, 407.74708766555784, 415.19597493450647, 413.35276458573344, 427.32705668163305, 407.74708766555784, 407.74708766555784, 413.7865173434496, 407.74708766555784, 407.74708766555784, 407.74708766555784, 407.74708766555784, 407.74708766555784, 443.59546370892525, 508.72182746112344, 407.74708766555784, 407.74708766555784, 420.78069298315046, 420.5950153283596, 407.74708766555784, 407.74708766555784, 407.74708766555784, 407.74708766555784, 407.74708766555784, 407.74708766555784, 407.74708766555784, 407.74708766555784, 407.74708766555784, 407.74708766555784, 407.74708766555784], "BoFL": [500.02763542399407, 485.7001270300149, 457.9897256817103, 465.3610401198387, 451.1741155364752, 459.22562375082975, 412.26622884750367, 412.26622884750367, 412.26622884750367, 412.26622884750367, 449.58165910155776, 412.26622884750367, 412.26622884750367, 412.98636550347805, 412.26622884750367, 412.26622884750367, 412.26622884750367, 412.26622884750367, 412.26622884750367, 412.26622884750367, 412.26622884750367, 412.26622884750367, 412.26622884750367, 412.26622884750367, 412.26622884750367, 412.26622884750367, 412.26622884750367, 412.26622884750367, 485.1668485207558, 412.26622884750367, 412.26622884750367, 412.26622884750367, 412.26622884750367, 412.26622884750367, 412.26622884750367, 412.26622884750367, 446.55458486020564, 412.26622884750367, 412.26622884750367, 412.26622884750367, 412.26622884750367, 412.26622884750367, 412.26622884750367, 412.26622884750367, 412.26622884750367, 412.26622884750367, 412.26622884750367, 412.26622884750367, 412.26622884750367, 412.26622884750367, 412.26622884750367, 416.74707915134434, 412.26622884750367, 412.26622884750367, 412.26622884750367, 443.4194798681974, 412.26622884750367, 412.26622884750367, 412.26622884750367, 412.26622884750367, 412.26622884750367, 412.26622884750367, 412.26622884750367, 474.7518274472952, 412.26622884750367, 412.26622884750367, 412.26622884750367, 412.26622884750367, 412.26622884750367, 412.26622884750367, 478.5122731945038, 412.26622884750367, 415.22679065539836, 413.38644142346385, 428.05093501138685, 412.26622884750367, 412.26622884750367, 413.7865173434496, 412.26622884750367, 412.26622884750367, 412.26622884750367, 412.26622884750367, 412.26622884750367, 445.706878744483, 510.966678525281, 412.26622884750367, 412.26622884750367, 420.78069298315046, 420.5950153283596, 412.26622884750367, 412.26622884750367, 412.26622884750367, 412.26622884750367, 412.26622884750367, 412.26622884750367, 412.26622884750367, 412.26622884750367, 412.26622884750367, 412.26622884750367, 412.26622884750367], "observations": [[2035200, 1300500000, 1866000000], [806400, 828750000, 665600000], [1574400, 1134750000, 1866000000], [1113600, 522750000, 1866000000], [806400, 318750000, 1866000000], [806400, 522750000, 1866000000], [1420800, 1032750000, 665600000], [806400, 522750000, 1600000000], [960000, 420750000, 1331200000], [1728000, 930750000, 408000000], [1728000, 1236750000, 1866000000], [1728000, 1134750000, 1600000000], [1881600, 1134750000, 1866000000], [2035200, 1236750000, 1600000000], [1267200, 1134750000, 1866000000], [1574400, 1236750000, 1600000000], [1574400, 1032750000, 1866000000], [1420800, 1236750000, 1866000000], [806400, 624750000, 1600000000], [1420800, 1134750000, 1600000000], [345600, 930750000, 1866000000], [345600, 930750000, 1600000000], [499200, 726750000, 1866000000], [345600, 1134750000, 1331200000], [345600, 726750000, 1600000000], [345600, 1032750000, 1866000000], [2035200, 828750000, 1866000000], [2035200, 726750000, 1600000000], [345600, 1300500000, 1600000000], [345600, 1134750000, 1866000000], [806400, 930750000, 1331200000], [960000, 1032750000, 1600000000], [1267200, 930750000, 1600000000], [960000, 1300500000, 1866000000], [1728000, 1300500000, 1331200000], [2035200, 1032750000, 1331200000], [1420800, 1032750000, 1600000000], [1420800, 1300500000, 1866000000], [960000, 1134750000, 1866000000], [806400, 930750000, 1600000000], [960000, 1032750000, 1866000000], [1113600, 1134750000, 1600000000], [960000, 828750000, 1600000000], [960000, 1236750000, 1866000000], [345600, 1300500000, 800000000], [806400, 828750000, 1331200000], [345600, 930750000, 1331200000], [499200, 828750000, 1331200000], [960000, 1236750000, 1600000000], [1267200, 1032750000, 1866000000], [652800, 828750000, 1600000000], [1113600, 1032750000, 1600000000], [1113600, 1300500000, 1600000000], [960000, 1134750000, 1600000000], [1113600, 930750000, 1600000000], [1267200, 1032750000, 1600000000], [806400, 828750000, 1600000000], [499200, 1300500000, 1866000000], [1113600, 1236750000, 1866000000], [1113600, 1236750000, 1600000000]],