{"Baseline": [549.9288785991669, 549.9288785991669, 549.9288785991669, 549.9288785991669, 549.9288785991669, 549.9288785991669, 549.9288785991669, 549.9288785991669, 549.9288785991669, 549.9288785991669, 549.9288785991669, 549.9288785991669, 549.9288785991669, 549.9288785991669, 549.9288785991669, 549.9288785991669, 549.9288785991669, 549.9288785991669, 549.9288785991669, 549.9288785991669, 549.9288785991669, 549.9288785991669, 549.9288785991669, 549.9288785991669, 549.9288785991669, 549.9288785991669, 549.9288785991669, 549.9288785991669, 549.9288785991669, 549.9288785991669, 549.9288785991669, 549.9288785991669, 549.9288785991669, 549.9288785991669, 549.9288785991669, 549.9288785991669, 549.9288785991669, 549.9288785991669, 549.9288785991669, 549.9288785991669, 549.9288785991669, 549.9288785991669, 549.9288785991669, 549.9288785991669, 549.9288785991669, 549.9288785991669, 549.9288785991669, 549.9288785991669, 549.9288785991669, 549.9288785991669, 549.9288785991669, 549.9288785991669, 549.9288785991669, 549.9288785991669, 549.9288785991669, 549.9288785991669, 549.9288785991669, 549.9288785991669, 549.9288785991669, 549.9288785991669, 549.9288785991669, 549.9288785991669, 549.9288785991669, 549.9288785991669, 549.9288785991669, 549.9288785991669, 549.9288785991669, 549.9288785991669, 549.9288785991669, 549.9288785991669, 549.9288785991669, 549.9288785991669, 549.9288785991669, 549.9288785991669, 549.9288785991669, 549.9288785991669, 549.9288785991669, 549.9288785991669, 549.9288785991669, 549.9288785991669, 549.9288785991669, 549.9288785991669, 549.9288785991669, 549.9288785991669, 549.9288785991669, 549.9288785991669, 549.9288785991669, 549.9288785991669, 549.9288785991669, 549.9288785991669, 549.9288785991669, 549.9288785991669, 549.9288785991669, 549.9288785991669, 549.9288785991669, 549.9288785991669, 549.9288785991669, 549.9288785991669, 549.9288785991669, 549.9288785991669], "Oracle": [407.74708766555784, 407.74708766555784, 407.74708766555784, 407.74708766555784, 407.74708766555784, 415.9161115904808, 407.74708766555784, 407.74708766555784, 407.74708766555784, 407.74708766555784, 470.5370709831714, 407.74708766555784, 407.74708766555784, 421.7090812571049, 407.74708766555784, 407.74708766555784, 407.74708766555784, 407.74708766555784, 407.88231784451006, 407.74708766555784, 407.74708766555784, 407.74708766555784, 407.74708766555784, 407.74708766555784, 407.74708766555784, 407.74708766555784, 407.74708766555784, 407.74708766555784, 494.3408634440183, 407.74708766555784, 407.74708766555784, 407.74708766555784, 407.74708766555784, 407.74708766555784, 407.74708766555784, 407.74708766555784, 468.5192688924789, 407.74708766555784, 407.74708766555784, 418.6453999530554, 407.74708766555784, 407.74708766555784, 407.74708766555784, 407.74708766555784, 411.98892561445234, 407.74708766555784, 407.74708766555784, 407.74708766555784, 407.74708766555784, 407.74708766555784, 407.74708766555784, 430.8442470445633, 410.1435340356827, 407.74708766555784, 407.74708766555784, 466.50146680178636, 407.74708766555784, 407.74708766555784, 407.74708766555784, 407.74708766555784, 407.74708766555784, 407.74708766555784, 407.74708766555784, 487.5019113948107, 407.74708766555784, 407.74708766555784, 407.74708766555784, 407.74708766555784, 407.74708766555784, 410.3831786726952, 489.94333200702664, 412.22000526616574, 426.6151768475056, 422.1732753940821, 449.8539778577805, 407.74708766555784, 407.74708766555784, 422.871948888588, 407.74708766555784, 407.74708766555784, 407.74708766555784, 407.74708766555784, 407.74708766555784, 467.99313779890537, 514.3631508167505, 407.74708766555784, 407.74708766555784, 437.4472009719372, 436.7062309827805, 407.74708766555784, 407.74708766555784, 407.74708766555784, 407.74708766555784, 407.74708766555784, 407.74708766555784, 407.9268211433172, 409.9638005579233, 407.74708766555784, 407.74708766555784, 407.74708766555784], "BoFL": [500.02763542399407, 485.7001270300149, 457.9897256817103, 465.3610401198387, 451.1741155364752, 459.22562375082975, 412.26622884750367, 412.26622884750367, 412.26622884750367, 412.26622884750367, 472.5726295756102, 412.26622884750367, 412.26622884750367, 421.7090812571049, 412.26622884750367, 412.26622884750367, 412.26622884750367, 412.26622884750367, 412.26622884750367, 412.26622884750367, 412.26622884750367, 412.26622884750367, 412.26622884750367, 412.26622884750367, 412.26622884750367, 412.26622884750367, 412.26622884750367, 412.26622884750367, 496.3152411000729, 412.26622884750367, 412.26622884750367, 412.26622884750367, 412.26622884750367, 412.26622884750367, 412.26622884750367, 412.26622884750367, 470.6049280656815, 412.26622884750367, 412.26622884750367, 418.6453999530554, 412.26622884750367, 412.26622884750367, 412.26622884750367, 412.26622884750367, 412.26622884750367, 412.26622884750367, 412.26622884750367, 412.26622884750367, 412.26622884750367, 412.26622884750367, 412.26622884750367, 432.1110341216326, 412.26622884750367, 412.26622884750367, 412.26622884750367, 468.54185157084464, 412.26622884750367, 412.26622884750367, 412.26622884750367, 412.26622884750367, 412.26622884750367, 412.26622884750367, 412.26622884750367, 489.37189371776583, 412.26622884750367, 412.26622884750367, 412.26622884750367, 412.26622884750367, 412.26622884750367, 412.26622884750367, 491.9169690858603, 412.26622884750367, 427.2389151893378, 422.1732753940821, 452.08933504619597, 412.26622884750367, 412.26622884750367, 422.90814280507567, 412.26622884750367, 412.26622884750367, 412.26622884750367, 412.26622884750367, 412.26622884750367, 470.0356448337078, 516.9712157218219, 412.26622884750367, 412.26622884750367, 439.6112374778986, 438.87786597204206, 412.26622884750367, 412.26622884750367, 412.26622884750367, 412.26622884750367, 412.26622884750367, 412.26622884750367, 412.26622884750367, 412.26622884750367, 412.26622884750367, 412.26622884750367, 412.26622884750367], "observations": [[2035200, 1300500000, 1866000000], [806400, 828750000, 665600000], [1574400, 1134750000, 1866000000], [1113600, 522750000, 1866000000], [806400, 318750000, 1866000000], [806400, 522750000, 1866000000], [1420800, 1032750000, 665600000], [806400, 522750000, 1600000000], [960000, 420750000, 1331200000], [1728000, 930750000, 408000000], [1728000, 1236750000, 1866000000], [1728000, 1134750000, 1600000000], [1881600, 1134750000, 1866000000], [2035200, 1236750000, 1600000000], [1267200, 1134750000, 1866000000], [1574400, 1236750000, 1600000000], [1574400, 1032750000, 1866000000], [1420800, 1236750000, 1866000000], [806400, 624750000, 1600000000], [1420800, 1134750000, 1600000000], [345600, 930750000, 1866000000], [345600, 930750000, 1600000000], [499200, 726750000, 1866000000], [345600, 1134750000, 1331200000], [345600, 726750000, 1600000000], [345600, 1032750000, 1866000000], [2035200, 828750000, 1866000000], [2035200, 726750000, 1600000000], [345600, 1300500000, 1600000000], [345600, 1134750000, 1866000000], [806400, 930750000, 1331200000], [960000, 1032750000, 1600000000], [1267200, 930750000, 1600000000], [960000, 1300500000, 1866000000], [1728000, 1300500000, 1331200000], [2035200, 1032750000, 1331200000], [1420800, 1032750000, 1600000000], [1420800, 1300500000, 1866000000], [960000, 1134750000, 1866000000], [806400, 930750000, 1600000000], [960000, 1032750000, 1866000000], [1113600, 1134750000, 1600000000], [960000, 828750000, 1600000000], [960000, 1236750000, 1866000000], [345600, 1300500000, 800000000], [806400, 828750000, 1331200000], [345600, 930750000, 1331200000], [499200, 828750000, 1331200000], [960000, 1236750000, 1600000000], [1267200, 1032750000, 1866000000], [652800, 828750000, 1600000000], [1113600, 1032750000, 1600000000], [1113600, 1300500000, 1600000000], [960000, 1134750000, 1600000000], [1113600, 930750000, 1600000000], [1267200, 1032750000, 1600000000], [806400, 828750000, 1600000000], [499200, 1300500000, 1866000000], [1113600, 1236750000, 1866000000], [1113600, 1236750000, 1600000000]],