{"Baseline": [549.9288785991669, 549.9288785991669, 549.9288785991669, 549.9288785991669, 549.9288785991669, 549.9288785991669, 549.9288785991669, 549.9288785991669, 549.9288785991669, 549.9288785991669, 549.9288785991669, 549.9288785991669, 549.9288785991669, 549.9288785991669, 549.9288785991669, 549.9288785991669, 549.9288785991669, 549.9288785991669, 549.9288785991669, 549.9288785991669, 549.9288785991669, 549.9288785991669, 549.9288785991669, 549.9288785991669, 549.9288785991669, 549.9288785991669, 549.9288785991669, 549.9288785991669, 549.9288785991669, 549.9288785991669, 549.9288785991669, 549.9288785991669, 549.9288785991669, 549.9288785991669, 549.9288785991669, 549.9288785991669, 549.9288785991669, 549.9288785991669, 549.9288785991669, 549.9288785991669, 549.9288785991669, 549.9288785991669, 549.9288785991669, 549.9288785991669, 549.9288785991669, 549.9288785991669, 549.9288785991669, 549.9288785991669, 549.9288785991669, 549.9288785991669, 549.9288785991669, 549.9288785991669, 549.9288785991669, 549.9288785991669, 549.9288785991669, 549.9288785991669, 549.9288785991669, 549.9288785991669, 549.9288785991669, 549.9288785991669, 549.9288785991669, 549.9288785991669, 549.9288785991669, 549.9288785991669, 549.9288785991669, 549.9288785991669, 549.9288785991669, 549.9288785991669, 549.9288785991669, 549.9288785991669, 549.9288785991669, 549.9288785991669, 549.9288785991669, 549.9288785991669, 549.9288785991669, 549.9288785991669, 549.9288785991669, 549.9288785991669, 549.9288785991669, 549.9288785991669, 549.9288785991669, 549.9288785991669, 549.9288785991669, 549.9288785991669, 549.9288785991669, 549.9288785991669, 549.9288785991669, 549.9288785991669, 549.9288785991669, 549.9288785991669, 549.9288785991669, 549.9288785991669, 549.9288785991669, 549.9288785991669, 549.9288785991669, 549.9288785991669, 549.9288785991669, 549.9288785991669, 549.9288785991669, 549.9288785991669], "Oracle": [407.74708766555784, 407.74708766555784, 407.74708766555784, 407.74708766555784, 407.74708766555784, 411.85021661546233, 407.74708766555784, 407.74708766555784, 407.74708766555784, 407.74708766555784, 458.8712640864849, 407.74708766555784, 407.74708766555784, 416.2669880473614, 407.74708766555784, 407.74708766555784, 407.74708766555784, 407.74708766555784, 407.74708766555784, 407.74708766555784, 407.74708766555784, 407.74708766555784, 407.74708766555784, 407.74708766555784, 407.74708766555784, 407.74708766555784, 407.74708766555784, 407.74708766555784, 488.77675131735793, 407.74708766555784, 407.74708766555784, 407.74708766555784, 407.74708766555784, 407.74708766555784, 407.74708766555784, 407.74708766555784, 456.5381027071476, 407.74708766555784, 407.74708766555784, 414.2020393788576, 407.74708766555784, 407.74708766555784, 407.74708766555784, 407.74708766555784, 408.5259327358484, 407.74708766555784, 407.74708766555784, 407.74708766555784, 407.74708766555784, 407.74708766555784, 407.74708766555784, 421.43056477491854, 407.74708766555784, 407.74708766555784, 407.74708766555784, 453.77933062729835, 407.74708766555784, 407.74708766555784, 407.74708766555784, 407.74708766555784, 407.74708766555784, 407.74708766555784, 407.74708766555784, 480.142574912858, 407.74708766555784, 407.74708766555784, 407.74708766555784, 407.74708766555784, 407.74708766555784, 407.74708766555784, 483.1586867645979, 408.78098523330686, 419.01675526263716, 416.57164092290395, 435.06487548007965, 407.74708766555784, 407.74708766555784, 416.97171684288975, 407.74708766555784, 407.74708766555784, 407.74708766555784, 407.74708766555784, 407.74708766555784, 455.7358611228466, 511.48673961470126, 407.74708766555784, 407.74708766555784, 427.7960153966904, 427.50788675842284, 407.74708766555784, 407.74708766555784, 407.74708766555784, 407.74708766555784, 407.74708766555784, 407.74708766555784, 407.74708766555784, 407.74708766555784, 407.74708766555784, 407.74708766555784, 407.74708766555784], "BoFL": [500.02763542399407, 485.7001270300149, 463.70980463478566, 467.5283047646285, 425.60368704843523, 425.6120377879143, 425.60368704843523, 425.60368704843523, 425.60368704843523, 425.60368704843523, 464.094822517395, 425.60368704843523, 425.60368704843523, 427.5231238102913, 425.60368704843523, 425.60368704843523, 425.60368704843523, 425.60368704843523, 425.60368704843523, 425.60368704843523, 425.60368704843523, 425.60368704843523, 425.60368704843523, 425.60368704843523, 425.60368704843523, 425.60368704843523, 425.60368704843523, 425.60368704843523, 493.22513710279463, 425.60368704843523, 425.60368704843523, 425.60368704843523, 425.60368704843523, 425.60368704843523, 425.60368704843523, 425.60368704843523, 461.8124120405674, 425.60368704843523, 425.60368704843523, 425.6173518948555, 425.60368704843523, 425.60368704843523, 425.60368704843523, 425.60368704843523, 425.60368704843523, 425.60368704843523, 425.60368704843523, 425.60368704843523, 425.60368704843523, 425.60368704843523, 425.60368704843523, 433.3801796799183, 425.60368704843523, 425.60368704843523, 425.60368704843523, 459.1793701773405, 425.60368704843523, 425.60368704843523, 425.60368704843523, 425.60368704843523, 425.60368704843523, 425.60368704843523, 425.60368704843523, 484.63651680884357, 425.60368704843523, 425.60368704843523, 425.60368704843523, 425.60368704843523, 425.60368704843523, 425.60368704843523, 487.7095011376857, 425.60368704843523, 430.7734799120903, 427.95158087010384, 440.74894720566266, 425.60368704843523, 425.60368704843523, 428.47525060987476, 425.60368704843523, 425.60368704843523, 425.60368704843523, 425.60368704843523, 425.60368704843523, 461.04187255876064, 516.4686499826431, 425.60368704843523, 425.60368704843523, 437.17121348171236, 437.0055620360374, 425.60368704843523, 425.60368704843523, 425.60368704843523, 425.60368704843523, 425.60368704843523, 425.60368704843523, 425.60368704843523, 425.60368704843523, 425.60368704843523, 425.60368704843523, 425.60368704843523], "observations": [[2035200, 1300500000, 1866000000], [806400, 828750000, 665600000], [1574400, 1134750000, 1866000000], [1113600, 522750000, 1866000000], [806400, 318750000, 1866000000], [806400, 522750000, 1866000000], [1420800, 1032750000, 665600000], [806400, 522750000, 1600000000], [960000, 420750000, 1331200000], [1728000, 930750000, 408000000], [1728000, 1236750000, 1866000000], [1728000, 1134750000, 1600000000], [1881600, 1134750000, 1866000000], [2035200, 1236750000, 1600000000], [1267200, 1134750000, 1866000000], [1574400, 1236750000, 1600000000], [1574400, 1032750000, 1866000000], [1420800, 1236750000, 1866000000], [806400, 624750000, 1600000000], [1420800, 1134750000, 1600000000], [345600, 1032750000, 1866000000], [345600, 1300500000, 1331200000], [345600, 726750000, 1600000000], [345600, 1300500000, 1600000000], [345600, 1032750000, 1600000000], [345600, 828750000, 1866000000], [345600, 1134750000, 1331200000], [345600, 726750000, 800000000], [345600, 1236750000, 1600000000], [2035200, 1236750000, 800000000], [1267200, 828750000, 1600000000], [345600, 1134750000, 1866000000], [1881600, 930750000, 1866000000], [1267200, 1032750000, 1600000000], [345600, 1134750000, 1600000000], [345600, 828750000, 1600000000], [2035200, 1300500000, 1600000000], [652800, 1032750000, 1331200000], [1420800, 1300500000, 1866000000], [2035200, 828750000, 1866000000]], "ob_round_counter": [10, 20, 30, 40], "phase": [0, 1, 4], "overhead": [[13.764444828033447, 52.28068269896507], [14.611417770385742, 57.1469421300888], [13.975445747375488, 53.70247002387047]],