{"Baseline": [549.9288785991669, 549.9288785991669, 549.9288785991669, 549.9288785991669, 549.9288785991669, 549.9288785991669, 549.9288785991669, 549.9288785991669, 549.9288785991669, 549.9288785991669, 549.9288785991669, 549.9288785991669, 549.9288785991669, 549.9288785991669, 549.9288785991669, 549.9288785991669, 549.9288785991669, 549.9288785991669, 549.9288785991669, 549.9288785991669, 549.9288785991669, 549.9288785991669, 549.9288785991669, 549.9288785991669, 549.9288785991669, 549.9288785991669, 549.9288785991669, 549.9288785991669, 549.9288785991669, 549.9288785991669, 549.9288785991669, 549.9288785991669, 549.9288785991669, 549.9288785991669, 549.9288785991669, 549.9288785991669, 549.9288785991669, 549.9288785991669, 549.9288785991669, 549.9288785991669, 549.9288785991669, 549.9288785991669, 549.9288785991669, 549.9288785991669, 549.9288785991669, 549.9288785991669, 549.9288785991669, 549.9288785991669, 549.9288785991669, 549.9288785991669, 549.9288785991669, 549.9288785991669, 549.9288785991669, 549.9288785991669, 549.9288785991669, 549.9288785991669, 549.9288785991669, 549.9288785991669, 549.9288785991669, 549.9288785991669, 549.9288785991669, 549.9288785991669, 549.9288785991669, 549.9288785991669, 549.9288785991669, 549.9288785991669, 549.9288785991669, 549.9288785991669, 549.9288785991669, 549.9288785991669, 549.9288785991669, 549.9288785991669, 549.9288785991669, 549.9288785991669, 549.9288785991669, 549.9288785991669, 549.9288785991669, 549.9288785991669, 549.9288785991669, 549.9288785991669, 549.9288785991669, 549.9288785991669, 549.9288785991669, 549.9288785991669, 549.9288785991669, 549.9288785991669, 549.9288785991669, 549.9288785991669, 549.9288785991669, 549.9288785991669, 549.9288785991669, 549.9288785991669, 549.9288785991669, 549.9288785991669, 549.9288785991669, 549.9288785991669, 549.9288785991669, 549.9288785991669, 549.9288785991669, 549.9288785991669], "Oracle": [412.82633513548376, 412.9063503194809, 435.0874792396784, 411.403388662529, 425.6857011789322, 480.1850757891655, 413.2602026581287, 416.97171684288975, 414.491246138978, 420.87353181054596, 505.31226831850995, 413.9311398509979, 413.9311398509979, 488.0357813282012, 418.1812058160782, 415.91325047364234, 420.9639468489409, 418.1335745078802, 458.020042685461, 442.5391344311237, 417.0671398873329, 430.8442470445633, 431.7737227131367, 411.9272559176922, 417.2528175421238, 413.38644142346385, 410.62282330970766, 446.0388765001297, 515.3303059690476, 443.28010442028045, 434.0054974904299, 452.5800737756729, 420.3164988461733, 422.358953048873, 416.18697286336425, 410.5184088516474, 504.78122990565294, 413.0663806874752, 423.0753827249766, 484.5360392591953, 430.163412731576, 411.5728751274347, 415.7223278748035, 415.22679065539836, 471.27804097232814, 414.17118540298935, 431.078726402092, 413.3710335630178, 448.1498145247459, 410.86246794672013, 413.3064262394667, 493.65791297161576, 465.38371446220873, 420.6402228475571, 411.1021125837326, 504.2576595716952, 417.80985050649645, 423.10642824611665, 411.5728751274347, 418.8310776078463, 443.26766117522715, 418.08836698868276, 415.4022671388149, 511.8462910149574, 409.9192972591162, 430.83580528302195, 415.93151945092677, 433.02237254111765, 416.57164092290395, 466.1861075131416, 513.1729975675106, 472.06799077820773, 491.37076571455, 488.7439236887693, 500.11490714697834, 412.63262792975905, 412.50627439949517, 489.2023620178699, 421.6162424297095, 428.42320042893886, 410.7426456282139, 422.871948888588, 429.9967446528435, 504.6832702722072, 522.9923844228983, 452.9281092262745, 413.69109429900647, 496.94281614503853, 496.94281614503853, 416.13784991021157, 444.872295810461, 413.69109429900647, 421.8947589118958, 418.08836698868276, 430.7227864850283, 458.020042685461, 464.7041675348282, 410.62282330970766, 422.6374695310593, 445.34447447793485], "BoFL": [538.3605746692896, 503.1377862146377, 487.1586824718713, 457.9897256817103, 465.3610401198387, 549.9288785991669, 419.50712880849835, 420.55057571601867, 419.50712880849835, 422.0114013865471, 507.1541152313948, 419.50712880849835, 419.50712880849835, 490.43581126363284, 421.02012682440284, 419.8201628807545, 422.0114013865471, 421.02012682440284, 460.152120777154, 445.03250980262754, 420.6027480613947, 432.1110341216326, 433.1937272176981, 419.50712880849835, 420.7070927521467, 419.50712880849835, 419.50712880849835, 448.13566248178483, 517.8271316797973, 445.49444350559713, 435.90045995786187, 454.75224001533985, 421.8027120050431, 422.53312484030727, 420.0288522622585, 419.50712880849835, 506.8273453826428, 419.50712880849835, 423.17881607909203, 486.6925940964699, 431.5696875735998, 419.50712880849835, 419.71581819000244, 419.50712880849835, 473.5946028835774, 419.50712880849835, 432.38170739564896, 419.50712880849835, 450.4501116092205, 419.50712880849835, 419.50712880849835, 495.5818695942164, 467.48171021623614, 421.90705669579506, 419.50712880849835, 506.3654116796733, 420.86360978827474, 423.17881607909203, 419.50712880849835, 421.28098855128286, 445.49444350559713, 421.02012682440284, 419.50712880849835, 514.2833676332474, 419.50712880849835, 432.1110341216326, 419.8201628807545, 434.8177668617964, 420.2897139891386, 468.4485445529938, 515.6160056078196, 474.4250575985432, 493.2674204667807, 490.952971339345, 502.1984471277715, 419.50712880849835, 419.50712880849835, 491.59303582735066, 422.2722631134272, 429.40430138146877, 419.50712880849835, 422.90814280507567, 431.29901429958346, 506.8273453826428, 525.9345939437151, 455.07900986409186, 419.50712880849835, 499.0535432853699, 499.0535432853699, 419.9766799168825, 447.34695893006324, 419.50712880849835, 422.37660780417923, 420.96795447902684, 432.1110341216326, 460.3479726069689, 467.0197765132666, 419.50712880849835, 422.6374695310593, 447.6185024060726], "phase": [0, 2, 6], "overhead": [[13.840563297271729, 52.772027681827545], [14.640543699264526, 56.90098762345314], [14.077495574951172, 53.67506669330597], [14.164638996124268, 55.060591223239896]], "ddls": [68.8782698786443, 68.80157834515245, 58.721550763252544, 70.63194221748824, 61.01033115772379, 53.43660890274317, 68.46820655919679, 64.79328147063362, 67.24322467689804, 62.70132458612767, 50.60305605697706, 67.79867340516195, 67.81233167366963, 52.53274686627108, 64.1160143245554, 65.86087014306001, 62.66728057256388, 64.14335924996567, 55.946016511504865, 57.668000102449284, 64.73090922847624, 59.77721248111536, 59.553292959973035, 69.89371718384568, 64.58876739757933, 68.32589705361994, 71.81798236316197, 57.28482232151867, 49.928923704841104, 57.6087750285157, 58.99652049588056, 56.5577460742898, 63.00216229869565, 61.929795462180046, 65.56941819790028, 71.94485671421852, 50.657883790626556, 68.64216075855981, 61.665252072254475, 52.94155881525926, 59.919583443979015, 70.38586966252494, 66.02443919153099, 66.51742919354531, 54.42777725811589, 67.56709974813651, 59.715509051896575, 68.36383323233547, 57.05366676230904, 71.47965530401879, 68.40007219578159, 51.91464854545804, 55.11146676172324, 62.819601758617154, 71.0801634604864, 50.717374813964945, 64.32753849020403, 61.649204285321446, 70.39389210660134, 63.758581665150764, 57.61024826252458, 64.14635315433537, 66.34036384773776, 50.12573660566886, 72.84510243145417, 59.78109578350695, 65.82530234371394, 59.22996339536015, 65.20317839058495, 55.019334743288944, 50.05688612536712, 54.346555410550295, 52.17376957756097, 52.47727611962311, 51.184333835545054, 69.09557030663719, 69.19939028997788, 52.401207617062894, 62.31532273308028, 60.360886325570036, 71.63821039658269, 61.705809158789535, 59.96812137735366, 50.67484932661915, 49.46600583819701, 56.5148575634368, 68.04717767713454, 51.54014199599709, 51.55372624093048, 65.62676585281883, 57.40625819765762, 68.03515919430056, 62.146241135019345, 64.17991607132082, 59.79628993355266, 55.93839224977988, 55.177724439086205, 71.80739534178903, 61.753461071483805, 57.36673800969165], "min_ddl": 49.295833240728825}