{"Baseline": [549.9288785991669, 549.9288785991669, 549.9288785991669, 549.9288785991669, 549.9288785991669, 549.9288785991669, 549.9288785991669, 549.9288785991669, 549.9288785991669, 549.9288785991669, 549.9288785991669, 549.9288785991669, 549.9288785991669, 549.9288785991669, 549.9288785991669, 549.9288785991669, 549.9288785991669, 549.9288785991669, 549.9288785991669, 549.9288785991669, 549.9288785991669, 549.9288785991669, 549.9288785991669, 549.9288785991669, 549.9288785991669, 549.9288785991669, 549.9288785991669, 549.9288785991669, 549.9288785991669, 549.9288785991669, 549.9288785991669, 549.9288785991669, 549.9288785991669, 549.9288785991669, 549.9288785991669, 549.9288785991669, 549.9288785991669, 549.9288785991669, 549.9288785991669, 549.9288785991669, 549.9288785991669, 549.9288785991669, 549.9288785991669, 549.9288785991669, 549.9288785991669, 549.9288785991669, 549.9288785991669, 549.9288785991669, 549.9288785991669, 549.9288785991669, 549.9288785991669, 549.9288785991669, 549.9288785991669, 549.9288785991669, 549.9288785991669, 549.9288785991669, 549.9288785991669, 549.9288785991669, 549.9288785991669, 549.9288785991669, 549.9288785991669, 549.9288785991669, 549.9288785991669, 549.9288785991669, 549.9288785991669, 549.9288785991669, 549.9288785991669, 549.9288785991669, 549.9288785991669, 549.9288785991669, 549.9288785991669, 549.9288785991669, 549.9288785991669, 549.9288785991669, 549.9288785991669, 549.9288785991669, 549.9288785991669, 549.9288785991669, 549.9288785991669, 549.9288785991669, 549.9288785991669, 549.9288785991669, 549.9288785991669, 549.9288785991669, 549.9288785991669, 549.9288785991669, 549.9288785991669, 549.9288785991669, 549.9288785991669, 549.9288785991669, 549.9288785991669, 549.9288785991669, 549.9288785991669, 549.9288785991669, 549.9288785991669, 549.9288785991669, 549.9288785991669, 549.9288785991669, 549.9288785991669, 549.9288785991669], "Oracle": [407.74708766555784, 407.74708766555784, 407.74708766555784, 407.74708766555784, 407.74708766555784, 411.85021661546233, 407.74708766555784, 407.74708766555784, 407.74708766555784, 407.74708766555784, 458.8712640864849, 407.74708766555784, 407.74708766555784, 416.2669880473614, 407.74708766555784, 407.74708766555784, 407.74708766555784, 407.74708766555784, 407.74708766555784, 407.74708766555784, 407.74708766555784, 407.74708766555784, 407.74708766555784, 407.74708766555784, 407.74708766555784, 407.74708766555784, 407.74708766555784, 407.74708766555784, 488.77675131735793, 407.74708766555784, 407.74708766555784, 407.74708766555784, 407.74708766555784, 407.74708766555784, 407.74708766555784, 407.74708766555784, 456.5381027071476, 407.74708766555784, 407.74708766555784, 414.2020393788576, 407.74708766555784, 407.74708766555784, 407.74708766555784, 407.74708766555784, 408.5259327358484, 407.74708766555784, 407.74708766555784, 407.74708766555784, 407.74708766555784, 407.74708766555784, 407.74708766555784, 421.43056477491854, 407.74708766555784, 407.74708766555784, 407.74708766555784, 453.77933062729835, 407.74708766555784, 407.74708766555784, 407.74708766555784, 407.74708766555784, 407.74708766555784, 407.74708766555784, 407.74708766555784, 480.142574912858, 407.74708766555784, 407.74708766555784, 407.74708766555784, 407.74708766555784, 407.74708766555784, 407.74708766555784, 483.1586867645979, 408.78098523330686, 419.01675526263716, 416.57164092290395, 435.06487548007965, 407.74708766555784, 407.74708766555784, 416.97171684288975, 407.74708766555784, 407.74708766555784, 407.74708766555784, 407.74708766555784, 407.74708766555784, 455.7358611228466, 511.48673961470126, 407.74708766555784, 407.74708766555784, 427.7960153966904, 427.50788675842284, 407.74708766555784, 407.74708766555784, 407.74708766555784, 407.74708766555784, 407.74708766555784, 407.74708766555784, 407.74708766555784, 407.74708766555784, 407.74708766555784, 407.74708766555784, 407.74708766555784], "BoFL": [500.02763542399407, 485.7001270300149, 457.9897256817103, 465.3610401198387, 451.1741155364752, 459.22562375082975, 412.26622884750367, 412.26622884750367, 412.26622884750367, 412.26622884750367, 461.08736677196026, 412.26622884750367, 412.26622884750367, 416.2669880473614, 412.26622884750367, 412.26622884750367, 412.26622884750367, 412.26622884750367, 412.26622884750367, 412.26622884750367, 412.26622884750367, 412.26622884750367, 412.26622884750367, 412.26622884750367, 412.26622884750367, 412.26622884750367, 412.26622884750367, 412.26622884750367, 490.83863672947894, 412.26622884750367, 412.26622884750367, 412.26622884750367, 412.26622884750367, 412.26622884750367, 412.26622884750367, 412.26622884750367, 458.5506835552454, 412.26622884750367, 412.26622884750367, 414.2131902821064, 412.26622884750367, 412.26622884750367, 412.26622884750367, 412.26622884750367, 412.26622884750367, 412.26622884750367, 412.26622884750367, 412.26622884750367, 412.26622884750367, 412.26622884750367, 412.26622884750367, 421.43056477491854, 412.26622884750367, 412.26622884750367, 412.26622884750367, 456.04300761060716, 412.26622884750367, 412.26622884750367, 412.26622884750367, 412.26622884750367, 412.26622884750367, 412.26622884750367, 412.26622884750367, 482.173359253788, 412.26622884750367, 412.26622884750367, 412.26622884750367, 412.26622884750367, 412.26622884750367, 412.26622884750367, 485.1668485207558, 412.26622884750367, 419.01675526263716, 416.58704878335, 436.9831530539274, 412.26622884750367, 412.26622884750367, 416.9871247033357, 412.26622884750367, 412.26622884750367, 412.26622884750367, 412.26622884750367, 412.26622884750367, 457.8754578647852, 513.9148466212512, 412.26622884750367, 412.26622884750367, 428.59228155941963, 428.3216082854033, 412.26622884750367, 412.26622884750367, 412.26622884750367, 412.26622884750367, 412.26622884750367, 412.26622884750367, 412.26622884750367, 412.26622884750367, 412.26622884750367, 412.26622884750367, 412.26622884750367], "phase": [0, 1, 6], "overhead": [[14.067486047744751, 54.62241001200676], [14.722926139831543, 57.06913227725029], [14.21553111076355, 55.26981495594978], [14.254729270935059, 55.34486735892296], [14.383811473846436, 55.96655333900452]],