{"Baseline": [632.2725184707642, 632.2725184707642, 632.2725184707642, 632.2725184707642, 632.2725184707642, 632.2725184707642, 632.2725184707642, 632.2725184707642, 632.2725184707642, 632.2725184707642, 632.2725184707642, 632.2725184707642, 632.2725184707642, 632.2725184707642, 632.2725184707642, 632.2725184707642, 632.2725184707642, 632.2725184707642, 632.2725184707642, 632.2725184707642, 632.2725184707642, 632.2725184707642, 632.2725184707642, 632.2725184707642, 632.2725184707642, 632.2725184707642, 632.2725184707642, 632.2725184707642, 632.2725184707642, 632.2725184707642, 632.2725184707642, 632.2725184707642, 632.2725184707642, 632.2725184707642, 632.2725184707642, 632.2725184707642, 632.2725184707642, 632.2725184707642, 632.2725184707642, 632.2725184707642, 632.2725184707642, 632.2725184707642, 632.2725184707642, 632.2725184707642, 632.2725184707642, 632.2725184707642, 632.2725184707642, 632.2725184707642, 632.2725184707642, 632.2725184707642, 632.2725184707642, 632.2725184707642, 632.2725184707642, 632.2725184707642, 632.2725184707642, 632.2725184707642, 632.2725184707642, 632.2725184707642, 632.2725184707642, 632.2725184707642, 632.2725184707642, 632.2725184707642, 632.2725184707642, 632.2725184707642, 632.2725184707642, 632.2725184707642, 632.2725184707642, 632.2725184707642, 632.2725184707642, 632.2725184707642, 632.2725184707642, 632.2725184707642, 632.2725184707642, 632.2725184707642, 632.2725184707642, 632.2725184707642, 632.2725184707642, 632.2725184707642, 632.2725184707642, 632.2725184707642, 632.2725184707642, 632.2725184707642, 632.2725184707642, 632.2725184707642, 632.2725184707642, 632.2725184707642, 632.2725184707642, 632.2725184707642, 632.2725184707642, 632.2725184707642, 632.2725184707642, 632.2725184707642, 632.2725184707642, 632.2725184707642, 632.2725184707642, 632.2725184707642, 632.2725184707642, 632.2725184707642, 632.2725184707642, 632.2725184707642], "Oracle": [473.7169465179443, 473.7169465179443, 474.95224075937267, 473.7169465179443, 473.7169465179443, 473.7169465179443, 473.7169465179443, 518.3002265985966, 473.7169465179443, 473.7169465179443, 473.7169465179443, 473.7169465179443, 480.09436075830456, 473.7169465179443, 564.6565444055796, 473.7169465179443, 473.7169465179443, 473.7169465179443, 575.991739410758, 473.7169465179443, 473.7169465179443, 473.7169465179443, 473.7169465179443, 473.7169465179443, 473.7169465179443, 473.7169465179443, 473.7169465179443, 473.7169465179443, 546.538214928627, 473.7169465179443, 473.7169465179443, 473.7169465179443, 542.9383038505792, 473.7169465179443, 473.7169465179443, 473.7169465179443, 576.1522223426103, 473.7169465179443, 483.92709769194124, 473.7169465179443, 473.7169465179443, 473.7169465179443, 477.01106449508666, 485.6696178958893, 473.7169465179443, 489.2708263173819, 473.7169465179443, 473.7169465179443, 473.7169465179443, 473.7169465179443, 473.7169465179443, 473.7169465179443, 473.7169465179443, 473.7169465179443, 473.7169465179443, 473.7169465179443, 478.1384782093763, 473.7169465179443, 473.7169465179443, 525.0930037447691, 473.7169465179443, 473.7169465179443, 473.7169465179443, 473.7169465179443, 487.99222498300077, 473.7169465179443, 473.7169465179443, 473.7169465179443, 473.7169465179443, 473.7169465179443, 473.7169465179443, 473.7169465179443, 473.7169465179443, 473.7169465179443, 479.57965482437606, 473.7169465179443, 473.7169465179443, 473.7169465179443, 487.0628808742285, 476.49635856115816, 480.9228295929431, 473.7169465179443, 473.7169465179443, 473.7169465179443, 473.7169465179443, 491.245682548523, 487.5283061134338, 473.7169465179443, 473.7169465179443, 473.7169465179443, 473.7169465179443, 473.7169465179443, 509.47086408791546, 473.7169465179443, 473.7169465179443, 473.7169465179443, 473.7169465179443, 475.15318379259105, 473.7169465179443, 473.7169465179443], "BoFL": [568.3919326174498, 527.6072282913685, 539.0029376141072, 480.74548286247256, 480.74548286247256, 480.74548286247256, 480.74548286247256, 526.3498008893251, 480.74548286247256, 480.74548286247256, 480.74548286247256, 480.74548286247256, 488.67360165424344, 480.74548286247256, 579.6519047017813, 480.74548286247256, 480.74548286247256, 480.74548286247256, 598.9082640701771, 480.74548286247256, 480.74548286247256, 480.74548286247256, 480.74548286247256, 480.74548286247256, 480.74548286247256, 480.74548286247256, 480.74548286247256, 480.74548286247256, 548.4986318770647, 480.74548286247256, 480.74548286247256, 480.74548286247256, 543.4146797790289, 480.74548286247256, 480.74548286247256, 480.74548286247256, 599.5209387760401, 480.74548286247256, 498.3357010188341, 480.74548286247256, 480.74548286247256, 480.74548286247256, 485.59044434633256, 500.3621311595916, 480.74548286247256, 504.23703039104936, 480.74548286247256, 480.74548286247256, 480.74548286247256, 481.7364977114439, 480.74548286247256, 480.74548286247256, 480.74548286247256, 480.74548286247256, 480.74548286247256, 480.74548286247256, 486.6915719563007, 480.74548286247256, 480.74548286247256, 531.0499952766418, 480.74548286247256, 480.74548286247256, 480.74548286247256, 480.74548286247256, 502.88607696387766, 480.74548286247256, 480.74548286247256, 480.74548286247256, 480.74548286247256, 480.74548286247256, 480.74548286247256, 480.74548286247256, 480.74548286247256, 480.74548286247256, 488.23315061025613, 480.74548286247256, 480.74548286247256, 480.74548286247256, 501.71308458676333, 485.1499933023453, 489.554503742218, 480.74548286247256, 480.74548286247256, 480.74548286247256, 480.74548286247256, 506.2634605318069, 502.3885613003492, 480.74548286247256, 480.74548286247256, 480.74548286247256, 480.74548286247256, 480.74548286247256, 519.9509558535814, 480.74548286247256, 480.74548286247256, 480.74548286247256, 481.5162721894503, 483.71852740938664, 480.74548286247256, 480.74548286247256], "phase": [0, 1, 3], "overhead": [[13.978315353393555, 54.96190375518799], [14.61805772781372, 56.60027812218666]], "ddls": [127.76333437906365, 100.88554642879335, 80.182537871217, 122.45789398615611, 132.45504134750675, 99.47822655747044, 131.32148470845934, 64.03004049681505, 123.91872445387598, 101.75724281736586, 122.18832000979886, 102.88752659139979, 73.10207837231465, 118.54113958301426, 58.102855402170285, 134.76428464084796, 93.41348013708539, 108.37720120839181, 56.94147415621441, 130.81693330948596, 89.91116864763814, 112.03527530940151, 95.74233212922154, 100.10411335870998, 92.91209721476599, 97.69911935219001, 105.4056870061917, 132.44976494256366, 59.978384142707455, 88.53645261161226, 84.81191818015924, 139.13239071708264, 60.37076039875034, 121.89803701654908, 98.3989909456222, 96.58862670374712, 56.89939498948722, 92.135633022977, 69.99820655904983, 106.25793873972326, 136.81533294539182, 111.19814824333739, 77.3645485129205, 69.58545663033657, 92.84444969431992, 68.77378203734376, 130.91467056227933, 121.08044511359493, 85.99405040461103, 82.67759773322638, 110.62772434667814, 135.95851689746993, 84.69364864371548, 91.52463149967713, 86.4858900474607, 124.32763711501532, 75.84900938067793, 96.54339712214276, 90.50917617348526, 63.022333177561954, 134.38128812107334, 104.73304312022371, 106.70870917861573, 115.16861602068543, 69.06810375850051, 86.90173391155957, 121.35122665275595, 87.29420009696304, 121.47247861303018, 84.44759523330009, 108.21729737390642, 106.51684012951387, 128.82237686928931, 137.5818278777234, 73.83100413460916, 96.58154409875213, 121.77493900273092, 85.71208211111933, 69.28728197155458, 78.08125251648336, 71.90670132852141, 85.3749572629079, 126.58253106291198, 114.69482281479877, 91.15903685052767, 68.31483837651439, 69.17759308405387, 127.82048500612214, 84.08847200822386, 124.6447951481199, 132.58121107473443, 106.09735308496136, 65.38271348330413, 112.59518142438601, 99.46028501499606, 118.48753580034074, 82.97097621180606, 79.96751008289637, 114.01229633795943, 136.8243730492725], "min_ddl": 55.67622120678425}