{"Baseline": [632.2725184707642, 632.2725184707642, 632.2725184707642, 632.2725184707642, 632.2725184707642, 632.2725184707642, 632.2725184707642, 632.2725184707642, 632.2725184707642, 632.2725184707642, 632.2725184707642, 632.2725184707642, 632.2725184707642, 632.2725184707642, 632.2725184707642, 632.2725184707642, 632.2725184707642, 632.2725184707642, 632.2725184707642, 632.2725184707642, 632.2725184707642, 632.2725184707642, 632.2725184707642, 632.2725184707642, 632.2725184707642, 632.2725184707642, 632.2725184707642, 632.2725184707642, 632.2725184707642, 632.2725184707642, 632.2725184707642, 632.2725184707642, 632.2725184707642, 632.2725184707642, 632.2725184707642, 632.2725184707642, 632.2725184707642, 632.2725184707642, 632.2725184707642, 632.2725184707642, 632.2725184707642, 632.2725184707642, 632.2725184707642, 632.2725184707642, 632.2725184707642, 632.2725184707642, 632.2725184707642, 632.2725184707642, 632.2725184707642, 632.2725184707642, 632.2725184707642, 632.2725184707642, 632.2725184707642, 632.2725184707642, 632.2725184707642, 632.2725184707642, 632.2725184707642, 632.2725184707642, 632.2725184707642, 632.2725184707642, 632.2725184707642, 632.2725184707642, 632.2725184707642, 632.2725184707642, 632.2725184707642, 632.2725184707642, 632.2725184707642, 632.2725184707642, 632.2725184707642, 632.2725184707642, 632.2725184707642, 632.2725184707642, 632.2725184707642, 632.2725184707642, 632.2725184707642, 632.2725184707642, 632.2725184707642, 632.2725184707642, 632.2725184707642, 632.2725184707642, 632.2725184707642, 632.2725184707642, 632.2725184707642, 632.2725184707642, 632.2725184707642, 632.2725184707642, 632.2725184707642, 632.2725184707642, 632.2725184707642, 632.2725184707642, 632.2725184707642, 632.2725184707642, 632.2725184707642, 632.2725184707642, 632.2725184707642, 632.2725184707642, 632.2725184707642, 632.2725184707642, 632.2725184707642, 632.2725184707642], "Oracle": [473.7169465179443, 473.7169465179443, 473.7169465179443, 473.7169465179443, 473.7169465179443, 473.7169465179443, 473.7169465179443, 500.5420433244944, 473.7169465179443, 473.7169465179443, 473.7169465179443, 473.7169465179443, 475.87871144044396, 473.7169465179443, 556.9085959764719, 473.7169465179443, 473.7169465179443, 473.7169465179443, 571.7095125135183, 473.7169465179443, 473.7169465179443, 473.7169465179443, 473.7169465179443, 473.7169465179443, 473.7169465179443, 473.7169465179443, 473.7169465179443, 473.7169465179443, 535.9462539572716, 473.7169465179443, 473.7169465179443, 473.7169465179443, 532.4460423114539, 473.7169465179443, 473.7169465179443, 473.7169465179443, 572.2053112660647, 473.7169465179443, 478.86400585722924, 473.7169465179443, 473.7169465179443, 473.7169465179443, 473.7169465179443, 479.27577060437204, 473.7169465179443, 480.09436075830456, 473.7169465179443, 473.7169465179443, 473.7169465179443, 473.7169465179443, 473.7169465179443, 473.7169465179443, 473.7169465179443, 473.7169465179443, 473.7169465179443, 473.7169465179443, 473.7169465179443, 473.7169465179443, 473.7169465179443, 508.9268288180828, 473.7169465179443, 473.7169465179443, 473.7169465179443, 473.7169465179443, 479.78553719794746, 473.7169465179443, 473.7169465179443, 473.7169465179443, 473.7169465179443, 473.7169465179443, 473.7169465179443, 473.7169465179443, 473.7169465179443, 473.7169465179443, 475.2087639276504, 473.7169465179443, 473.7169465179443, 473.7169465179443, 479.57965482437606, 473.7169465179443, 477.01106449508666, 473.7169465179443, 473.7169465179443, 473.7169465179443, 473.7169465179443, 480.50612550544736, 479.68259601116176, 473.7169465179443, 473.7169465179443, 473.7169465179443, 473.7169465179443, 473.7169465179443, 489.9670812141419, 473.7169465179443, 473.7169465179443, 473.7169465179443, 473.7169465179443, 473.7169465179443, 473.7169465179443, 473.7169465179443], "BoFL": [568.3919326174498, 527.6072282913685, 513.7199566261768, 480.74548286247256, 480.74548286247256, 480.74548286247256, 480.74548286247256, 518.9777037708521, 480.74548286247256, 480.74548286247256, 480.74548286247256, 480.74548286247256, 482.68152164039617, 480.74548286247256, 585.7036586500168, 480.74548286247256, 480.74548286247256, 480.74548286247256, 605.828267301321, 480.74548286247256, 480.74548286247256, 480.74548286247256, 480.74548286247256, 480.74548286247256, 480.74548286247256, 480.74548286247256, 480.74548286247256, 480.74548286247256, 559.5274643849135, 480.74548286247256, 480.74548286247256, 480.74548286247256, 555.8048082959414, 480.74548286247256, 480.74548286247256, 480.74548286247256, 606.7561357634067, 480.74548286247256, 487.1549656481743, 480.74548286247256, 480.74548286247256, 480.74548286247256, 480.74548286247256, 488.3944126642466, 480.74548286247256, 490.5191789775133, 480.74548286247256, 480.74548286247256, 480.74548286247256, 480.74548286247256, 480.74548286247256, 480.74548286247256, 480.74548286247256, 480.74548286247256, 480.74548286247256, 480.74548286247256, 481.31912398185733, 480.74548286247256, 480.74548286247256, 529.0647885808468, 480.74548286247256, 480.74548286247256, 480.74548286247256, 480.74548286247256, 489.81092353975777, 480.74548286247256, 480.74548286247256, 480.74548286247256, 480.74548286247256, 480.74548286247256, 480.74548286247256, 480.74548286247256, 480.74548286247256, 480.74548286247256, 482.3229959407807, 480.74548286247256, 480.74548286247256, 480.74548286247256, 489.10266810200216, 480.74548286247256, 483.29101532974244, 480.74548286247256, 480.74548286247256, 480.74548286247256, 480.74548286247256, 491.7586259935856, 489.45679582087996, 480.74548286247256, 480.74548286247256, 480.74548286247256, 480.74548286247256, 480.74548286247256, 505.582558997345, 480.74548286247256, 480.74548286247256, 480.74548286247256, 480.74548286247256, 480.74548286247256, 480.74548286247256, 480.74548286247256], "observations": [[2035200, 1300500000, 1866000000], [960000, 726750000, 1866000000], [1113600, 114750000, 1331200000], [2035200, 1134750000, 800000000], [960000, 420750000, 1600000000], [1267200, 114750000, 1600000000], [1574400, 216750000, 1331200000], [960000, 1300500000, 665600000], [1420800, 1134750000, 1331200000], [499200, 216750000, 1600000000], [1728000, 1236750000, 1600000000], [960000, 624750000, 1866000000], [1728000, 1134750000, 1331200000], [1267200, 726750000, 1866000000], [2035200, 1300500000, 1331200000], [1420800, 1236750000, 1331200000], [1420800, 1134750000, 1866000000], [960000, 828750000, 1866000000], [960000, 726750000, 1331200000], [1420800, 1032750000, 1331200000], [2035200, 624750000, 1331200000], [2035200, 420750000, 800000000], [345600, 930750000, 1331200000], [1728000, 828750000, 1600000000], [1574400, 522750000, 1331200000], [1420800, 930750000, 1866000000], [345600, 624750000, 1331200000], [960000, 1032750000, 1600000000], [1267200, 828750000, 1331200000], [1574400, 624750000, 408000000]], "ob_round_counter": [10, 20, 30], "phase": [0, 1, 3], "overhead": [[13.825899600982666, 53.26344183659553], [14.452484607696533, 55.5957723312378]],