{"Baseline": [632.2725184707642, 632.2725184707642, 632.2725184707642, 632.2725184707642, 632.2725184707642, 632.2725184707642, 632.2725184707642, 632.2725184707642, 632.2725184707642, 632.2725184707642, 632.2725184707642, 632.2725184707642, 632.2725184707642, 632.2725184707642, 632.2725184707642, 632.2725184707642, 632.2725184707642, 632.2725184707642, 632.2725184707642, 632.2725184707642, 632.2725184707642, 632.2725184707642, 632.2725184707642, 632.2725184707642, 632.2725184707642, 632.2725184707642, 632.2725184707642, 632.2725184707642, 632.2725184707642, 632.2725184707642, 632.2725184707642, 632.2725184707642, 632.2725184707642, 632.2725184707642, 632.2725184707642, 632.2725184707642, 632.2725184707642, 632.2725184707642, 632.2725184707642, 632.2725184707642, 632.2725184707642, 632.2725184707642, 632.2725184707642, 632.2725184707642, 632.2725184707642, 632.2725184707642, 632.2725184707642, 632.2725184707642, 632.2725184707642, 632.2725184707642, 632.2725184707642, 632.2725184707642, 632.2725184707642, 632.2725184707642, 632.2725184707642, 632.2725184707642, 632.2725184707642, 632.2725184707642, 632.2725184707642, 632.2725184707642, 632.2725184707642, 632.2725184707642, 632.2725184707642, 632.2725184707642, 632.2725184707642, 632.2725184707642, 632.2725184707642, 632.2725184707642, 632.2725184707642, 632.2725184707642, 632.2725184707642, 632.2725184707642, 632.2725184707642, 632.2725184707642, 632.2725184707642, 632.2725184707642, 632.2725184707642, 632.2725184707642, 632.2725184707642, 632.2725184707642, 632.2725184707642, 632.2725184707642, 632.2725184707642, 632.2725184707642, 632.2725184707642, 632.2725184707642, 632.2725184707642, 632.2725184707642, 632.2725184707642, 632.2725184707642, 632.2725184707642, 632.2725184707642, 632.2725184707642, 632.2725184707642, 632.2725184707642, 632.2725184707642, 632.2725184707642, 632.2725184707642, 632.2725184707642, 632.2725184707642], "Oracle": [473.7169465179443, 473.7169465179443, 473.7169465179443, 473.7169465179443, 473.7169465179443, 473.7169465179443, 473.7169465179443, 480.609066692233, 473.7169465179443, 473.7169465179443, 473.7169465179443, 473.7169465179443, 473.7169465179443, 473.7169465179443, 541.9150548627615, 473.7169465179443, 473.7169465179443, 473.7169465179443, 563.667381768465, 473.7169465179443, 473.7169465179443, 473.7169465179443, 473.7169465179443, 473.7169465179443, 473.7169465179443, 473.7169465179443, 473.7169465179443, 473.7169465179443, 516.5582691428185, 473.7169465179443, 473.7169465179443, 473.7169465179443, 511.37498753232956, 473.7169465179443, 473.7169465179443, 473.7169465179443, 564.3114891129733, 473.7169465179443, 473.7169465179443, 473.7169465179443, 473.7169465179443, 473.7169465179443, 473.7169465179443, 473.7169465179443, 473.7169465179443, 473.81494836437696, 473.7169465179443, 473.7169465179443, 473.7169465179443, 473.7169465179443, 473.7169465179443, 473.7169465179443, 473.7169465179443, 473.7169465179443, 473.7169465179443, 473.7169465179443, 473.7169465179443, 473.7169465179443, 473.7169465179443, 482.30074550158974, 473.7169465179443, 473.7169465179443, 473.7169465179443, 473.7169465179443, 473.7169465179443, 473.7169465179443, 473.7169465179443, 473.7169465179443, 473.7169465179443, 473.7169465179443, 473.7169465179443, 473.7169465179443, 473.7169465179443, 473.7169465179443, 473.7169465179443, 473.7169465179443, 473.7169465179443, 473.7169465179443, 473.7169465179443, 473.7169465179443, 473.7169465179443, 473.7169465179443, 473.7169465179443, 473.7169465179443, 473.7169465179443, 474.4375348254442, 473.7169465179443, 473.7169465179443, 473.7169465179443, 473.7169465179443, 473.7169465179443, 473.7169465179443, 478.65318414330477, 473.7169465179443, 473.7169465179443, 473.7169465179443, 473.7169465179443, 473.7169465179443, 473.7169465179443, 473.7169465179443], "BoFL": [568.3919326174498, 527.6072282913685, 521.8901719375134, 480.74548286247256, 480.74548286247256, 480.74548286247256, 480.74548286247256, 481.7863121535301, 480.74548286247256, 480.74548286247256, 480.74548286247256, 480.74548286247256, 480.74548286247256, 480.74548286247256, 567.2921667042732, 480.74548286247256, 480.74548286247256, 480.74548286247256, 592.006918479991, 480.74548286247256, 480.74548286247256, 480.74548286247256, 480.74548286247256, 480.74548286247256, 480.74548286247256, 480.74548286247256, 480.74548286247256, 480.74548286247256, 534.6373158133983, 480.74548286247256, 480.74548286247256, 480.74548286247256, 527.9038793745041, 480.74548286247256, 480.74548286247256, 480.74548286247256, 592.8290382602692, 480.74548286247256, 480.74548286247256, 480.74548286247256, 480.74548286247256, 480.74548286247256, 480.74548286247256, 480.79073630990985, 480.74548286247256, 480.9415811347008, 480.74548286247256, 480.74548286247256, 480.74548286247256, 480.74548286247256, 480.74548286247256, 480.74548286247256, 480.74548286247256, 480.74548286247256, 480.74548286247256, 480.74548286247256, 480.74548286247256, 480.74548286247256, 480.74548286247256, 482.76609090726373, 480.74548286247256, 480.74548286247256, 480.74548286247256, 480.74548286247256, 480.8963276872635, 480.74548286247256, 480.74548286247256, 480.74548286247256, 480.74548286247256, 480.74548286247256, 480.74548286247256, 480.74548286247256, 480.74548286247256, 480.74548286247256, 480.74548286247256, 480.74548286247256, 480.74548286247256, 480.74548286247256, 480.85107423982623, 480.74548286247256, 480.74548286247256, 480.74548286247256, 480.74548286247256, 480.74548286247256, 480.74548286247256, 481.0170035470963, 480.86615872230533, 480.74548286247256, 480.74548286247256, 480.74548286247256, 480.74548286247256, 480.74548286247256, 481.54496043386456, 480.74548286247256, 480.74548286247256, 480.74548286247256, 480.74548286247256, 480.74548286247256, 480.74548286247256, 480.74548286247256], "phase": [0, 1, 3], "overhead": [[13.635640382766724, 52.252365505218506], [14.386109352111816, 54.98296045923233]], "ddls": [199.85044755134305, 146.09487165080245, 104.68885453564974, 189.23956676552797, 209.23386148822925, 143.28023190815662, 206.96674821013445, 72.38385978684585, 192.16122770096771, 147.83826442794748, 188.70041881281347, 150.09883197601533, 90.52793553784504, 181.40605795924427, 60.52948959755632, 213.85234807491167, 131.15073906738652, 161.07818120999937, 58.20672710564457, 205.9576454121877, 124.14611608849202, 168.39432941201878, 135.80844305165883, 144.5320055106357, 130.14797322274774, 139.72201749759577, 155.13515280559915, 209.22330867834307, 64.28054707863066, 121.39668401644028, 113.94761515353424, 222.5885602273811, 65.06529959071644, 188.11985282631395, 141.12176068446016, 137.50103220071, 58.1225687721902, 128.59504483916976, 84.3201919113154, 156.83965627266227, 217.95444468399938, 166.72007527989052, 99.0528758190568, 83.4946920538889, 130.0126781818556, 81.8713428679033, 206.1531199177744, 186.48466902040562, 116.31187960243783, 109.67897425966851, 165.57922748657202, 216.24081258815565, 113.7110760806467, 127.37304179257, 117.29555888813715, 192.9790530232464, 96.0217975545716, 137.41057303750128, 125.34213114018627, 70.36844514833965, 213.0863550353624, 153.78986503366318, 157.74119715044722, 174.66101083458665, 82.45998631021678, 118.1272466163349, 187.02623209872766, 118.91217898714183, 187.2687360192761, 113.21896925981595, 160.7583735410286, 157.35745905224348, 201.9685325317944, 219.48743454866263, 91.98578706243406, 137.48686699072002, 187.8736567986776, 115.74794301545442, 82.8983427363249, 100.48628382618246, 88.13718145025855, 115.07369331903156, 197.48884091903972, 173.7134244228133, 126.64185249427108, 80.95345554624453, 82.67896496132347, 199.96474880546006, 112.50072280966347, 193.61336908945555, 209.48620094268463, 156.51848496313846, 75.08920575982403, 169.5141416419878, 143.24434882320787, 181.2988503938972, 110.26573121682786, 104.25879895900849, 172.3483714691346, 217.97252489176077], "min_ddl": 55.67622120678425}