{"Baseline": [632.2725184707642, 632.2725184707642, 632.2725184707642, 632.2725184707642, 632.2725184707642, 632.2725184707642, 632.2725184707642, 632.2725184707642, 632.2725184707642, 632.2725184707642, 632.2725184707642, 632.2725184707642, 632.2725184707642, 632.2725184707642, 632.2725184707642, 632.2725184707642, 632.2725184707642, 632.2725184707642, 632.2725184707642, 632.2725184707642, 632.2725184707642, 632.2725184707642, 632.2725184707642, 632.2725184707642, 632.2725184707642, 632.2725184707642, 632.2725184707642, 632.2725184707642, 632.2725184707642, 632.2725184707642, 632.2725184707642, 632.2725184707642, 632.2725184707642, 632.2725184707642, 632.2725184707642, 632.2725184707642, 632.2725184707642, 632.2725184707642, 632.2725184707642, 632.2725184707642, 632.2725184707642, 632.2725184707642, 632.2725184707642, 632.2725184707642, 632.2725184707642, 632.2725184707642, 632.2725184707642, 632.2725184707642, 632.2725184707642, 632.2725184707642, 632.2725184707642, 632.2725184707642, 632.2725184707642, 632.2725184707642, 632.2725184707642, 632.2725184707642, 632.2725184707642, 632.2725184707642, 632.2725184707642, 632.2725184707642, 632.2725184707642, 632.2725184707642, 632.2725184707642, 632.2725184707642, 632.2725184707642, 632.2725184707642, 632.2725184707642, 632.2725184707642, 632.2725184707642, 632.2725184707642, 632.2725184707642, 632.2725184707642, 632.2725184707642, 632.2725184707642, 632.2725184707642, 632.2725184707642, 632.2725184707642, 632.2725184707642, 632.2725184707642, 632.2725184707642, 632.2725184707642, 632.2725184707642, 632.2725184707642, 632.2725184707642, 632.2725184707642, 632.2725184707642, 632.2725184707642, 632.2725184707642, 632.2725184707642, 632.2725184707642, 632.2725184707642, 632.2725184707642, 632.2725184707642, 632.2725184707642, 632.2725184707642, 632.2725184707642, 632.2725184707642, 632.2725184707642, 632.2725184707642, 632.2725184707642], "Oracle": [473.7169465179443, 473.7169465179443, 473.7169465179443, 473.7169465179443, 473.7169465179443, 473.7169465179443, 473.7169465179443, 485.6696178958893, 473.7169465179443, 473.7169465179443, 473.7169465179443, 473.7169465179443, 473.7169465179443, 473.7169465179443, 549.0147738233804, 473.7169465179443, 473.7169465179443, 473.7169465179443, 567.7626014369725, 473.7169465179443, 473.7169465179443, 473.7169465179443, 473.7169465179443, 473.7169465179443, 473.7169465179443, 473.7169465179443, 473.7169465179443, 473.7169465179443, 526.272570524025, 473.7169465179443, 473.7169465179443, 473.7169465179443, 521.8004382444143, 473.7169465179443, 473.7169465179443, 473.7169465179443, 568.258400189519, 473.7169465179443, 475.46200735294815, 473.7169465179443, 473.7169465179443, 473.7169465179443, 473.7169465179443, 475.97671328687665, 473.7169465179443, 476.90812330830096, 473.7169465179443, 473.7169465179443, 473.7169465179443, 473.7169465179443, 473.7169465179443, 473.7169465179443, 473.7169465179443, 473.7169465179443, 473.7169465179443, 473.7169465179443, 473.7169465179443, 473.7169465179443, 473.7169465179443, 493.69384126276975, 473.7169465179443, 473.7169465179443, 473.7169465179443, 473.7169465179443, 476.59436040759084, 473.7169465179443, 473.7169465179443, 473.7169465179443, 473.7169465179443, 473.7169465179443, 473.7169465179443, 473.7169465179443, 473.7169465179443, 473.7169465179443, 473.7169465179443, 473.7169465179443, 473.7169465179443, 473.7169465179443, 476.29047618758676, 473.7169465179443, 473.7169465179443, 473.7169465179443, 473.7169465179443, 473.7169465179443, 473.7169465179443, 477.42282924222945, 476.39341737437246, 473.7169465179443, 473.7169465179443, 473.7169465179443, 473.7169465179443, 473.7169465179443, 481.0208314393758, 473.7169465179443, 473.7169465179443, 473.7169465179443, 473.7169465179443, 473.7169465179443, 473.7169465179443, 473.7169465179443], "BoFL": [568.3919326174498, 527.6072282913685, 538.8928248531104, 480.74548286247256, 480.74548286247256, 480.74548286247256, 480.74548286247256, 500.3621311595916, 480.74548286247256, 480.74548286247256, 480.74548286247256, 480.74548286247256, 480.74548286247256, 480.74548286247256, 552.9144831603527, 480.74548286247256, 480.74548286247256, 480.74548286247256, 584.8029656321049, 480.74548286247256, 480.74548286247256, 480.74548286247256, 480.74548286247256, 480.74548286247256, 480.74548286247256, 480.74548286247256, 480.74548286247256, 480.74548286247256, 531.9315756480694, 480.74548286247256, 480.74548286247256, 480.74548286247256, 528.7321531301975, 480.74548286247256, 480.74548286247256, 480.74548286247256, 586.1526873454333, 480.74548286247256, 484.0488656923771, 480.74548286247256, 480.74548286247256, 480.74548286247256, 480.74548286247256, 484.48931673636434, 480.74548286247256, 485.48033158533576, 480.74548286247256, 480.74548286247256, 480.74548286247256, 480.74548286247256, 480.74548286247256, 480.74548286247256, 480.74548286247256, 480.74548286247256, 480.74548286247256, 480.74548286247256, 480.74548286247256, 480.74548286247256, 480.74548286247256, 508.28989067256447, 480.74548286247256, 480.74548286247256, 480.74548286247256, 480.74548286247256, 485.1499933023453, 480.74548286247256, 480.74548286247256, 480.74548286247256, 480.74548286247256, 480.74548286247256, 480.74548286247256, 480.74548286247256, 480.74548286247256, 480.74548286247256, 480.74548286247256, 480.74548286247256, 480.74548286247256, 480.74548286247256, 484.92976778035165, 480.74548286247256, 481.7364977114439, 480.74548286247256, 480.74548286247256, 480.74548286247256, 480.74548286247256, 486.03089539031976, 485.03988054134845, 480.74548286247256, 480.74548286247256, 480.74548286247256, 480.74548286247256, 480.74548286247256, 490.0520194057464, 480.74548286247256, 480.74548286247256, 480.74548286247256, 480.74548286247256, 480.74548286247256, 480.74548286247256, 480.74548286247256], "phase": [0, 1, 3], "overhead": [[14.01356029510498, 58.386022740125654], [14.47684645652771, 57.37656641340256]], "ddls": [175.8214098272499, 131.02509657679943, 96.52008231417217, 166.97900917240403, 183.64092144132175, 128.6795634579279, 181.75166037624274, 69.59925335683558, 169.4137266186038, 132.47792389108693, 166.5297192118086, 134.36173018114349, 84.71931648266825, 160.4510851671676, 59.72061153242764, 187.4896602635571, 118.57165275728617, 143.51118787613018, 57.78497612250117, 180.91074137795377, 112.73446694154075, 149.6079780444797, 122.45307274417975, 129.72270812666045, 117.73601455342049, 125.7143847824605, 138.55866420579667, 183.6321274330833, 62.846492766656255, 110.44327354816429, 104.23571616240925, 194.76983705728162, 63.50045319339441, 166.045914223059, 126.88083743818085, 123.86356370172237, 57.71484417795588, 116.4419075671055, 79.54619679389354, 139.9790837616826, 190.90807410446354, 148.21276626770614, 91.82343338367804, 78.85828024603812, 117.62326868601035, 77.50548925771679, 181.07363679927604, 164.68326105146872, 106.20593653649556, 100.67851541752114, 147.26205977327405, 189.48004735792708, 104.0386002683363, 115.42357169493906, 107.02566927457833, 170.09524772050267, 89.29753482994037, 123.78818106571512, 113.73114615128594, 67.91974115808041, 186.85133273059938, 137.43759106251667, 140.7303678265034, 154.83021256328627, 77.9960254596447, 107.7187423814098, 165.1345636167371, 108.37285269041557, 165.33665021719415, 103.62851125097733, 143.2446814853212, 140.4105860780003, 177.58648064429272, 192.18556565834956, 85.9341927531591, 123.85175936006404, 165.84075086669537, 105.73598938067607, 78.36132248140146, 93.01794005628275, 82.7270214096795, 105.174114633657, 173.85340430033045, 154.04055722014175, 114.81424727968995, 76.7405831563345, 78.17850766890028, 175.91666087234742, 103.02997254251694, 170.62384444234365, 183.85120432003455, 139.71144100374607, 71.8537083343174, 150.54115490278718, 128.6496608871373, 160.36174552937837, 101.16747954848725, 96.16170266697112, 152.90301309207624, 190.9231409442647], "min_ddl": 55.67622120678425}