{"Baseline": [632.2725184707642, 632.2725184707642, 632.2725184707642, 632.2725184707642, 632.2725184707642, 632.2725184707642, 632.2725184707642, 632.2725184707642, 632.2725184707642, 632.2725184707642, 632.2725184707642, 632.2725184707642, 632.2725184707642, 632.2725184707642, 632.2725184707642, 632.2725184707642, 632.2725184707642, 632.2725184707642, 632.2725184707642, 632.2725184707642, 632.2725184707642, 632.2725184707642, 632.2725184707642, 632.2725184707642, 632.2725184707642, 632.2725184707642, 632.2725184707642, 632.2725184707642, 632.2725184707642, 632.2725184707642, 632.2725184707642, 632.2725184707642, 632.2725184707642, 632.2725184707642, 632.2725184707642, 632.2725184707642, 632.2725184707642, 632.2725184707642, 632.2725184707642, 632.2725184707642, 632.2725184707642, 632.2725184707642, 632.2725184707642, 632.2725184707642, 632.2725184707642, 632.2725184707642, 632.2725184707642, 632.2725184707642, 632.2725184707642, 632.2725184707642, 632.2725184707642, 632.2725184707642, 632.2725184707642, 632.2725184707642, 632.2725184707642, 632.2725184707642, 632.2725184707642, 632.2725184707642, 632.2725184707642, 632.2725184707642, 632.2725184707642, 632.2725184707642, 632.2725184707642, 632.2725184707642, 632.2725184707642, 632.2725184707642, 632.2725184707642, 632.2725184707642, 632.2725184707642, 632.2725184707642, 632.2725184707642, 632.2725184707642, 632.2725184707642, 632.2725184707642, 632.2725184707642, 632.2725184707642, 632.2725184707642, 632.2725184707642, 632.2725184707642, 632.2725184707642, 632.2725184707642, 632.2725184707642, 632.2725184707642, 632.2725184707642, 632.2725184707642, 632.2725184707642, 632.2725184707642, 632.2725184707642, 632.2725184707642, 632.2725184707642, 632.2725184707642, 632.2725184707642, 632.2725184707642, 632.2725184707642, 632.2725184707642, 632.2725184707642, 632.2725184707642, 632.2725184707642, 632.2725184707642, 632.2725184707642], "Oracle": [473.7169465179443, 473.7169465179443, 473.7169465179443, 473.7169465179443, 473.7169465179443, 473.7169465179443, 473.7169465179443, 485.6696178958893, 473.7169465179443, 473.7169465179443, 473.7169465179443, 473.7169465179443, 473.7169465179443, 473.7169465179443, 549.0147738233804, 473.7169465179443, 473.7169465179443, 473.7169465179443, 567.7626014369725, 473.7169465179443, 473.7169465179443, 473.7169465179443, 473.7169465179443, 473.7169465179443, 473.7169465179443, 473.7169465179443, 473.7169465179443, 473.7169465179443, 526.272570524025, 473.7169465179443, 473.7169465179443, 473.7169465179443, 521.8004382444143, 473.7169465179443, 473.7169465179443, 473.7169465179443, 568.258400189519, 473.7169465179443, 475.46200735294815, 473.7169465179443, 473.7169465179443, 473.7169465179443, 473.7169465179443, 475.97671328687665, 473.7169465179443, 476.90812330830096, 473.7169465179443, 473.7169465179443, 473.7169465179443, 473.7169465179443, 473.7169465179443, 473.7169465179443, 473.7169465179443, 473.7169465179443, 473.7169465179443, 473.7169465179443, 473.7169465179443, 473.7169465179443, 473.7169465179443, 493.69384126276975, 473.7169465179443, 473.7169465179443, 473.7169465179443, 473.7169465179443, 476.59436040759084, 473.7169465179443, 473.7169465179443, 473.7169465179443, 473.7169465179443, 473.7169465179443, 473.7169465179443, 473.7169465179443, 473.7169465179443, 473.7169465179443, 473.7169465179443, 473.7169465179443, 473.7169465179443, 473.7169465179443, 476.29047618758676, 473.7169465179443, 473.7169465179443, 473.7169465179443, 473.7169465179443, 473.7169465179443, 473.7169465179443, 477.42282924222945, 476.39341737437246, 473.7169465179443, 473.7169465179443, 473.7169465179443, 473.7169465179443, 473.7169465179443, 481.0208314393758, 473.7169465179443, 473.7169465179443, 473.7169465179443, 473.7169465179443, 473.7169465179443, 473.7169465179443, 473.7169465179443], "BoFL": [568.3919326174498, 527.6072282913685, 513.2538732166768, 480.74548286247256, 480.74548286247256, 480.74548286247256, 480.74548286247256, 498.3948147140503, 480.74548286247256, 480.74548286247256, 480.74548286247256, 480.74548286247256, 480.74548286247256, 480.74548286247256, 576.6434590350866, 480.74548286247256, 480.74548286247256, 480.74548286247256, 599.333188066721, 480.74548286247256, 480.74548286247256, 480.74548286247256, 480.74548286247256, 480.74548286247256, 480.74548286247256, 480.74548286247256, 480.74548286247256, 480.74548286247256, 548.8243620753765, 480.74548286247256, 480.74548286247256, 480.74548286247256, 543.8844687017441, 480.74548286247256, 480.74548286247256, 480.74548286247256, 600.2610565288068, 480.74548286247256, 482.4664062206268, 480.74548286247256, 480.74548286247256, 480.74548286247256, 480.74548286247256, 482.7173742103577, 480.74548286247256, 483.21931018981934, 480.74548286247256, 480.74548286247256, 480.74548286247256, 480.74548286247256, 480.74548286247256, 480.74548286247256, 480.74548286247256, 480.74548286247256, 480.74548286247256, 480.74548286247256, 480.74548286247256, 480.74548286247256, 480.74548286247256, 510.7445481481314, 480.74548286247256, 480.74548286247256, 480.74548286247256, 480.74548286247256, 483.0400473400116, 480.74548286247256, 480.74548286247256, 480.74548286247256, 480.74548286247256, 480.74548286247256, 480.74548286247256, 480.74548286247256, 480.74548286247256, 480.74548286247256, 480.74548286247256, 480.74548286247256, 480.74548286247256, 480.74548286247256, 482.8966370601654, 480.74548286247256, 481.24741884193423, 480.74548286247256, 480.74548286247256, 480.74548286247256, 480.74548286247256, 483.5061307495117, 482.96834220008856, 480.74548286247256, 480.74548286247256, 480.74548286247256, 480.74548286247256, 480.74548286247256, 493.17513686909683, 480.74548286247256, 480.74548286247256, 480.74548286247256, 480.74548286247256, 480.74548286247256, 480.74548286247256, 480.74548286247256], "observations": [[2035200, 1300500000, 1866000000], [960000, 726750000, 1866000000], [1113600, 114750000, 1331200000], [2035200, 1134750000, 800000000], [960000, 420750000, 1600000000], [1267200, 114750000, 1600000000], [1574400, 216750000, 1331200000], [960000, 1300500000, 665600000], [1420800, 1134750000, 1331200000], [499200, 216750000, 1600000000], [1728000, 1236750000, 1600000000], [960000, 624750000, 1866000000], [1728000, 1134750000, 1331200000], [1267200, 726750000, 1866000000], [2035200, 1300500000, 1331200000], [1420800, 1236750000, 1331200000], [1420800, 1134750000, 1866000000], [960000, 828750000, 1866000000], [960000, 726750000, 1331200000], [1420800, 1032750000, 1331200000], [2035200, 624750000, 1331200000], [2035200, 420750000, 800000000], [345600, 930750000, 1331200000], [1728000, 828750000, 1600000000], [1574400, 522750000, 1331200000], [1420800, 930750000, 1866000000], [345600, 624750000, 1331200000], [960000, 1032750000, 1600000000], [1267200, 828750000, 1331200000], [1574400, 624750000, 408000000]], "ob_round_counter": [10, 20, 30], "phase": [0, 1, 3], "overhead": [[13.734599113464355, 53.51956527614593], [14.46562123298645, 55.65543431997299]],