{"Baseline": [632.2725184707642, 632.2725184707642, 632.2725184707642, 632.2725184707642, 632.2725184707642, 632.2725184707642, 632.2725184707642, 632.2725184707642, 632.2725184707642, 632.2725184707642, 632.2725184707642, 632.2725184707642, 632.2725184707642, 632.2725184707642, 632.2725184707642, 632.2725184707642, 632.2725184707642, 632.2725184707642, 632.2725184707642, 632.2725184707642, 632.2725184707642, 632.2725184707642, 632.2725184707642, 632.2725184707642, 632.2725184707642, 632.2725184707642, 632.2725184707642, 632.2725184707642, 632.2725184707642, 632.2725184707642, 632.2725184707642, 632.2725184707642, 632.2725184707642, 632.2725184707642, 632.2725184707642, 632.2725184707642, 632.2725184707642, 632.2725184707642, 632.2725184707642, 632.2725184707642, 632.2725184707642, 632.2725184707642, 632.2725184707642, 632.2725184707642, 632.2725184707642, 632.2725184707642, 632.2725184707642, 632.2725184707642, 632.2725184707642, 632.2725184707642, 632.2725184707642, 632.2725184707642, 632.2725184707642, 632.2725184707642, 632.2725184707642, 632.2725184707642, 632.2725184707642, 632.2725184707642, 632.2725184707642, 632.2725184707642, 632.2725184707642, 632.2725184707642, 632.2725184707642, 632.2725184707642, 632.2725184707642, 632.2725184707642, 632.2725184707642, 632.2725184707642, 632.2725184707642, 632.2725184707642, 632.2725184707642, 632.2725184707642, 632.2725184707642, 632.2725184707642, 632.2725184707642, 632.2725184707642, 632.2725184707642, 632.2725184707642, 632.2725184707642, 632.2725184707642, 632.2725184707642, 632.2725184707642, 632.2725184707642, 632.2725184707642, 632.2725184707642, 632.2725184707642, 632.2725184707642, 632.2725184707642, 632.2725184707642, 632.2725184707642, 632.2725184707642, 632.2725184707642, 632.2725184707642, 632.2725184707642, 632.2725184707642, 632.2725184707642, 632.2725184707642, 632.2725184707642, 632.2725184707642, 632.2725184707642], "Oracle": [475.35906616616245, 481.7463590872287, 519.50652218287, 476.59929974794386, 474.22671311151976, 482.6492495423794, 474.4544150903463, 561.2029972136021, 476.28553684723374, 481.54047671365737, 476.69730159437654, 481.32965499973295, 535.5045970601798, 477.5257704290151, 580.4247097679377, 473.7169465179443, 491.6331150122166, 479.99141957151886, 587.4495910234212, 474.63847785866255, 498.86217632617956, 479.0698882308006, 488.1091461814165, 481.95224146080017, 492.6057707231045, 485.3203606702805, 480.71200787901876, 474.22671311151976, 574.1763319363594, 501.6977675041199, 509.4701109030962, 473.7169465179443, 573.0315561033487, 476.70224093472956, 484.2756017327309, 486.946712860632, 587.9422950844049, 494.23787653260234, 542.4456827983141, 480.50612550544736, 473.7169465179443, 479.27577060437204, 525.8493482177735, 543.4443322371244, 492.81845080451967, 546.0103537513495, 474.5404760122299, 476.90812330830096, 506.98151739630697, 513.8820337376833, 479.47671363759036, 473.7169465179443, 509.6835441693306, 495.53862715368274, 505.9346348340035, 476.18259566044804, 529.2985165242673, 486.9474660454512, 497.6175029803753, 564.3114891129733, 473.7169465179443, 480.8198884061575, 480.40318431866166, 478.34929992330075, 545.0654278788567, 505.11858192925456, 476.90318396794794, 504.3025290245057, 476.80518212151526, 510.2275794391632, 479.9963589118719, 480.4081236590147, 475.05518194615837, 473.7169465179443, 533.8104007932186, 486.9474660454512, 476.80024278116224, 507.5667406435013, 544.4261902703047, 524.2524172034502, 538.1808324653149, 508.2261907421112, 475.6205286747932, 478.45224111008645, 496.2574148057938, 547.4904454050541, 544.5744988622665, 475.35906616616245, 510.9463670912743, 476.08459381401536, 474.21311258959764, 480.5110648458003, 556.9085959764719, 478.9669470440149, 482.7646643711567, 477.5257704290151, 513.2328098792791, 519.9991432351351, 478.65318414330477, 473.7169465179443], "BoFL": [574.2943859690429, 538.4483969918251, 614.9498932566881, 529.3474216429233, 481.0019190646172, 482.8785728302955, 481.0320880295754, 575.1490827317954, 481.2432707842827, 481.9069880133629, 481.3036087141991, 481.8768190484047, 536.04773073287, 481.40920009155275, 609.1008844313383, 480.9264966522217, 494.2261321066141, 481.7108897411346, 618.781417557478, 481.0471725120545, 500.7862081580639, 481.60529836378095, 489.826058101511, 481.95224146080017, 495.1524634761095, 486.27224555349346, 481.8013966360092, 481.0019190646172, 598.3329909792185, 503.6891962875367, 511.5414456911087, 480.79073630990985, 595.9711002028943, 481.3036087141991, 484.9628184116602, 488.2807346698761, 619.0312527595759, 496.5419605303526, 542.5147965296269, 481.771227671051, 480.86615872230533, 481.6203828462601, 527.1933934948206, 543.5926408290863, 495.30397640607356, 547.6718581422567, 481.0471725120545, 481.33377767915727, 509.0215533339739, 515.8760283504963, 481.65055181121824, 480.8963276872635, 511.7730285334826, 497.6998747422219, 508.0005734853745, 481.2432707842827, 530.3468564807891, 488.4365610472679, 499.55253748121265, 580.7649965733767, 480.9415811347008, 481.8164811184883, 481.7561431885719, 481.5147914689064, 545.9545316054106, 507.0216911124468, 481.31869319667817, 506.1754296553612, 481.31869319667817, 512.2550862323523, 481.7108897411346, 481.771227671051, 481.1075104419708, 480.85107423982623, 534.4309642836809, 488.3564911348581, 481.31869319667817, 509.6173399345637, 544.7011392996072, 525.5766270456314, 538.5107586391449, 510.1794675458431, 481.1678483718872, 481.52987595138546, 498.39462326934336, 550.4619469764709, 545.3099673659325, 481.137679406929, 512.8740782944918, 481.2281863018036, 480.9868345821381, 481.771227671051, 567.2762194807053, 481.59021388130185, 482.8785728302955, 481.40920009155275, 515.3371062007666, 521.5725891551494, 481.54496043386456, 480.86615872230533], "phase": [0, 1, 4], "overhead": [[13.9545738697052, 56.244488418102264], [14.451018333435059, 56.21987035822868], [13.811718463897705, 53.15595917773247]], "ddls": [79.70525893087738, 70.74599628078728, 63.84499342826184, 77.93677879990821, 81.26916125369175, 70.27688965701299, 80.89130904067594, 58.46082763679451, 78.42372228914816, 71.03656174364478, 77.84692080778912, 71.4133230016561, 61.484840261961054, 76.63119399886092, 56.48509927191293, 82.03890901813882, 68.25530751688464, 73.24321454065343, 56.09797218992763, 80.72312524101815, 67.08787035373555, 74.46257257432333, 69.03159151426334, 70.4855185907595, 68.0881798761115, 69.6838539219195, 72.25270980658674, 81.26740245204405, 57.11027551875865, 66.62963167506027, 65.38812019790925, 83.49494437688372, 57.24106760410628, 77.75015981003921, 69.91714445306357, 69.31368970577186, 56.08394580101858, 67.8293584788485, 60.4502163242061, 72.53679371776393, 82.72259178632011, 74.18353021896863, 62.90566364216301, 60.312633014635026, 68.06563070262948, 60.04207481697076, 80.75570432528261, 77.47762917572113, 65.7821642727265, 64.67668004893163, 73.99338892008221, 82.43698643701282, 65.34869701909466, 67.62569130441521, 65.94611082034307, 78.56002650952793, 62.40048393141547, 69.29861317857042, 67.28720619568459, 58.124925197043474, 81.91124351154728, 72.02849517793074, 72.68705053072807, 75.50701947808464, 60.14018205735634, 66.08472544170935, 77.56788968877483, 66.21554750351052, 77.60830700886623, 65.26667921562286, 73.18991326249163, 72.62309418102747, 80.05827309428595, 82.97809009709731, 61.72781551605922, 69.3113288374402, 77.70912713876648, 65.68817484156261, 60.21324146170768, 63.144564976683945, 61.08638124736329, 65.5757998921588, 79.31165782549348, 75.34908840945575, 67.50382642136539, 59.8890935966943, 60.176678499207455, 79.72430913989687, 65.14697147393079, 78.66574585389613, 81.31121782943431, 72.48326516617662, 58.911718632290885, 74.64920794598484, 70.27090914285485, 76.61332607130308, 64.77447287512484, 63.77331749882162, 75.12157958384265, 82.72560515428033], "min_ddl": 55.67622120678425}