{"Baseline": [632.2725184707642, 632.2725184707642, 632.2725184707642, 632.2725184707642, 632.2725184707642, 632.2725184707642, 632.2725184707642, 632.2725184707642, 632.2725184707642, 632.2725184707642, 632.2725184707642, 632.2725184707642, 632.2725184707642, 632.2725184707642, 632.2725184707642, 632.2725184707642, 632.2725184707642, 632.2725184707642, 632.2725184707642, 632.2725184707642, 632.2725184707642, 632.2725184707642, 632.2725184707642, 632.2725184707642, 632.2725184707642, 632.2725184707642, 632.2725184707642, 632.2725184707642, 632.2725184707642, 632.2725184707642, 632.2725184707642, 632.2725184707642, 632.2725184707642, 632.2725184707642, 632.2725184707642, 632.2725184707642, 632.2725184707642, 632.2725184707642, 632.2725184707642, 632.2725184707642, 632.2725184707642, 632.2725184707642, 632.2725184707642, 632.2725184707642, 632.2725184707642, 632.2725184707642, 632.2725184707642, 632.2725184707642, 632.2725184707642, 632.2725184707642, 632.2725184707642, 632.2725184707642, 632.2725184707642, 632.2725184707642, 632.2725184707642, 632.2725184707642, 632.2725184707642, 632.2725184707642, 632.2725184707642, 632.2725184707642, 632.2725184707642, 632.2725184707642, 632.2725184707642, 632.2725184707642, 632.2725184707642, 632.2725184707642, 632.2725184707642, 632.2725184707642, 632.2725184707642, 632.2725184707642, 632.2725184707642, 632.2725184707642, 632.2725184707642, 632.2725184707642, 632.2725184707642, 632.2725184707642, 632.2725184707642, 632.2725184707642, 632.2725184707642, 632.2725184707642, 632.2725184707642, 632.2725184707642, 632.2725184707642, 632.2725184707642, 632.2725184707642, 632.2725184707642, 632.2725184707642, 632.2725184707642, 632.2725184707642, 632.2725184707642, 632.2725184707642, 632.2725184707642, 632.2725184707642, 632.2725184707642, 632.2725184707642, 632.2725184707642, 632.2725184707642, 632.2725184707642, 632.2725184707642, 632.2725184707642], "Oracle": [473.7169465179443, 473.7169465179443, 480.8198884061575, 473.7169465179443, 473.7169465179443, 473.7169465179443, 473.7169465179443, 537.0932119880438, 473.7169465179443, 473.7169465179443, 473.7169465179443, 473.7169465179443, 497.6175029803753, 473.7169465179443, 572.5454968227148, 473.7169465179443, 474.53553667187686, 473.7169465179443, 579.9508248271943, 473.7169465179443, 476.18753500080106, 473.7169465179443, 473.7169465179443, 473.7169465179443, 474.7463583858013, 473.7169465179443, 473.7169465179443, 473.7169465179443, 560.3621431684494, 476.90318396794794, 478.65318414330477, 473.7169465179443, 557.8953237456084, 473.7169465179443, 473.7169465179443, 473.7169465179443, 580.0991334191561, 475.15318379259105, 510.44323478410246, 473.7169465179443, 473.7169465179443, 473.7169465179443, 483.3462576239586, 512.1498524597168, 474.8138794454097, 515.6833287469626, 473.7169465179443, 473.7169465179443, 478.04047636294365, 479.68259601116176, 473.7169465179443, 473.7169465179443, 478.6581234836578, 475.46200735294815, 477.83459398937225, 473.7169465179443, 487.76064214062694, 473.7169465179443, 475.87871144044396, 541.6217065576316, 473.7169465179443, 473.7169465179443, 473.7169465179443, 473.7169465179443, 514.4206708727122, 477.62871161580085, 473.7169465179443, 477.42282924222945, 473.7169465179443, 478.85906651687617, 473.7169465179443, 473.7169465179443, 473.7169465179443, 473.7169465179443, 494.55765535633566, 473.7169465179443, 473.7169465179443, 478.241419396162, 513.3894126854182, 481.84930027401447, 502.51382040886887, 478.34929992330075, 473.7169465179443, 473.7169465179443, 475.56988788008687, 517.8289362165451, 513.8820337376833, 473.7169465179443, 478.9669470440149, 473.7169465179443, 473.7169465179443, 473.7169465179443, 530.976102490592, 473.7169465179443, 473.7169465179443, 473.7169465179443, 479.4985332428455, 480.9228295929431, 473.7169465179443, 473.7169465179443], "BoFL": [568.3919326174498, 527.6072282913685, 607.07782068789, 521.4045972877741, 480.74548286247256, 480.74548286247256, 480.74548286247256, 543.2270782535077, 480.74548286247256, 480.74548286247256, 480.74548286247256, 480.74548286247256, 504.76042701179983, 480.74548286247256, 585.2585636789798, 480.74548286247256, 483.05785084340573, 480.74548286247256, 604.4517060290575, 480.74548286247256, 484.8196550193548, 480.74548286247256, 481.9567232334376, 480.74548286247256, 483.35011870617865, 481.03775072524553, 480.74548286247256, 480.74548286247256, 570.406785299492, 485.48033158533576, 487.2421357612848, 480.74548286247256, 567.4480903681755, 480.74548286247256, 480.74548286247256, 481.5162721894503, 605.3564590571403, 483.71852740938664, 517.9186931309938, 480.74548286247256, 480.74548286247256, 480.74548286247256, 495.3926692844868, 519.6518514566184, 483.3881891263962, 523.2985003455877, 480.74548286247256, 480.74548286247256, 486.6915719563007, 488.30519295103545, 480.74548286247256, 480.74548286247256, 487.3522485222816, 484.01079527215956, 486.47134643430707, 480.74548286247256, 498.7310827404022, 481.5883145302296, 484.48931673636434, 547.6131669599056, 480.74548286247256, 480.74548286247256, 480.74548286247256, 480.74548286247256, 521.8448958098173, 486.25112091231347, 480.74548286247256, 486.03089539031976, 480.74548286247256, 487.4623612832784, 480.74548286247256, 480.74548286247256, 480.74548286247256, 480.74548286247256, 503.12819351036546, 481.5162721894503, 480.74548286247256, 486.8016847172976, 521.1054559923888, 493.7604357830524, 509.7831518672228, 487.0219102392912, 480.74548286247256, 480.74548286247256, 484.15897845337395, 525.1344623396158, 521.5157658958913, 480.74548286247256, 487.5724740442753, 480.74548286247256, 480.74548286247256, 480.74548286247256, 537.6560923097849, 480.74548286247256, 480.74548286247256, 480.74548286247256, 488.12303784925933, 489.6573074106216, 480.74548286247256, 480.74548286247256], "phase": [0, 1, 4], "overhead": [[13.847535133361816, 53.27512408685684], [14.547832727432251, 55.75963514375687], [13.973756790161133, 53.87782478189468]], "ddls": [103.7342966549705, 85.8157713547903, 72.01376564973941, 100.19733639303216, 106.86210130059925, 84.87755810724171, 106.10639687456765, 61.245434066804776, 101.17122337151206, 86.39690228050532, 100.01762040879399, 87.15042479652794, 67.29345931713786, 97.5861667909376, 57.2939773370416, 108.40159682949339, 80.83439382698502, 90.81020787452262, 56.519723173071014, 105.77002927525206, 78.49951950068684, 93.24892394186242, 82.38696182174245, 85.29481597473473, 80.50013854543874, 83.69148663705475, 88.82919840638922, 106.85858369730387, 58.544329830733055, 77.58304214333626, 75.10001918903426, 111.3136675469832, 58.80591400142831, 99.82409841329415, 84.1580676993429, 82.9511582047595, 56.4916703952529, 79.98249575091276, 65.22421144162796, 89.39736622874359, 109.76896236585596, 92.690839231153, 70.13510607754176, 64.9490448224858, 80.45504019847469, 64.40792842715726, 105.83518744378098, 99.27903714465803, 75.88810733866876, 73.677138891079, 92.31055663338016, 109.19775166724139, 75.02117283140507, 79.57516140204618, 76.21600043390188, 101.44383181227163, 69.1247466560467, 82.92100515035659, 78.89819118458492, 60.573629187302714, 108.1462658163103, 88.38076914907721, 89.6978798546719, 95.33781774938505, 64.60414290792843, 76.49322967663447, 99.45955817076539, 76.75487380023678, 99.5403928109482, 74.85713722446148, 90.70360531819902, 89.56996715527066, 104.44032498178764, 110.27995898741037, 67.7794098253342, 82.94643646809617, 99.74203307074869, 75.70012847634098, 64.75026171663113, 70.61290874658364, 66.49654128794235, 75.47537857753335, 102.94709444420273, 95.02195561212726, 79.33143163594653, 64.10196598660436, 64.67713579163066, 103.77239707300951, 74.61772174107733, 101.65527050100802, 106.94621445208436, 89.290309125569, 62.14721605779751, 93.62219468518542, 84.86559707892545, 97.55043093582191, 73.87272454346545, 71.87041379085899, 94.56693796090104, 109.77498910177643], "min_ddl": 55.67622120678425}