{"Baseline": [632.2725184707642, 632.2725184707642, 632.2725184707642, 632.2725184707642, 632.2725184707642, 632.2725184707642, 632.2725184707642, 632.2725184707642, 632.2725184707642, 632.2725184707642, 632.2725184707642, 632.2725184707642, 632.2725184707642, 632.2725184707642, 632.2725184707642, 632.2725184707642, 632.2725184707642, 632.2725184707642, 632.2725184707642, 632.2725184707642, 632.2725184707642, 632.2725184707642, 632.2725184707642, 632.2725184707642, 632.2725184707642, 632.2725184707642, 632.2725184707642, 632.2725184707642, 632.2725184707642, 632.2725184707642, 632.2725184707642, 632.2725184707642, 632.2725184707642, 632.2725184707642, 632.2725184707642, 632.2725184707642, 632.2725184707642, 632.2725184707642, 632.2725184707642, 632.2725184707642, 632.2725184707642, 632.2725184707642, 632.2725184707642, 632.2725184707642, 632.2725184707642, 632.2725184707642, 632.2725184707642, 632.2725184707642, 632.2725184707642, 632.2725184707642, 632.2725184707642, 632.2725184707642, 632.2725184707642, 632.2725184707642, 632.2725184707642, 632.2725184707642, 632.2725184707642, 632.2725184707642, 632.2725184707642, 632.2725184707642, 632.2725184707642, 632.2725184707642, 632.2725184707642, 632.2725184707642, 632.2725184707642, 632.2725184707642, 632.2725184707642, 632.2725184707642, 632.2725184707642, 632.2725184707642, 632.2725184707642, 632.2725184707642, 632.2725184707642, 632.2725184707642, 632.2725184707642, 632.2725184707642, 632.2725184707642, 632.2725184707642, 632.2725184707642, 632.2725184707642, 632.2725184707642, 632.2725184707642, 632.2725184707642, 632.2725184707642, 632.2725184707642, 632.2725184707642, 632.2725184707642, 632.2725184707642, 632.2725184707642, 632.2725184707642, 632.2725184707642, 632.2725184707642, 632.2725184707642, 632.2725184707642, 632.2725184707642, 632.2725184707642, 632.2725184707642, 632.2725184707642, 632.2725184707642, 632.2725184707642], "Oracle": [473.7169465179443, 473.7169465179443, 473.7169465179443, 473.7169465179443, 473.7169465179443, 473.7169465179443, 473.7169465179443, 500.5420433244944, 473.7169465179443, 473.7169465179443, 473.7169465179443, 473.7169465179443, 475.87871144044396, 473.7169465179443, 556.9085959764719, 473.7169465179443, 473.7169465179443, 473.7169465179443, 571.7095125135183, 473.7169465179443, 473.7169465179443, 473.7169465179443, 473.7169465179443, 473.7169465179443, 473.7169465179443, 473.7169465179443, 473.7169465179443, 473.7169465179443, 535.9462539572716, 473.7169465179443, 473.7169465179443, 473.7169465179443, 532.4460423114539, 473.7169465179443, 473.7169465179443, 473.7169465179443, 572.2053112660647, 473.7169465179443, 478.86400585722924, 473.7169465179443, 473.7169465179443, 473.7169465179443, 473.7169465179443, 479.27577060437204, 473.7169465179443, 480.09436075830456, 473.7169465179443, 473.7169465179443, 473.7169465179443, 473.7169465179443, 473.7169465179443, 473.7169465179443, 473.7169465179443, 473.7169465179443, 473.7169465179443, 473.7169465179443, 473.7169465179443, 473.7169465179443, 473.7169465179443, 508.9268288180828, 473.7169465179443, 473.7169465179443, 473.7169465179443, 473.7169465179443, 479.78553719794746, 473.7169465179443, 473.7169465179443, 473.7169465179443, 473.7169465179443, 473.7169465179443, 473.7169465179443, 473.7169465179443, 473.7169465179443, 473.7169465179443, 475.2087639276504, 473.7169465179443, 473.7169465179443, 473.7169465179443, 479.57965482437606, 473.7169465179443, 477.01106449508666, 473.7169465179443, 473.7169465179443, 473.7169465179443, 473.7169465179443, 480.50612550544736, 479.68259601116176, 473.7169465179443, 473.7169465179443, 473.7169465179443, 473.7169465179443, 473.7169465179443, 489.9670812141419, 473.7169465179443, 473.7169465179443, 473.7169465179443, 473.7169465179443, 473.7169465179443, 473.7169465179443, 473.7169465179443], "BoFL": [568.3919326174498, 527.6072282913685, 538.8928248531104, 480.74548286247256, 480.74548286247256, 480.74548286247256, 480.74548286247256, 513.1961887177229, 480.74548286247256, 480.74548286247256, 480.74548286247256, 480.74548286247256, 484.48931673636434, 480.74548286247256, 566.1601996497869, 480.74548286247256, 480.74548286247256, 480.74548286247256, 591.9173416618347, 480.74548286247256, 480.74548286247256, 480.74548286247256, 480.74548286247256, 480.74548286247256, 480.74548286247256, 480.74548286247256, 480.74548286247256, 480.74548286247256, 538.5083817338705, 480.74548286247256, 480.74548286247256, 480.74548286247256, 535.9844359295845, 480.74548286247256, 480.74548286247256, 480.74548286247256, 592.6525513088703, 480.74548286247256, 487.4623612832784, 480.74548286247256, 480.74548286247256, 480.74548286247256, 480.74548286247256, 487.90281232726574, 480.74548286247256, 488.67360165424344, 480.74548286247256, 480.74548286247256, 480.74548286247256, 480.74548286247256, 480.74548286247256, 480.74548286247256, 480.74548286247256, 480.74548286247256, 480.74548286247256, 480.74548286247256, 481.8466104724408, 480.74548286247256, 480.74548286247256, 519.5950337534666, 480.74548286247256, 480.74548286247256, 480.74548286247256, 480.74548286247256, 488.45337613224984, 480.74548286247256, 480.74548286247256, 480.74548286247256, 480.74548286247256, 480.74548286247256, 480.74548286247256, 480.74548286247256, 480.74548286247256, 480.74548286247256, 483.82864017038344, 480.74548286247256, 480.74548286247256, 480.74548286247256, 488.23315061025613, 480.74548286247256, 485.70055710732936, 480.74548286247256, 480.74548286247256, 480.74548286247256, 480.74548286247256, 489.1140526982307, 488.343263371253, 480.74548286247256, 480.74548286247256, 480.74548286247256, 480.74548286247256, 480.74548286247256, 504.9125071046352, 480.74548286247256, 480.74548286247256, 480.74548286247256, 480.74548286247256, 480.74548286247256, 480.74548286247256, 480.74548286247256], "phase": [0, 1, 3], "overhead": [[14.05910348892212, 55.681348896741866], [14.677657842636108, 57.71137510418892]], "ddls": [151.79237210315677, 115.95532150279637, 88.35131009269458, 144.71845157928007, 158.04798139441425, 114.07889500769919, 156.53657254235105, 66.81464692682532, 146.66622553623986, 117.1175833542264, 144.35901961080373, 118.62462838627164, 78.91069742749146, 139.49611237509095, 58.911733467298966, 161.12697245220252, 105.99256644718578, 125.94419454226097, 57.36322513935779, 155.86383734371987, 101.32281779458944, 130.82162667694058, 109.09770243670063, 114.91341074268523, 105.32405588409324, 111.70675206732525, 121.98217560599419, 158.0409461878235, 61.412438454681855, 99.48986307988828, 94.52381717128425, 166.95111388718215, 61.93560679607238, 143.97197561980406, 112.63991419190154, 110.22609520273475, 57.30711958372155, 104.28877029504126, 74.77220167647168, 123.11851125070295, 163.86170352492766, 129.70545725552176, 84.59399094829928, 74.22186843818734, 105.23385919016515, 73.13963564753028, 155.9941536807777, 142.88185308253182, 96.0999934705533, 91.67805657537376, 128.94489205997607, 162.71928212769853, 94.36612445602589, 103.47410159730809, 96.75577966101952, 147.211442417759, 82.57327210530916, 110.16578909392894, 102.12016116238559, 65.47103716782118, 160.61631042583636, 121.08531709137017, 123.71953850255954, 134.99941429198586, 73.5320646090726, 97.31023814648469, 143.24289513474653, 97.8335263936893, 143.40456441511216, 94.03805324213872, 125.7309894296138, 123.46371310375709, 153.20442875679103, 164.8836967680365, 79.88259844388412, 110.21665172940808, 143.80784493471313, 95.72403574589771, 73.82430222647803, 85.54959628638305, 77.31686136910045, 95.27453594828245, 150.21796768162122, 134.36769001747027, 102.98664206510881, 72.52771076642443, 73.67805037647707, 151.86857293923478, 93.5592222753704, 147.6343197952318, 158.21620769738448, 122.90439704435374, 68.61821090881077, 131.5681681635866, 114.05497295106666, 139.42464066485957, 92.06922788014666, 88.06460637493375, 133.45765471501784, 163.8737569967686], "min_ddl": 55.67622120678425}