{"Baseline": [632.2725184707642, 632.2725184707642, 632.2725184707642, 632.2725184707642, 632.2725184707642, 632.2725184707642, 632.2725184707642, 632.2725184707642, 632.2725184707642, 632.2725184707642, 632.2725184707642, 632.2725184707642, 632.2725184707642, 632.2725184707642, 632.2725184707642, 632.2725184707642, 632.2725184707642, 632.2725184707642, 632.2725184707642, 632.2725184707642, 632.2725184707642, 632.2725184707642, 632.2725184707642, 632.2725184707642, 632.2725184707642, 632.2725184707642, 632.2725184707642, 632.2725184707642, 632.2725184707642, 632.2725184707642, 632.2725184707642, 632.2725184707642, 632.2725184707642, 632.2725184707642, 632.2725184707642, 632.2725184707642, 632.2725184707642, 632.2725184707642, 632.2725184707642, 632.2725184707642, 632.2725184707642, 632.2725184707642, 632.2725184707642, 632.2725184707642, 632.2725184707642, 632.2725184707642, 632.2725184707642, 632.2725184707642, 632.2725184707642, 632.2725184707642, 632.2725184707642, 632.2725184707642, 632.2725184707642, 632.2725184707642, 632.2725184707642, 632.2725184707642, 632.2725184707642, 632.2725184707642, 632.2725184707642, 632.2725184707642, 632.2725184707642, 632.2725184707642, 632.2725184707642, 632.2725184707642, 632.2725184707642, 632.2725184707642, 632.2725184707642, 632.2725184707642, 632.2725184707642, 632.2725184707642, 632.2725184707642, 632.2725184707642, 632.2725184707642, 632.2725184707642, 632.2725184707642, 632.2725184707642, 632.2725184707642, 632.2725184707642, 632.2725184707642, 632.2725184707642, 632.2725184707642, 632.2725184707642, 632.2725184707642, 632.2725184707642, 632.2725184707642, 632.2725184707642, 632.2725184707642, 632.2725184707642, 632.2725184707642, 632.2725184707642, 632.2725184707642, 632.2725184707642, 632.2725184707642, 632.2725184707642, 632.2725184707642, 632.2725184707642, 632.2725184707642, 632.2725184707642, 632.2725184707642, 632.2725184707642], "Oracle": [475.35906616616245, 481.7463590872287, 519.50652218287, 476.59929974794386, 474.22671311151976, 482.6492495423794, 474.4544150903463, 561.2029972136021, 476.28553684723374, 481.54047671365737, 476.69730159437654, 481.32965499973295, 535.5045970601798, 477.5257704290151, 580.4247097679377, 473.7169465179443, 491.6331150122166, 479.99141957151886, 587.4495910234212, 474.63847785866255, 498.86217632617956, 479.0698882308006, 488.1091461814165, 481.95224146080017, 492.6057707231045, 485.3203606702805, 480.71200787901876, 474.22671311151976, 574.1763319363594, 501.6977675041199, 509.4701109030962, 473.7169465179443, 573.0315561033487, 476.70224093472956, 484.2756017327309, 486.946712860632, 587.9422950844049, 494.23787653260234, 542.4456827983141, 480.50612550544736, 473.7169465179443, 479.27577060437204, 525.8493482177735, 543.4443322371244, 492.81845080451967, 546.0103537513495, 474.5404760122299, 476.90812330830096, 506.98151739630697, 513.8820337376833, 479.47671363759036, 473.7169465179443, 509.6835441693306, 495.53862715368274, 505.9346348340035, 476.18259566044804, 529.2985165242673, 486.9474660454512, 497.6175029803753, 564.3114891129733, 473.7169465179443, 480.8198884061575, 480.40318431866166, 478.34929992330075, 545.0654278788567, 505.11858192925456, 476.90318396794794, 504.3025290245057, 476.80518212151526, 510.2275794391632, 479.9963589118719, 480.4081236590147, 475.05518194615837, 473.7169465179443, 533.8104007932186, 486.9474660454512, 476.80024278116224, 507.5667406435013, 544.4261902703047, 524.2524172034502, 538.1808324653149, 508.2261907421112, 475.6205286747932, 478.45224111008645, 496.2574148057938, 547.4904454050541, 544.5744988622665, 475.35906616616245, 510.9463670912743, 476.08459381401536, 474.21311258959764, 480.5110648458003, 556.9085959764719, 478.9669470440149, 482.7646643711567, 477.5257704290151, 513.2328098792791, 519.9991432351351, 478.65318414330477, 473.7169465179443], "BoFL": [574.2943859690429, 538.4483969918251, 618.6723383731127, 531.6007424633026, 482.5830178075314, 489.9331575877667, 482.84552279968267, 574.051204533577, 484.55180524866586, 489.53940009953976, 484.9455627368927, 489.27689510738855, 544.4249287905693, 485.7330777133465, 605.554545118642, 482.0580078232289, 491.75171093506816, 487.96437014663223, 618.3924420706511, 482.9767752957583, 500.35419350633623, 487.17685517017844, 490.85192506029614, 489.8019050916911, 493.09080961878306, 490.3269150759936, 488.62063262701037, 482.5830178075314, 587.4022636732578, 503.71740573623185, 512.8259166940451, 481.1392403506995, 586.0427923343182, 484.9455627368927, 490.19566257991795, 490.5894200681448, 618.8403633342505, 494.78788125433925, 554.5760922524214, 488.48938013093476, 481.664250335002, 487.4393601623297, 530.7158966990471, 555.9868672878026, 493.26979609470374, 558.5326791443824, 482.9767752957583, 485.208067729044, 509.789746374774, 517.8862005594968, 487.5706126584053, 481.7955028310776, 513.0049031699658, 496.3059664139748, 508.7776896016836, 484.4205527525902, 535.4542501917363, 490.5894200681448, 498.8361083467007, 577.475534729147, 482.1892603193045, 488.8831376191617, 488.35812763485916, 486.5205926898003, 557.6733805373669, 507.76563282859325, 485.07681523296833, 506.7535760555029, 485.07681523296833, 513.510931556511, 488.09562264270784, 488.35812763485916, 483.5017852800608, 481.53299783892635, 541.9304206304312, 490.5894200681448, 485.07681523296833, 510.4747612372398, 556.9679930196762, 529.1978115394115, 548.2789082896471, 511.3078315344095, 483.89554276828767, 486.6518451858759, 497.31802318706514, 559.9434541797638, 557.1219041090011, 483.6330377761364, 514.5229883296013, 484.4205527525902, 482.5830178075314, 488.48938013093476, 569.7162720345497, 487.04560267410284, 489.9331575877667, 485.7330777133465, 517.0531302623272, 524.4645695845843, 486.7830976819516, 481.664250335002], "observations": [[2035200, 1300500000, 1866000000], [960000, 726750000, 1866000000], [1113600, 114750000, 1331200000], [2035200, 1134750000, 800000000], [960000, 420750000, 1600000000], [1267200, 114750000, 1600000000], [1574400, 216750000, 1331200000], [960000, 1300500000, 665600000], [1420800, 1134750000, 1331200000], [499200, 216750000, 1600000000], [1728000, 1236750000, 1600000000], [960000, 624750000, 1866000000], [1728000, 1134750000, 1331200000], [1267200, 726750000, 1866000000], [2035200, 1300500000, 1331200000], [1420800, 1236750000, 1331200000], [1420800, 1134750000, 1866000000], [960000, 828750000, 1866000000], [960000, 726750000, 1331200000], [1420800, 1032750000, 1331200000], [1728000, 522750000, 1331200000], [1728000, 828750000, 1600000000], [2035200, 420750000, 800000000], [1420800, 828750000, 1331200000], [1574400, 930750000, 1866000000], [345600, 624750000, 1331200000], [345600, 930750000, 1600000000], [1267200, 930750000, 1600000000], [1881600, 1032750000, 1866000000], [1574400, 1300500000, 1866000000], [1267200, 522750000, 800000000], [1420800, 828750000, 1866000000], [1574400, 1134750000, 1866000000]], "ob_round_counter": [10, 20, 23, 33], "phase": [0, 1, 4], "overhead": [[13.772304773330688, 53.22389396286011], [14.579046964645386, 56.126951940774916], [13.897712469100952, 53.422957926034925]],