{"Baseline": [632.2725184707642, 632.2725184707642, 632.2725184707642, 632.2725184707642, 632.2725184707642, 632.2725184707642, 632.2725184707642, 632.2725184707642, 632.2725184707642, 632.2725184707642, 632.2725184707642, 632.2725184707642, 632.2725184707642, 632.2725184707642, 632.2725184707642, 632.2725184707642, 632.2725184707642, 632.2725184707642, 632.2725184707642, 632.2725184707642, 632.2725184707642, 632.2725184707642, 632.2725184707642, 632.2725184707642, 632.2725184707642, 632.2725184707642, 632.2725184707642, 632.2725184707642, 632.2725184707642, 632.2725184707642, 632.2725184707642, 632.2725184707642, 632.2725184707642, 632.2725184707642, 632.2725184707642, 632.2725184707642, 632.2725184707642, 632.2725184707642, 632.2725184707642, 632.2725184707642, 632.2725184707642, 632.2725184707642, 632.2725184707642, 632.2725184707642, 632.2725184707642, 632.2725184707642, 632.2725184707642, 632.2725184707642, 632.2725184707642, 632.2725184707642, 632.2725184707642, 632.2725184707642, 632.2725184707642, 632.2725184707642, 632.2725184707642, 632.2725184707642, 632.2725184707642, 632.2725184707642, 632.2725184707642, 632.2725184707642, 632.2725184707642, 632.2725184707642, 632.2725184707642, 632.2725184707642, 632.2725184707642, 632.2725184707642, 632.2725184707642, 632.2725184707642, 632.2725184707642, 632.2725184707642, 632.2725184707642, 632.2725184707642, 632.2725184707642, 632.2725184707642, 632.2725184707642, 632.2725184707642, 632.2725184707642, 632.2725184707642, 632.2725184707642, 632.2725184707642, 632.2725184707642, 632.2725184707642, 632.2725184707642, 632.2725184707642, 632.2725184707642, 632.2725184707642, 632.2725184707642, 632.2725184707642, 632.2725184707642, 632.2725184707642, 632.2725184707642, 632.2725184707642, 632.2725184707642, 632.2725184707642, 632.2725184707642, 632.2725184707642, 632.2725184707642, 632.2725184707642, 632.2725184707642, 632.2725184707642], "Oracle": [473.7169465179443, 473.7169465179443, 480.8198884061575, 473.7169465179443, 473.7169465179443, 473.7169465179443, 473.7169465179443, 537.0932119880438, 473.7169465179443, 473.7169465179443, 473.7169465179443, 473.7169465179443, 497.6175029803753, 473.7169465179443, 572.5454968227148, 473.7169465179443, 474.53553667187686, 473.7169465179443, 579.9508248271943, 473.7169465179443, 476.18753500080106, 473.7169465179443, 473.7169465179443, 473.7169465179443, 474.7463583858013, 473.7169465179443, 473.7169465179443, 473.7169465179443, 560.3621431684494, 476.90318396794794, 478.65318414330477, 473.7169465179443, 557.8953237456084, 473.7169465179443, 473.7169465179443, 473.7169465179443, 580.0991334191561, 475.15318379259105, 510.44323478410246, 473.7169465179443, 473.7169465179443, 473.7169465179443, 483.3462576239586, 512.1498524597168, 474.8138794454097, 515.6833287469626, 473.7169465179443, 473.7169465179443, 478.04047636294365, 479.68259601116176, 473.7169465179443, 473.7169465179443, 478.6581234836578, 475.46200735294815, 477.83459398937225, 473.7169465179443, 487.76064214062694, 473.7169465179443, 475.87871144044396, 541.6217065576316, 473.7169465179443, 473.7169465179443, 473.7169465179443, 473.7169465179443, 514.4206708727122, 477.62871161580085, 473.7169465179443, 477.42282924222945, 473.7169465179443, 478.85906651687617, 473.7169465179443, 473.7169465179443, 473.7169465179443, 473.7169465179443, 494.55765535633566, 473.7169465179443, 473.7169465179443, 478.241419396162, 513.3894126854182, 481.84930027401447, 502.51382040886887, 478.34929992330075, 473.7169465179443, 473.7169465179443, 475.56988788008687, 517.8289362165451, 513.8820337376833, 473.7169465179443, 478.9669470440149, 473.7169465179443, 473.7169465179443, 473.7169465179443, 530.976102490592, 473.7169465179443, 473.7169465179443, 473.7169465179443, 479.4985332428455, 480.9228295929431, 473.7169465179443, 473.7169465179443], "BoFL": [568.3919326174498, 527.6072282913685, 609.3146168434382, 520.164182660985, 480.74548286247256, 480.74548286247256, 480.74548286247256, 538.2653630000591, 480.74548286247256, 480.74548286247256, 480.74548286247256, 480.74548286247256, 504.848802072525, 480.74548286247256, 595.1124369344711, 480.74548286247256, 481.9644702411652, 480.74548286247256, 608.6369502002955, 480.74548286247256, 482.8607844902039, 480.74548286247256, 481.3908291217804, 480.74548286247256, 482.1078805210114, 480.88889314231875, 480.74548286247256, 480.74548286247256, 573.6458552238942, 483.1834576198578, 486.79895550136564, 480.74548286247256, 569.1384398528338, 480.74548286247256, 480.74548286247256, 481.17571370201114, 608.8510492292404, 482.28714337081914, 516.293992649436, 480.74548286247256, 480.74548286247256, 480.74548286247256, 498.2128290684223, 517.9248476528645, 482.1078805210114, 520.8306355596065, 480.74548286247256, 480.74548286247256, 484.9408830602169, 490.21380889353753, 480.74548286247256, 480.74548286247256, 487.06439442152976, 482.43055365066533, 484.1445662997246, 480.74548286247256, 500.6017793498993, 481.17571370201114, 482.7173742103577, 542.1397468757153, 480.74548286247256, 480.74548286247256, 480.74548286247256, 480.74548286247256, 519.8620395906926, 483.61368845939637, 480.74548286247256, 483.5061307495117, 480.74548286247256, 487.32983334169387, 480.74548286247256, 480.74548286247256, 480.74548286247256, 480.74548286247256, 503.7870463918686, 481.17571370201114, 480.74548286247256, 485.4717609005451, 518.8934436217785, 497.15107338776585, 509.2074839326382, 486.00263874087335, 480.74548286247256, 480.74548286247256, 482.5381113605499, 522.5898664473772, 519.3777416062355, 480.74548286247256, 487.8607111820221, 480.74548286247256, 480.74548286247256, 480.74548286247256, 533.422383155489, 480.74548286247256, 480.74548286247256, 480.74548286247256, 489.71878362317085, 494.2312452659607, 480.74548286247256, 480.74548286247256], "observations": [[2035200, 1300500000, 1866000000], [960000, 726750000, 1866000000], [1113600, 114750000, 1331200000], [2035200, 1134750000, 800000000], [960000, 420750000, 1600000000], [1267200, 114750000, 1600000000], [1574400, 216750000, 1331200000], [960000, 1300500000, 665600000], [1420800, 1134750000, 1331200000], [499200, 216750000, 1600000000], [1728000, 1236750000, 1600000000], [960000, 624750000, 1866000000], [1728000, 1134750000, 1331200000], [1267200, 726750000, 1866000000], [2035200, 1300500000, 1331200000], [1420800, 1236750000, 1331200000], [1420800, 1134750000, 1866000000], [960000, 828750000, 1866000000], [960000, 726750000, 1331200000], [1420800, 1032750000, 1331200000], [1267200, 930750000, 1866000000], [1728000, 522750000, 800000000], [1420800, 828750000, 1866000000], [1574400, 1300500000, 1866000000], [1420800, 828750000, 665600000], [1574400, 1032750000, 1866000000], [2035200, 420750000, 1866000000], [960000, 522750000, 408000000], [345600, 930750000, 1331200000], [2035200, 726750000, 1600000000], [1574400, 930750000, 1600000000], [345600, 624750000, 1600000000], [2035200, 1032750000, 1866000000], [1267200, 828750000, 1331200000], [960000, 1032750000, 1600000000], [345600, 1300500000, 1600000000], [1574400, 726750000, 1331200000], [1113600, 1236750000, 1866000000]], "ob_round_counter": [10, 20, 28, 38], "phase": [0, 1, 4], "overhead": [[13.877066135406494, 54.40284352207184], [14.579763174057007, 57.102765306949614], [13.963913679122925, 53.37243481278419]],