{"Baseline": [901.1084398365022, 901.1084398365022, 901.1084398365022, 901.1084398365022, 901.1084398365022, 901.1084398365022, 901.1084398365022, 901.1084398365022, 901.1084398365022, 901.1084398365022, 901.1084398365022, 901.1084398365022, 901.1084398365022, 901.1084398365022, 901.1084398365022, 901.1084398365022, 901.1084398365022, 901.1084398365022, 901.1084398365022, 901.1084398365022, 901.1084398365022, 901.1084398365022, 901.1084398365022, 901.1084398365022, 901.1084398365022, 901.1084398365022, 901.1084398365022, 901.1084398365022, 901.1084398365022, 901.1084398365022, 901.1084398365022, 901.1084398365022, 901.1084398365022, 901.1084398365022, 901.1084398365022, 901.1084398365022, 901.1084398365022, 901.1084398365022, 901.1084398365022, 901.1084398365022, 901.1084398365022, 901.1084398365022, 901.1084398365022, 901.1084398365022, 901.1084398365022, 901.1084398365022, 901.1084398365022, 901.1084398365022, 901.1084398365022, 901.1084398365022, 901.1084398365022, 901.1084398365022, 901.1084398365022, 901.1084398365022, 901.1084398365022, 901.1084398365022, 901.1084398365022, 901.1084398365022, 901.1084398365022, 901.1084398365022, 901.1084398365022, 901.1084398365022, 901.1084398365022, 901.1084398365022, 901.1084398365022, 901.1084398365022, 901.1084398365022, 901.1084398365022, 901.1084398365022, 901.1084398365022, 901.1084398365022, 901.1084398365022, 901.1084398365022, 901.1084398365022, 901.1084398365022, 901.1084398365022, 901.1084398365022, 901.1084398365022, 901.1084398365022, 901.1084398365022, 901.1084398365022, 901.1084398365022, 901.1084398365022, 901.1084398365022, 901.1084398365022, 901.1084398365022, 901.1084398365022, 901.1084398365022, 901.1084398365022, 901.1084398365022, 901.1084398365022, 901.1084398365022, 901.1084398365022, 901.1084398365022, 901.1084398365022, 901.1084398365022, 901.1084398365022, 901.1084398365022, 901.1084398365022, 901.1084398365022], "Oracle": [652.2353289699555, 652.2577653919459, 652.2353289699555, 652.2353289699555, 652.2353289699555, 652.2353289699555, 652.2353289699555, 652.2353289699555, 652.2353289699555, 652.2353289699555, 652.2353289699555, 652.2353289699555, 652.2353289699555, 801.3701513453007, 652.2353289699555, 652.2353289699555, 657.4428268632174, 652.2353289699555, 652.2353289699555, 652.2353289699555, 652.2353289699555, 652.2353289699555, 751.102575061059, 652.2353289699555, 652.2353289699555, 652.2353289699555, 653.6712599773408, 652.2353289699555, 652.2353289699555, 652.2353289699555, 652.6690997951031, 652.2353289699555, 652.2353289699555, 653.3047984181643, 652.2353289699555, 652.2353289699555, 652.2353289699555, 652.2353289699555, 652.2353289699555, 652.2353289699555, 652.2353289699555, 653.6189083260298, 652.2353289699555, 652.2353289699555, 652.2353289699555, 807.2861000439406, 714.1319356068611, 652.2353289699555, 652.2353289699555, 652.2353289699555, 652.2353289699555, 652.2353289699555, 652.2353289699555, 780.2115990622997, 652.2353289699555, 836.3818384188174, 652.2353289699555, 652.2353289699555, 652.2353289699555, 652.2353289699555, 659.9967931894303, 652.2353289699555, 652.2353289699555, 652.2353289699555, 652.2353289699555, 756.3807486663103, 652.2353289699555, 652.2353289699555, 652.2353289699555, 682.8579444795608, 652.2353289699555, 699.0790421448469, 652.2353289699555, 652.2353289699555, 652.2353289699555, 652.2353289699555, 652.2353289699555, 652.2353289699555, 652.2353289699555, 652.2353289699555, 689.4316868143559, 652.2353289699555, 652.2353289699555, 652.2353289699555, 652.2353289699555, 652.2353289699555, 652.2353289699555, 652.2353289699555, 652.2353289699555, 652.2353289699555, 652.2353289699555, 652.2353289699555, 652.2353289699555, 786.3123592129946, 791.1809728638649, 652.2353289699555, 652.2353289699555, 652.2353289699555, 652.2353289699555, 652.5643964924813], "BoFL": [837.0437814975977, 907.0294133780957, 694.0775913760901, 800.5632789258482, 756.589866798544, 781.8017372247934, 825.4644806183815, 777.8103248946189, 660.9079141712189, 660.9079141712189, 660.9079141712189, 660.9079141712189, 660.9079141712189, 819.1542498788594, 660.9079141712189, 660.9079141712189, 664.1719296198845, 660.9079141712189, 660.9079141712189, 660.9079141712189, 660.9079141712189, 660.9079141712189, 762.3786252874613, 660.9079141712189, 660.9079141712189, 660.9079141712189, 660.9079141712189, 660.9079141712189, 660.9079141712189, 660.9079141712189, 660.9079141712189, 660.9079141712189, 660.9079141712189, 660.9079141712189, 660.9079141712189, 660.9079141712189, 660.9079141712189, 660.9079141712189, 660.9079141712189, 660.9079141712189, 660.9079141712189, 660.9079141712189, 660.9079141712189, 660.9079141712189, 660.9079141712189, 825.7593821728229, 720.6073773906708, 660.9079141712189, 660.9079141712189, 660.9079141712189, 660.9079141712189, 660.9079141712189, 660.9079141712189, 795.2311370164394, 660.9079141712189, 850.9821292890549, 660.9079141712189, 660.9079141712189, 660.9079141712189, 660.9079141712189, 666.9098891550541, 660.9079141712189, 660.9079141712189, 660.9079141712189, 660.9079141712189, 768.4014666686535, 660.9079141712189, 660.9079141712189, 660.9079141712189, 690.7615958963632, 660.9079141712189, 707.7846810041666, 660.9079141712189, 660.9079141712189, 660.9079141712189, 660.9079141712189, 660.9079141712189, 660.9079141712189, 660.9079141712189, 660.9079141712189, 697.7614358356714, 660.9079141712189, 660.9079141712189, 660.9079141712189, 660.9079141712189, 660.9079141712189, 660.9079141712189, 660.9079141712189, 660.9079141712189, 660.9079141712189, 660.9079141712189, 660.9079141712189, 660.9079141712189, 802.1784606103897, 807.6262006559133, 660.9079141712189, 660.9079141712189, 660.9079141712189, 660.9079141712189, 660.9079141712189], "phase": [0, 3, 8], "overhead": [[9.400189399719238, 63.63885646724701], [9.748776912689209, 66.56502503848075], [9.24097728729248, 63.71377738428116], [9.390785694122314, 64.06341093969345], [9.641794681549072, 66.5497839832306]], "ddls": [81.81217448992479, 53.59993149591605, 81.9310775992214, 94.00795304169232, 111.63608253459185, 57.92740381542806, 84.87567938073795, 61.91541746654206, 54.56923950079657, 89.48685425143937, 77.91183559994283, 58.806315237067395, 106.73538554574894, 39.13369248016736, 85.92828448122123, 62.91721867858026, 47.152548963582824, 108.68548912728623, 78.82299218203454, 68.23603051766297, 92.39306432199491, 64.56012383944119, 41.25930067940686, 79.53898919907714, 73.03239248951519, 68.23619045588823, 47.73350292508971, 88.89888130145135, 83.82624407576827, 66.13595411233274, 51.87916554644129, 66.3619365696265, 74.21989897035392, 49.242408138196126, 77.17455818731088, 56.98604682586655, 94.96093726259382, 65.28921813279888, 78.20976875423216, 105.29098069160212, 91.55023074464373, 47.938227064371134, 89.94981214849537, 101.63907159026344, 54.18420057707202, 38.88530209017671, 42.82578629673013, 54.08676612822589, 64.48063064718576, 55.7693700554157, 84.70049640567196, 100.8707669043418, 75.85115151675117, 40.02774528985802, 83.3040622176465, 38.06037464323711, 76.63360655464109, 79.47089340491256, 103.27418531061417, 61.93123884228785, 46.93910490457838, 65.28621676946868, 95.41045386918434, 82.67218539076168, 72.9219848077972, 41.03691675183516, 61.237231849677464, 55.590427149246956, 109.54542739468515, 45.00975470275363, 109.83963448369673, 43.643794863595936, 103.82739618229174, 85.58198562010972, 68.73640549389883, 76.62643561850112, 69.07519291033228, 110.6524880865742, 72.17098770764605, 102.66237571798759, 44.45313712838893, 57.87095961650416, 99.81245715937513, 62.42315249521695, 68.34159253346526, 72.01140473697028, 68.92882991398241, 89.91592669082735, 78.64236808939843, 65.29975421564845, 86.22502515732783, 75.88951245738484, 91.19515662112462, 39.77060397818966, 39.565488497736276, 84.75638988951961, 110.64587646602202, 69.92837892032303, 100.99768275535018, 52.33615029141292], "min_ddl": 37.27348642016295}