{"Baseline": [901.1084398365022, 901.1084398365022, 901.1084398365022, 901.1084398365022, 901.1084398365022, 901.1084398365022, 901.1084398365022, 901.1084398365022, 901.1084398365022, 901.1084398365022, 901.1084398365022, 901.1084398365022, 901.1084398365022, 901.1084398365022, 901.1084398365022, 901.1084398365022, 901.1084398365022, 901.1084398365022, 901.1084398365022, 901.1084398365022, 901.1084398365022, 901.1084398365022, 901.1084398365022, 901.1084398365022, 901.1084398365022, 901.1084398365022, 901.1084398365022, 901.1084398365022, 901.1084398365022, 901.1084398365022, 901.1084398365022, 901.1084398365022, 901.1084398365022, 901.1084398365022, 901.1084398365022, 901.1084398365022, 901.1084398365022, 901.1084398365022, 901.1084398365022, 901.1084398365022, 901.1084398365022, 901.1084398365022, 901.1084398365022, 901.1084398365022, 901.1084398365022, 901.1084398365022, 901.1084398365022, 901.1084398365022, 901.1084398365022, 901.1084398365022, 901.1084398365022, 901.1084398365022, 901.1084398365022, 901.1084398365022, 901.1084398365022, 901.1084398365022, 901.1084398365022, 901.1084398365022, 901.1084398365022, 901.1084398365022, 901.1084398365022, 901.1084398365022, 901.1084398365022, 901.1084398365022, 901.1084398365022, 901.1084398365022, 901.1084398365022, 901.1084398365022, 901.1084398365022, 901.1084398365022, 901.1084398365022, 901.1084398365022, 901.1084398365022, 901.1084398365022, 901.1084398365022, 901.1084398365022, 901.1084398365022, 901.1084398365022, 901.1084398365022, 901.1084398365022, 901.1084398365022, 901.1084398365022, 901.1084398365022, 901.1084398365022, 901.1084398365022, 901.1084398365022, 901.1084398365022, 901.1084398365022, 901.1084398365022, 901.1084398365022, 901.1084398365022, 901.1084398365022, 901.1084398365022, 901.1084398365022, 901.1084398365022, 901.1084398365022, 901.1084398365022, 901.1084398365022, 901.1084398365022, 901.1084398365022], "Oracle": [652.2353289699555, 652.2353289699555, 652.2353289699555, 652.2353289699555, 652.2353289699555, 652.2353289699555, 652.2353289699555, 652.2353289699555, 652.2353289699555, 652.2353289699555, 652.2353289699555, 652.2353289699555, 652.2353289699555, 779.3636996572972, 652.2353289699555, 652.2353289699555, 652.6242269511223, 652.2353289699555, 652.2353289699555, 652.2353289699555, 652.2353289699555, 652.2353289699555, 704.0752569386482, 652.2353289699555, 652.2353289699555, 652.2353289699555, 652.4148203458786, 652.2353289699555, 652.2353289699555, 652.2353289699555, 652.2353289699555, 652.2353289699555, 652.2353289699555, 652.2353289699555, 652.2353289699555, 652.2353289699555, 652.2353289699555, 652.2353289699555, 652.2353289699555, 652.2353289699555, 652.2353289699555, 652.3400322725773, 652.2353289699555, 652.2353289699555, 652.2353289699555, 788.2092007214546, 675.800924045682, 652.2353289699555, 652.2353289699555, 652.2353289699555, 652.2353289699555, 652.2353289699555, 652.2353289699555, 747.699677261591, 652.2353289699555, 818.4989675300122, 652.2353289699555, 652.2353289699555, 652.2353289699555, 652.2353289699555, 652.6990150244236, 652.2353289699555, 652.2353289699555, 652.2353289699555, 652.2353289699555, 711.913866794467, 652.2353289699555, 652.2353289699555, 652.2353289699555, 653.3945441061259, 652.2353289699555, 661.2919606377363, 652.2353289699555, 652.2353289699555, 652.2353289699555, 652.2353289699555, 652.2353289699555, 652.2353289699555, 652.2353289699555, 652.2353289699555, 653.5964719040394, 652.2353289699555, 652.2353289699555, 652.2353289699555, 652.2353289699555, 652.2353289699555, 652.2353289699555, 652.2353289699555, 652.2353289699555, 652.2353289699555, 652.2353289699555, 652.2353289699555, 652.2353289699555, 756.7792598199129, 764.0629068797826, 652.2353289699555, 652.2353289699555, 652.2353289699555, 652.2353289699555, 652.2353289699555], "BoFL": [837.0437814975977, 894.560990706563, 800.5632789258482, 759.3885701918364, 810.3046738349439, 784.5467948871614, 778.985503930068, 660.9079141712189, 660.9079141712189, 660.9079141712189, 660.9079141712189, 660.9079141712189, 660.9079141712189, 793.5181332088232, 660.9079141712189, 660.9079141712189, 660.9079141712189, 660.9079141712189, 660.9079141712189, 660.9079141712189, 660.9079141712189, 660.9079141712189, 707.2564259534836, 660.9079141712189, 660.9079141712189, 660.9079141712189, 660.9079141712189, 660.9079141712189, 660.9079141712189, 660.9079141712189, 660.9079141712189, 660.9079141712189, 660.9079141712189, 660.9079141712189, 660.9079141712189, 660.9079141712189, 660.9079141712189, 660.9079141712189, 660.9079141712189, 660.9079141712189, 660.9079141712189, 660.9079141712189, 660.9079141712189, 660.9079141712189, 660.9079141712189, 803.6790151175976, 681.1708313825608, 660.9079141712189, 660.9079141712189, 660.9079141712189, 660.9079141712189, 660.9079141712189, 660.9079141712189, 757.1247400157929, 660.9079141712189, 837.2585666270494, 660.9079141712189, 660.9079141712189, 660.9079141712189, 660.9079141712189, 660.9079141712189, 660.9079141712189, 660.9079141712189, 660.9079141712189, 660.9079141712189, 716.0053758490085, 660.9079141712189, 660.9079141712189, 660.9079141712189, 660.9079141712189, 660.9079141712189, 667.4293128139497, 660.9079141712189, 660.9079141712189, 660.9079141712189, 660.9079141712189, 660.9079141712189, 660.9079141712189, 660.9079141712189, 660.9079141712189, 660.9079141712189, 660.9079141712189, 660.9079141712189, 660.9079141712189, 660.9079141712189, 660.9079141712189, 660.9079141712189, 660.9079141712189, 660.9079141712189, 660.9079141712189, 660.9079141712189, 660.9079141712189, 660.9079141712189, 767.6081563792706, 775.905937900281, 660.9079141712189, 660.9079141712189, 660.9079141712189, 660.9079141712189, 660.9079141712189], "phase": [0, 2, 7], "overhead": [[9.420162677764893, 63.85536737203598], [9.532416105270386, 65.23812118864059], [9.380610942840576, 64.06243881130219], [9.510981798171997, 64.77980398917198], [9.613582372665405, 65.78994177937507]], "ddls": [104.08151852480569, 61.763154033792595, 104.25987318875065, 122.375186352457, 148.81738059180628, 68.25436251306061, 108.67677586102543, 74.23638298973161, 63.21711604111338, 115.59353816707758, 98.23101018983274, 69.57272964551962, 141.46633510854193, 40.06379551016957, 110.25568351175038, 75.73908480778891, 52.09208023529276, 144.3914904808479, 99.59774506297035, 83.71730256641297, 119.9528532729109, 78.2034425490803, 43.25220780902882, 100.67174058853423, 90.91184552419129, 83.71754247375087, 52.963511177553094, 114.71157874209557, 107.10262290357092, 80.56718795841763, 59.18200510958046, 80.90616164435826, 92.69310524544942, 55.22686899721271, 97.12509407088483, 66.84232702871836, 123.80466268380923, 79.29708398911683, 98.67790992126675, 139.29972782732168, 118.68860290688411, 53.270597386475224, 116.28797501266158, 133.8218641753137, 62.63955765552655, 39.69120992518358, 45.60193623501372, 62.49340598225736, 78.08420276069718, 65.01731187304208, 108.41400139842645, 132.6694071464312, 95.1399840650453, 41.40487472470555, 106.31935011638825, 38.45381875477419, 96.31366662188013, 100.56959689728737, 136.27453475583977, 74.2601150533503, 51.77191414678609, 79.29258194412154, 124.47893759369504, 105.37153487606103, 90.74623400161433, 42.918631917671256, 73.21910456443472, 64.74889751378896, 145.68139788194622, 48.87788884404897, 146.12270851546361, 46.82894908531242, 137.10435106335612, 109.73623522008307, 84.46786503076677, 96.30291021767022, 84.97604615541694, 147.34198891977982, 89.6197383513876, 135.35682036689988, 48.04296248250191, 68.16969621467476, 131.08194252898122, 74.99798553274394, 83.8756455901164, 89.38036389537395, 84.75650166089214, 116.23714682615955, 99.32680892401616, 79.3128881133912, 110.70079452591028, 95.19752547599579, 118.15599172160546, 41.01916275720301, 40.71148953652293, 108.49784162419793, 147.33207148895156, 86.25582517040307, 132.8597809229438, 59.867482227037904], "min_ddl": 37.27348642016295}