{"Baseline": [901.1084398365022, 901.1084398365022, 901.1084398365022, 901.1084398365022, 901.1084398365022, 901.1084398365022, 901.1084398365022, 901.1084398365022, 901.1084398365022, 901.1084398365022, 901.1084398365022, 901.1084398365022, 901.1084398365022, 901.1084398365022, 901.1084398365022, 901.1084398365022, 901.1084398365022, 901.1084398365022, 901.1084398365022, 901.1084398365022, 901.1084398365022, 901.1084398365022, 901.1084398365022, 901.1084398365022, 901.1084398365022, 901.1084398365022, 901.1084398365022, 901.1084398365022, 901.1084398365022, 901.1084398365022, 901.1084398365022, 901.1084398365022, 901.1084398365022, 901.1084398365022, 901.1084398365022, 901.1084398365022, 901.1084398365022, 901.1084398365022, 901.1084398365022, 901.1084398365022, 901.1084398365022, 901.1084398365022, 901.1084398365022, 901.1084398365022, 901.1084398365022, 901.1084398365022, 901.1084398365022, 901.1084398365022, 901.1084398365022, 901.1084398365022, 901.1084398365022, 901.1084398365022, 901.1084398365022, 901.1084398365022, 901.1084398365022, 901.1084398365022, 901.1084398365022, 901.1084398365022, 901.1084398365022, 901.1084398365022, 901.1084398365022, 901.1084398365022, 901.1084398365022, 901.1084398365022, 901.1084398365022, 901.1084398365022, 901.1084398365022, 901.1084398365022, 901.1084398365022, 901.1084398365022, 901.1084398365022, 901.1084398365022, 901.1084398365022, 901.1084398365022, 901.1084398365022, 901.1084398365022, 901.1084398365022, 901.1084398365022, 901.1084398365022, 901.1084398365022, 901.1084398365022, 901.1084398365022, 901.1084398365022, 901.1084398365022, 901.1084398365022, 901.1084398365022, 901.1084398365022, 901.1084398365022, 901.1084398365022, 901.1084398365022, 901.1084398365022, 901.1084398365022, 901.1084398365022, 901.1084398365022, 901.1084398365022, 901.1084398365022, 901.1084398365022, 901.1084398365022, 901.1084398365022, 901.1084398365022], "Oracle": [652.2353289699555, 653.2374891521931, 652.2353289699555, 652.2353289699555, 652.2353289699555, 652.4596931898594, 652.2353289699555, 652.2353289699555, 653.0654765836001, 652.2353289699555, 652.2353289699555, 652.3026382359267, 652.2353289699555, 812.8864315530777, 652.2353289699555, 652.2353289699555, 686.7039545704603, 652.2353289699555, 652.2353289699555, 652.2353289699555, 652.2353289699555, 652.2353289699555, 774.660363851452, 652.2353289699555, 652.2353289699555, 652.2353289699555, 681.586472383666, 652.2353289699555, 652.2353289699555, 652.2353289699555, 653.5515990600586, 652.2353289699555, 652.2353289699555, 668.1136786310673, 652.2353289699555, 652.6317057584524, 652.2353289699555, 652.2353289699555, 652.2353289699555, 652.2353289699555, 652.2353289699555, 679.7606361314536, 652.2353289699555, 652.2353289699555, 653.1327858495713, 817.706026538372, 746.9321191078662, 653.1552222715617, 652.2353289699555, 652.8485911710262, 652.2353289699555, 652.2353289699555, 652.2353289699555, 796.5081546810865, 652.2353289699555, 845.6949594846487, 652.2353289699555, 652.2353289699555, 652.2353289699555, 652.2353289699555, 688.6166737815141, 652.2353289699555, 652.2353289699555, 652.2353289699555, 652.2353289699555, 778.6476154082775, 652.2353289699555, 652.8785064003467, 652.2353289699555, 708.1979861440182, 652.2353289699555, 732.4020348340512, 652.2353289699555, 652.2353289699555, 652.2353289699555, 652.2353289699555, 652.2353289699555, 652.2353289699555, 652.2353289699555, 652.2353289699555, 718.0666925587416, 652.4671719971896, 652.2353289699555, 652.2353289699555, 652.2353289699555, 652.2353289699555, 652.2353289699555, 652.2353289699555, 652.2353289699555, 652.2353289699555, 652.2353289699555, 652.2353289699555, 652.2353289699555, 801.0383141911029, 804.7231927472114, 652.2353289699555, 652.2353289699555, 652.2353289699555, 652.2353289699555, 653.4693321794272], "BoFL": [837.0437814975977, 893.1493866247654, 710.3596233860732, 800.5632789258482, 741.5176771259307, 806.6081017234801, 803.6230556463004, 814.4910550032139, 660.9079141712189, 660.9079141712189, 660.9079141712189, 660.9079141712189, 660.9079141712189, 833.1797655631543, 660.9079141712189, 660.9079141712189, 691.4187435354232, 660.9079141712189, 660.9079141712189, 660.9079141712189, 660.9079141712189, 660.9079141712189, 789.3240073912144, 660.9079141712189, 660.9079141712189, 660.9079141712189, 686.5276945533752, 660.9079141712189, 660.9079141712189, 660.9079141712189, 660.9079141712189, 660.9079141712189, 660.9079141712189, 673.9507114566803, 660.9079141712189, 660.9079141712189, 660.9079141712189, 660.9079141712189, 660.9079141712189, 660.9079141712189, 660.9079141712189, 684.8845034162044, 660.9079141712189, 660.9079141712189, 660.9079141712189, 838.2886469088315, 756.9181548235416, 660.9079141712189, 660.9079141712189, 660.9079141712189, 660.9079141712189, 660.9079141712189, 660.9079141712189, 814.7322351041794, 660.9079141712189, 861.8239054637671, 660.9079141712189, 660.9079141712189, 660.9079141712189, 660.9079141712189, 693.1748449777602, 660.9079141712189, 660.9079141712189, 660.9079141712189, 660.9079141712189, 793.8373961603403, 660.9079141712189, 660.9079141712189, 660.9079141712189, 711.7662268036127, 660.9079141712189, 739.9711302147389, 660.9079141712189, 660.9079141712189, 660.9079141712189, 660.9079141712189, 660.9079141712189, 660.9079141712189, 660.9079141712189, 660.9079141712189, 723.3506551882267, 660.9079141712189, 660.9079141712189, 660.9079141712189, 660.9079141712189, 660.9079141712189, 660.9079141712189, 660.9079141712189, 660.9079141712189, 660.9079141712189, 660.9079141712189, 660.9079141712189, 660.9079141712189, 820.0041967024565, 824.2409528546572, 660.9079141712189, 660.9079141712189, 660.9079141712189, 660.9079141712189, 660.9079141712189], "phase": [0, 3, 8], "overhead": [[9.485595941543579, 64.63781608653069], [9.83821988105774, 67.30729098439217], [9.446525812149048, 65.0860338757038], [9.533810138702393, 66.1057015120983], [9.655234098434448, 66.37019377088546]], "ddls": [70.67750247248432, 49.51832022697777, 70.7666798044568, 79.82433638631, 93.04543350598462, 52.763924466611776, 72.9751311405942, 55.75493470494728, 50.24530123063817, 76.43351229362027, 67.75224830499785, 53.42310803284129, 89.36991076435245, 38.66864096516626, 73.76458496595666, 56.50628561397593, 44.682783327727854, 90.83248845050542, 68.43561574156665, 60.49539449328796, 78.61316984653692, 57.73846448462162, 40.262847114595886, 68.97261350434859, 64.09266597217713, 60.49551444695691, 45.11849879885802, 75.99253258112927, 72.18805466186693, 58.920337189290294, 48.227745764871706, 59.08982403226061, 64.98329583280618, 46.250177708687836, 67.1992902455239, 52.05790672444065, 80.53907455198608, 58.28528520463989, 67.97569817071485, 88.2866071237423, 77.98104466352352, 45.27204190331909, 76.78073071641226, 85.54767529773834, 49.956522037844756, 38.48234817267327, 41.43771132758834, 49.88344620121016, 57.67884459043007, 51.145399146602514, 72.8437439092947, 84.97144678329708, 66.20673524260413, 39.33918057243426, 71.7964182682756, 37.86365258746857, 66.79357652102155, 68.92154165872516, 86.77401058800136, 55.76680073675663, 44.52270028347452, 58.283034182142245, 80.876212006929, 71.32251064811199, 64.00986021088863, 40.09605916891711, 55.246295492298835, 51.01119196697596, 91.47744215105459, 43.07568763210596, 91.6980974678133, 42.051217752737685, 87.18891874175954, 73.50486082012301, 60.870675725464864, 66.78819831891659, 61.124766287789946, 92.30773766997139, 63.446612385775275, 86.31515339353143, 42.65822445133243, 52.72159131741885, 84.17771447457208, 56.13573597645345, 60.57456600513968, 63.32692515776845, 61.01499404052755, 76.75531662316125, 68.30014767208955, 58.293187266777075, 73.98714047303662, 66.23550594807936, 77.71473907088419, 39.14632458868298, 38.99248797834294, 72.88566402218045, 92.30277895455725, 61.76465579528301, 85.06663367155338, 48.570484323600425], "min_ddl": 37.27348642016295}