{"Baseline": [901.1084398365022, 901.1084398365022, 901.1084398365022, 901.1084398365022, 901.1084398365022, 901.1084398365022, 901.1084398365022, 901.1084398365022, 901.1084398365022, 901.1084398365022, 901.1084398365022, 901.1084398365022, 901.1084398365022, 901.1084398365022, 901.1084398365022, 901.1084398365022, 901.1084398365022, 901.1084398365022, 901.1084398365022, 901.1084398365022, 901.1084398365022, 901.1084398365022, 901.1084398365022, 901.1084398365022, 901.1084398365022, 901.1084398365022, 901.1084398365022, 901.1084398365022, 901.1084398365022, 901.1084398365022, 901.1084398365022, 901.1084398365022, 901.1084398365022, 901.1084398365022, 901.1084398365022, 901.1084398365022, 901.1084398365022, 901.1084398365022, 901.1084398365022, 901.1084398365022, 901.1084398365022, 901.1084398365022, 901.1084398365022, 901.1084398365022, 901.1084398365022, 901.1084398365022, 901.1084398365022, 901.1084398365022, 901.1084398365022, 901.1084398365022, 901.1084398365022, 901.1084398365022, 901.1084398365022, 901.1084398365022, 901.1084398365022, 901.1084398365022, 901.1084398365022, 901.1084398365022, 901.1084398365022, 901.1084398365022, 901.1084398365022, 901.1084398365022, 901.1084398365022, 901.1084398365022, 901.1084398365022, 901.1084398365022, 901.1084398365022, 901.1084398365022, 901.1084398365022, 901.1084398365022, 901.1084398365022, 901.1084398365022, 901.1084398365022, 901.1084398365022, 901.1084398365022, 901.1084398365022, 901.1084398365022, 901.1084398365022, 901.1084398365022, 901.1084398365022, 901.1084398365022, 901.1084398365022, 901.1084398365022, 901.1084398365022, 901.1084398365022, 901.1084398365022, 901.1084398365022, 901.1084398365022, 901.1084398365022, 901.1084398365022, 901.1084398365022, 901.1084398365022, 901.1084398365022, 901.1084398365022, 901.1084398365022, 901.1084398365022, 901.1084398365022, 901.1084398365022, 901.1084398365022, 901.1084398365022], "Oracle": [653.5067262160778, 748.8493528604031, 653.4992474087478, 652.773803097725, 652.2353289699555, 723.2939890661954, 653.3197560328246, 701.5666971810103, 743.113892552948, 653.0430401616097, 654.2112448514462, 718.0836081579923, 652.2353289699555, 851.6347831073999, 653.2599255741835, 698.5909892785788, 786.9283067735672, 652.2353289699555, 653.686217592001, 682.818452225542, 652.8710275930166, 693.7107641795873, 826.4771725297451, 653.6413447480202, 668.6017314973354, 682.818452225542, 783.5089311506987, 653.0804341982604, 653.3870652987957, 689.0415390413523, 759.0530467792987, 688.3529012213706, 665.0826815730095, 774.6161037403107, 656.371939721036, 728.8699403296947, 652.7139726390839, 691.5579080828428, 653.7236116286517, 652.2353289699555, 652.9233792443276, 782.2837465163232, 653.0206037396193, 652.3175958505869, 745.4179918514013, 854.541725481701, 813.0627581988812, 746.0049668928862, 693.9031471188069, 736.0312040766478, 653.3347136474848, 652.3624686945677, 660.25266729877, 841.0530456087113, 653.4169805281163, 866.1744082804204, 657.9387781802893, 653.6488235553503, 652.2353289699555, 701.4877126729727, 788.2249976230621, 691.5528894299268, 652.6915362170935, 653.4543745647669, 668.9318153475285, 829.1394402406931, 703.7869952383519, 737.0974721890926, 652.2353289699555, 799.6124266367196, 652.2353289699555, 807.7729588247776, 652.2353289699555, 653.2823619961739, 681.3384967251301, 657.9387781802893, 680.3386956401826, 652.2353289699555, 671.1556978235483, 652.2502865846158, 802.9183380977153, 723.621078119564, 652.4222991532088, 700.0235540741683, 682.4883683753491, 671.5853378505707, 680.7525387655974, 653.0206037396193, 653.7011752066612, 691.5212956267119, 653.2449679595233, 660.1468637547016, 652.945815666318, 844.1277302785874, 846.5185543674469, 653.3272348401547, 652.2353289699555, 677.7768308631659, 652.3549898872376, 756.3219731177091], "BoFL": [910.7336775981189, 901.1084398365022, 877.3364437245607, 848.0593707595586, 925.4624980776787, 880.9400936910391, 671.3087207582473, 884.4387289948941, 901.1084398365022, 886.4282957195283, 808.4159879978895, 881.9469288045883, 897.9757262058497, 901.1084398365022, 835.6896994165659, 869.484012220049, 901.1084398365022, 794.5514829027891, 782.4005596245764, 690.8639000643016, 660.9079141712189, 702.1312900843621, 828.3421929206849, 660.9079141712189, 675.8982326850892, 690.8639000643016, 786.9395346031904, 660.9079141712189, 660.9079141712189, 697.3129734191895, 762.6114260478497, 696.5099206416608, 672.1506530566215, 778.0876221841096, 663.049388244629, 734.3734822169781, 660.9079141712189, 699.9651648762941, 660.9079141712189, 660.9079141712189, 660.9079141712189, 785.7541160079955, 660.9079141712189, 660.9079141712189, 749.9276021861554, 856.6784413400412, 815.7777596349001, 750.4136684351921, 702.3989743435383, 741.1784097034931, 660.9079141712189, 660.9079141712189, 667.0646521322727, 843.0510852299691, 660.9079141712189, 870.1518716907501, 664.6554937996865, 660.9079141712189, 660.9079141712189, 710.4048509841681, 791.6092139273882, 699.989816010952, 660.9079141712189, 660.9079141712189, 676.1659169442654, 830.9378797987938, 712.5463250575781, 742.1505422015667, 660.9079141712189, 802.8881601634264, 660.9079141712189, 811.0101834203957, 660.9079141712189, 660.9079141712189, 689.257794509244, 664.6554937996865, 688.2117086071969, 660.9079141712189, 678.5750752768516, 660.9079141712189, 806.1642832805873, 729.5128197266102, 660.9079141712189, 708.8233965637685, 690.3531826806069, 679.0857926605463, 688.6307597537757, 660.9079141712189, 660.9079141712189, 699.9651648762941, 660.9079141712189, 667.0400009976149, 660.9079141712189, 846.0793865877629, 848.5456490574837, 660.9079141712189, 660.9079141712189, 685.5348660154343, 660.9079141712189, 760.1349934159279], "phase": [0, 7, 19], "overhead": [[8.826982498168945, 60.50238791251183], [8.84656572341919, 60.355899552106855], [8.951825141906738, 60.74226020336151], [8.760058403015137, 59.62328151488304], [8.864646673202515, 60.4180497879982], [8.717484712600708, 59.76064133095741], [9.290935039520264, 63.36544782352448], [8.841836929321289, 60.34972038507462], [8.992273569107056, 61.40788285326958], [8.910670518875122, 61.444493492364884], [8.869843244552612, 60.54965932893753], [9.69768476486206, 68.73742040872574]],