{"Baseline": [901.1084398365022, 901.1084398365022, 901.1084398365022, 901.1084398365022, 901.1084398365022, 901.1084398365022, 901.1084398365022, 901.1084398365022, 901.1084398365022, 901.1084398365022, 901.1084398365022, 901.1084398365022, 901.1084398365022, 901.1084398365022, 901.1084398365022, 901.1084398365022, 901.1084398365022, 901.1084398365022, 901.1084398365022, 901.1084398365022, 901.1084398365022, 901.1084398365022, 901.1084398365022, 901.1084398365022, 901.1084398365022, 901.1084398365022, 901.1084398365022, 901.1084398365022, 901.1084398365022, 901.1084398365022, 901.1084398365022, 901.1084398365022, 901.1084398365022, 901.1084398365022, 901.1084398365022, 901.1084398365022, 901.1084398365022, 901.1084398365022, 901.1084398365022, 901.1084398365022, 901.1084398365022, 901.1084398365022, 901.1084398365022, 901.1084398365022, 901.1084398365022, 901.1084398365022, 901.1084398365022, 901.1084398365022, 901.1084398365022, 901.1084398365022, 901.1084398365022, 901.1084398365022, 901.1084398365022, 901.1084398365022, 901.1084398365022, 901.1084398365022, 901.1084398365022, 901.1084398365022, 901.1084398365022, 901.1084398365022, 901.1084398365022, 901.1084398365022, 901.1084398365022, 901.1084398365022, 901.1084398365022, 901.1084398365022, 901.1084398365022, 901.1084398365022, 901.1084398365022, 901.1084398365022, 901.1084398365022, 901.1084398365022, 901.1084398365022, 901.1084398365022, 901.1084398365022, 901.1084398365022, 901.1084398365022, 901.1084398365022, 901.1084398365022, 901.1084398365022, 901.1084398365022, 901.1084398365022, 901.1084398365022, 901.1084398365022, 901.1084398365022, 901.1084398365022, 901.1084398365022, 901.1084398365022, 901.1084398365022, 901.1084398365022, 901.1084398365022, 901.1084398365022, 901.1084398365022, 901.1084398365022, 901.1084398365022, 901.1084398365022, 901.1084398365022, 901.1084398365022, 901.1084398365022, 901.1084398365022], "Oracle": [652.2353289699555, 653.2374891521931, 652.2353289699555, 652.2353289699555, 652.2353289699555, 652.4596931898594, 652.2353289699555, 652.2353289699555, 653.0654765836001, 652.2353289699555, 652.2353289699555, 652.3026382359267, 652.2353289699555, 812.8864315530777, 652.2353289699555, 652.2353289699555, 686.7039545704603, 652.2353289699555, 652.2353289699555, 652.2353289699555, 652.2353289699555, 652.2353289699555, 774.660363851452, 652.2353289699555, 652.2353289699555, 652.2353289699555, 681.586472383666, 652.2353289699555, 652.2353289699555, 652.2353289699555, 653.5515990600586, 652.2353289699555, 652.2353289699555, 668.1136786310673, 652.2353289699555, 652.6317057584524, 652.2353289699555, 652.2353289699555, 652.2353289699555, 652.2353289699555, 652.2353289699555, 679.7606361314536, 652.2353289699555, 652.2353289699555, 653.1327858495713, 817.706026538372, 746.9321191078662, 653.1552222715617, 652.2353289699555, 652.8485911710262, 652.2353289699555, 652.2353289699555, 652.2353289699555, 796.5081546810865, 652.2353289699555, 845.6949594846487, 652.2353289699555, 652.2353289699555, 652.2353289699555, 652.2353289699555, 688.6166737815141, 652.2353289699555, 652.2353289699555, 652.2353289699555, 652.2353289699555, 778.6476154082775, 652.2353289699555, 652.8785064003467, 652.2353289699555, 708.1979861440182, 652.2353289699555, 732.4020348340512, 652.2353289699555, 652.2353289699555, 652.2353289699555, 652.2353289699555, 652.2353289699555, 652.2353289699555, 652.2353289699555, 652.2353289699555, 718.0666925587416, 652.4671719971896, 652.2353289699555, 652.2353289699555, 652.2353289699555, 652.2353289699555, 652.2353289699555, 652.2353289699555, 652.2353289699555, 652.2353289699555, 652.2353289699555, 652.2353289699555, 652.2353289699555, 801.0383141911029, 804.7231927472114, 652.2353289699555, 652.2353289699555, 652.2353289699555, 652.2353289699555, 653.4693321794272], "BoFL": [837.0437814975977, 893.1493866247654, 710.3596233860732, 800.5632789258482, 756.589866798544, 796.3568142075301, 810.4148984588147, 792.193148314476, 660.9079141712189, 660.9079141712189, 660.9079141712189, 660.9079141712189, 660.9079141712189, 834.6838391858814, 660.9079141712189, 660.9079141712189, 695.2665592756509, 660.9079141712189, 660.9079141712189, 660.9079141712189, 660.9079141712189, 660.9079141712189, 791.7205215328216, 660.9079141712189, 660.9079141712189, 660.9079141712189, 689.8557490229845, 660.9079141712189, 660.9079141712189, 660.9079141712189, 660.9079141712189, 660.9079141712189, 660.9079141712189, 675.5171018534184, 660.9079141712189, 660.9079141712189, 660.9079141712189, 660.9079141712189, 660.9079141712189, 660.9079141712189, 660.9079141712189, 687.8800525943994, 660.9079141712189, 660.9079141712189, 660.9079141712189, 839.5788877973556, 759.9461165261984, 660.9079141712189, 660.9079141712189, 660.9079141712189, 660.9079141712189, 660.9079141712189, 660.9079141712189, 816.6254841532945, 660.9079141712189, 864.626257566762, 660.9079141712189, 660.9079141712189, 660.9079141712189, 660.9079141712189, 697.1942298912048, 660.9079141712189, 660.9079141712189, 660.9079141712189, 660.9079141712189, 796.1393378476857, 660.9079141712189, 660.9079141712189, 660.9079141712189, 715.739384810543, 660.9079141712189, 743.4278174303531, 660.9079141712189, 660.9079141712189, 660.9079141712189, 660.9079141712189, 660.9079141712189, 660.9079141712189, 660.9079141712189, 660.9079141712189, 727.093420674777, 660.9079141712189, 660.9079141712189, 660.9079141712189, 660.9079141712189, 660.9079141712189, 660.9079141712189, 660.9079141712189, 660.9079141712189, 660.9079141712189, 660.9079141712189, 660.9079141712189, 660.9079141712189, 821.7752801802395, 825.8668672754525, 660.9079141712189, 660.9079141712189, 660.9079141712189, 660.9079141712189, 660.9079141712189],