{"Baseline": [901.1084398365022, 901.1084398365022, 901.1084398365022, 901.1084398365022, 901.1084398365022, 901.1084398365022, 901.1084398365022, 901.1084398365022, 901.1084398365022, 901.1084398365022, 901.1084398365022, 901.1084398365022, 901.1084398365022, 901.1084398365022, 901.1084398365022, 901.1084398365022, 901.1084398365022, 901.1084398365022, 901.1084398365022, 901.1084398365022, 901.1084398365022, 901.1084398365022, 901.1084398365022, 901.1084398365022, 901.1084398365022, 901.1084398365022, 901.1084398365022, 901.1084398365022, 901.1084398365022, 901.1084398365022, 901.1084398365022, 901.1084398365022, 901.1084398365022, 901.1084398365022, 901.1084398365022, 901.1084398365022, 901.1084398365022, 901.1084398365022, 901.1084398365022, 901.1084398365022, 901.1084398365022, 901.1084398365022, 901.1084398365022, 901.1084398365022, 901.1084398365022, 901.1084398365022, 901.1084398365022, 901.1084398365022, 901.1084398365022, 901.1084398365022, 901.1084398365022, 901.1084398365022, 901.1084398365022, 901.1084398365022, 901.1084398365022, 901.1084398365022, 901.1084398365022, 901.1084398365022, 901.1084398365022, 901.1084398365022, 901.1084398365022, 901.1084398365022, 901.1084398365022, 901.1084398365022, 901.1084398365022, 901.1084398365022, 901.1084398365022, 901.1084398365022, 901.1084398365022, 901.1084398365022, 901.1084398365022, 901.1084398365022, 901.1084398365022, 901.1084398365022, 901.1084398365022, 901.1084398365022, 901.1084398365022, 901.1084398365022, 901.1084398365022, 901.1084398365022, 901.1084398365022, 901.1084398365022, 901.1084398365022, 901.1084398365022, 901.1084398365022, 901.1084398365022, 901.1084398365022, 901.1084398365022, 901.1084398365022, 901.1084398365022, 901.1084398365022, 901.1084398365022, 901.1084398365022, 901.1084398365022, 901.1084398365022, 901.1084398365022, 901.1084398365022, 901.1084398365022, 901.1084398365022, 901.1084398365022], "Oracle": [653.5067262160778, 748.8493528604031, 653.4992474087478, 652.773803097725, 652.2353289699555, 723.2939890661954, 653.3197560328246, 701.5666971810103, 743.113892552948, 653.0430401616097, 654.2112448514462, 718.0836081579923, 652.2353289699555, 851.6347831073999, 653.2599255741835, 698.5909892785788, 786.9283067735672, 652.2353289699555, 653.686217592001, 682.818452225542, 652.8710275930166, 693.7107641795873, 826.4771725297451, 653.6413447480202, 668.6017314973354, 682.818452225542, 783.5089311506987, 653.0804341982604, 653.3870652987957, 689.0415390413523, 759.0530467792987, 688.3529012213706, 665.0826815730095, 774.6161037403107, 656.371939721036, 728.8699403296947, 652.7139726390839, 691.5579080828428, 653.7236116286517, 652.2353289699555, 652.9233792443276, 782.2837465163232, 653.0206037396193, 652.3175958505869, 745.4179918514013, 854.541725481701, 813.0627581988812, 746.0049668928862, 693.9031471188069, 736.0312040766478, 653.3347136474848, 652.3624686945677, 660.25266729877, 841.0530456087113, 653.4169805281163, 866.1744082804204, 657.9387781802893, 653.6488235553503, 652.2353289699555, 701.4877126729727, 788.2249976230621, 691.5528894299268, 652.6915362170935, 653.4543745647669, 668.9318153475285, 829.1394402406931, 703.7869952383519, 737.0974721890926, 652.2353289699555, 799.6124266367196, 652.2353289699555, 807.7729588247776, 652.2353289699555, 653.2823619961739, 681.3384967251301, 657.9387781802893, 680.3386956401826, 652.2353289699555, 671.1556978235483, 652.2502865846158, 802.9183380977153, 723.621078119564, 652.4222991532088, 700.0235540741683, 682.4883683753491, 671.5853378505707, 680.7525387655974, 653.0206037396193, 653.7011752066612, 691.5212956267119, 653.2449679595233, 660.1468637547016, 652.945815666318, 844.1277302785874, 846.5185543674469, 653.3272348401547, 652.2353289699555, 677.7768308631659, 652.3549898872376, 756.3219731177091], "BoFL": [910.7336775981189, 901.1084398365022, 877.3364437245607, 848.0593707595586, 925.4624980776787, 880.9400936910391, 671.3087207582473, 892.8342873854638, 901.1084398365022, 875.2326300833464, 820.7662558178902, 881.9420363721847, 791.59751449728, 901.1084398365022, 851.1453616983414, 896.114438967371, 901.1084398365022, 787.8856354297161, 856.8400156991244, 839.6663117615701, 660.9079141712189, 702.1376635584116, 845.4793900633334, 660.9079141712189, 675.8352836696625, 690.6697862454176, 801.0716271360396, 660.9079141712189, 660.9079141712189, 697.2228589956999, 772.6816881694555, 696.5134983880997, 672.1027467862845, 790.7092491748093, 662.9655917049647, 737.7219094430923, 660.9079141712189, 699.881512668395, 660.9079141712189, 660.9079141712189, 660.9079141712189, 799.755365545678, 660.9079141712189, 660.9079141712189, 756.995261743784, 873.8606509186029, 834.7252261161565, 757.6606210876226, 702.4107082563401, 746.1149359408379, 660.9079141712189, 660.9079141712189, 667.0795577549219, 859.8357105265856, 660.9079141712189, 883.9182796755076, 664.6587466356277, 660.9079141712189, 660.9079141712189, 710.3290044962645, 806.5341144736288, 699.881512668395, 660.9079141712189, 660.9079141712189, 676.1984172552109, 847.3747491557597, 712.4598643541336, 747.2994273461342, 660.9079141712189, 819.7041590343237, 660.9079141712189, 829.153327454996, 660.9079141712189, 660.9079141712189, 689.1412915440321, 664.7305399422169, 688.1222950764418, 660.9079141712189, 678.4742527437926, 660.9079141712189, 823.5814087994336, 731.7343894082069, 660.9079141712189, 708.6907363086939, 690.3967415474892, 678.9288642344952, 688.503724243021, 660.9079141712189, 660.9079141712189, 699.8266259253026, 660.9079141712189, 666.9148975256443, 660.9079141712189, 863.0057367347001, 865.5107169309854, 660.9079141712189, 660.9079141712189, 685.4819369847775, 660.9079141712189, 769.6136020493507], "observations": [[2265600, 1377000000, 2133000000], [1574400, 1032750000, 204000000], [1574400, 624750000, 2133000000], [2188800, 1032750000, 2133000000], [1267200, 1032750000, 2133000000], [729600, 905250000, 204000000], [2265600, 522750000, 2133000000], [1113600, 1032750000, 1600000000], [1344000, 1032750000, 1333000000], [2188800, 1236750000, 1600000000], [1804800, 318750000, 1600000000], [1651200, 1377000000, 1866000000], [2265600, 624750000, 1600000000], [1958400, 1377000000, 2133000000], [1190400, 318750000, 1600000000], [1113600, 1198500000, 1866000000], [1958400, 216750000, 2133000000], [1420800, 114750000, 1866000000], [883200, 828750000, 204000000], [1881600, 1032750000, 1600000000], [2188800, 624750000, 1600000000], [422400, 675750000, 1333000000], [2265600, 1338750000, 1333000000], [422400, 1236750000, 2133000000], [422400, 1198500000, 1333000000], [422400, 1338750000, 1866000000], [1958400, 1236750000, 2133000000], [2265600, 1198500000, 1333000000], [2265600, 1198500000, 1866000000], [2112000, 828750000, 1333000000], [1881600, 1032750000, 1866000000], [1728000, 905250000, 1333000000], [1958400, 1198500000, 1866000000], [960000, 1032750000, 1866000000], [1728000, 1198500000, 1333000000], [2265600, 1377000000, 1866000000], [1728000, 905250000, 2133000000], [2265600, 318750000, 1333000000], [499200, 828750000, 1600000000], [1497600, 1236750000, 1600000000], [2265600, 1377000000, 1600000000], [2265600, 1338750000, 1866000000], [1804800, 1032750000, 1333000000], [2265600, 1377000000, 800000000], [1420800, 1198500000, 1866000000], [422400, 522750000, 800000000], [1651200, 1198500000, 2133000000], [1574400, 1032750000, 1333000000], [2265600, 624750000, 800000000], [806400, 905250000, 800000000], [2035200, 1236750000, 1333000000], [2035200, 1338750000, 2133000000], [1728000, 1198500000, 1600000000], [2265600, 1236750000, 2133000000], [1574400, 1032750000, 2133000000], [1958400, 1198500000, 1333000000], [2112000, 1377000000, 2133000000], [2265600, 1032750000, 800000000], [422400, 828750000, 2133000000], [1574400, 1198500000, 1333000000], [1958400, 1236750000, 2133000000], [2265600, 1032750000, 1333000000], [1804800, 1377000000, 1333000000], [2265600, 1032750000, 1600000000], [2035200, 1236750000, 2133000000]],