{"Baseline": [901.1084398365022, 901.1084398365022, 901.1084398365022, 901.1084398365022, 901.1084398365022, 901.1084398365022, 901.1084398365022, 901.1084398365022, 901.1084398365022, 901.1084398365022, 901.1084398365022, 901.1084398365022, 901.1084398365022, 901.1084398365022, 901.1084398365022, 901.1084398365022, 901.1084398365022, 901.1084398365022, 901.1084398365022, 901.1084398365022, 901.1084398365022, 901.1084398365022, 901.1084398365022, 901.1084398365022, 901.1084398365022, 901.1084398365022, 901.1084398365022, 901.1084398365022, 901.1084398365022, 901.1084398365022, 901.1084398365022, 901.1084398365022, 901.1084398365022, 901.1084398365022, 901.1084398365022, 901.1084398365022, 901.1084398365022, 901.1084398365022, 901.1084398365022, 901.1084398365022, 901.1084398365022, 901.1084398365022, 901.1084398365022, 901.1084398365022, 901.1084398365022, 901.1084398365022, 901.1084398365022, 901.1084398365022, 901.1084398365022, 901.1084398365022, 901.1084398365022, 901.1084398365022, 901.1084398365022, 901.1084398365022, 901.1084398365022, 901.1084398365022, 901.1084398365022, 901.1084398365022, 901.1084398365022, 901.1084398365022, 901.1084398365022, 901.1084398365022, 901.1084398365022, 901.1084398365022, 901.1084398365022, 901.1084398365022, 901.1084398365022, 901.1084398365022, 901.1084398365022, 901.1084398365022, 901.1084398365022, 901.1084398365022, 901.1084398365022, 901.1084398365022, 901.1084398365022, 901.1084398365022, 901.1084398365022, 901.1084398365022, 901.1084398365022, 901.1084398365022, 901.1084398365022, 901.1084398365022, 901.1084398365022, 901.1084398365022, 901.1084398365022, 901.1084398365022, 901.1084398365022, 901.1084398365022, 901.1084398365022, 901.1084398365022, 901.1084398365022, 901.1084398365022, 901.1084398365022, 901.1084398365022, 901.1084398365022, 901.1084398365022, 901.1084398365022, 901.1084398365022, 901.1084398365022, 901.1084398365022], "Oracle": [652.2353289699555, 652.2353289699555, 652.2353289699555, 652.2353289699555, 652.2353289699555, 652.2353289699555, 652.2353289699555, 652.2353289699555, 652.2353289699555, 652.2353289699555, 652.2353289699555, 652.2353289699555, 652.2353289699555, 790.3968480927228, 652.2353289699555, 652.2353289699555, 653.2150527302027, 652.2353289699555, 652.2353289699555, 652.2353289699555, 652.2353289699555, 652.2353289699555, 727.5732494801998, 652.2353289699555, 652.2353289699555, 652.2353289699555, 653.0430401616097, 652.2353289699555, 652.2353289699555, 652.2353289699555, 652.2353289699555, 652.2353289699555, 652.2353289699555, 652.5868329144716, 652.2353289699555, 652.2353289699555, 652.2353289699555, 652.2353289699555, 652.2353289699555, 652.2353289699555, 652.2353289699555, 652.9757308956385, 652.2353289699555, 652.2353289699555, 652.2353289699555, 797.741918688059, 692.3097335092544, 652.2353289699555, 652.2353289699555, 652.2353289699555, 652.2353289699555, 652.2353289699555, 652.2353289699555, 763.9806317623376, 652.2353289699555, 827.1249319242716, 652.2353289699555, 652.2353289699555, 652.2353289699555, 652.2353289699555, 653.2823619961739, 652.2353289699555, 652.2353289699555, 652.2353289699555, 652.2353289699555, 734.1312963330984, 652.2353289699555, 652.2353289699555, 652.2353289699555, 659.9225834485769, 652.2353289699555, 680.1618060388804, 652.2353289699555, 652.2353289699555, 652.2353289699555, 652.2353289699555, 652.2353289699555, 652.2353289699555, 652.2353289699555, 652.2353289699555, 668.1878883719206, 652.2353289699555, 652.2353289699555, 652.2353289699555, 652.2353289699555, 652.2353289699555, 652.2353289699555, 652.2353289699555, 652.2353289699555, 652.2353289699555, 652.2353289699555, 652.2353289699555, 652.2353289699555, 771.5345270131111, 777.6312878082753, 652.2353289699555, 652.2353289699555, 652.2353289699555, 652.2353289699555, 652.2353289699555], "BoFL": [837.0437814975977, 920.3743483090877, 675.9286459317923, 800.5632789258482, 756.589866798544, 781.8017372247934, 825.4644806183815, 777.8103248946189, 660.9079141712189, 660.9079141712189, 660.9079141712189, 660.9079141712189, 660.9079141712189, 806.6809580273152, 660.9079141712189, 660.9079141712189, 660.9079141712189, 660.9079141712189, 660.9079141712189, 660.9079141712189, 660.9079141712189, 660.9079141712189, 735.8471045527219, 660.9079141712189, 660.9079141712189, 660.9079141712189, 660.9079141712189, 660.9079141712189, 660.9079141712189, 660.9079141712189, 660.9079141712189, 660.9079141712189, 660.9079141712189, 660.9079141712189, 660.9079141712189, 660.9079141712189, 660.9079141712189, 660.9079141712189, 660.9079141712189, 660.9079141712189, 660.9079141712189, 660.9079141712189, 660.9079141712189, 660.9079141712189, 660.9079141712189, 815.0336732256889, 700.7483947488546, 660.9079141712189, 660.9079141712189, 660.9079141712189, 660.9079141712189, 660.9079141712189, 660.9079141712189, 776.8919211342335, 660.9079141712189, 842.615338770342, 660.9079141712189, 660.9079141712189, 660.9079141712189, 660.9079141712189, 660.9079141712189, 660.9079141712189, 660.9079141712189, 660.9079141712189, 660.9079141712189, 743.2584853909731, 660.9079141712189, 660.9079141712189, 660.9079141712189, 666.7676046093702, 660.9079141712189, 687.9368350808383, 660.9079141712189, 660.9079141712189, 660.9079141712189, 660.9079141712189, 660.9079141712189, 660.9079141712189, 660.9079141712189, 660.9079141712189, 675.3767789761305, 660.9079141712189, 660.9079141712189, 660.9079141712189, 660.9079141712189, 660.9079141712189, 660.9079141712189, 660.9079141712189, 660.9079141712189, 660.9079141712189, 660.9079141712189, 660.9079141712189, 660.9079141712189, 785.4971999001742, 792.3295879016638, 660.9079141712189, 660.9079141712189, 660.9079141712189, 660.9079141712189, 660.9079141712189], "phase": [0, 3, 8], "overhead": [[9.42500352859497, 64.59335711216927], [9.933727502822876, 68.38498156952858], [9.424076318740845, 65.47106276416778], [9.600153684616089, 65.36464853405953], [9.516931295394897, 65.28818175196648]], "ddls": [92.94684650736524, 57.68154276485433, 93.09547539398604, 108.19156969707467, 130.22673156319908, 63.09088316424434, 96.77622762088168, 68.07590022813683, 58.89317777095498, 102.54019620925847, 88.07142289488779, 64.1895224412935, 124.10086032714543, 39.59874399516846, 98.0919839964858, 69.32815174318459, 49.6223145994378, 126.53848980406705, 89.21036862250244, 75.97666654203798, 106.17295879745289, 71.38178319426075, 42.25575424421784, 90.10536489380567, 81.97211900685325, 75.97686646481954, 50.348507051321405, 101.80523002177347, 95.4644334896696, 73.35157103537519, 55.53058532801088, 73.63404910699238, 83.45650210790167, 52.234638567704415, 87.14982612909786, 61.91418692729246, 109.38279997320151, 72.29315106095785, 88.44383933774945, 122.29535425946189, 105.11941682576392, 50.60441222542318, 103.11889358057847, 117.73046788278857, 58.41187911629929, 39.28825600768014, 44.21386126587193, 58.29008605524162, 71.28241670394146, 60.39334096422888, 96.55724890204921, 116.77008702538652, 85.49556779089824, 40.71631000728178, 94.81170616701738, 38.25709669900566, 86.4736365882606, 90.02024515109996, 119.77436003322697, 68.09567694781907, 49.35550952568223, 72.2893993567951, 109.94469573143968, 94.02186013341137, 81.83410940470576, 41.977774334753214, 67.22816820705609, 60.169662331517955, 127.6134126383157, 46.943821773401304, 127.98117149958019, 45.23637197445418, 120.46587362282392, 97.6591104200964, 76.60213526233281, 86.46467291808567, 77.0256195328746, 128.99723850317702, 80.8953630295168, 119.00959804244373, 46.248049805445426, 63.02032791558946, 115.44719984417817, 68.71056901398045, 76.10861906179082, 80.69588431617211, 76.84266578743727, 103.07653675849345, 88.98458850670728, 72.30632116451983, 98.46290984161907, 85.54351896669031, 104.67557417136506, 40.39488336769634, 40.13848901712961, 96.62711575685879, 128.98897397748678, 78.09210204536305, 116.92873183914699, 56.10181625922541], "min_ddl": 37.27348642016295}