{"Baseline": [901.1084398365022, 901.1084398365022, 901.1084398365022, 901.1084398365022, 901.1084398365022, 901.1084398365022, 901.1084398365022, 901.1084398365022, 901.1084398365022, 901.1084398365022, 901.1084398365022, 901.1084398365022, 901.1084398365022, 901.1084398365022, 901.1084398365022, 901.1084398365022, 901.1084398365022, 901.1084398365022, 901.1084398365022, 901.1084398365022, 901.1084398365022, 901.1084398365022, 901.1084398365022, 901.1084398365022, 901.1084398365022, 901.1084398365022, 901.1084398365022, 901.1084398365022, 901.1084398365022, 901.1084398365022, 901.1084398365022, 901.1084398365022, 901.1084398365022, 901.1084398365022, 901.1084398365022, 901.1084398365022, 901.1084398365022, 901.1084398365022, 901.1084398365022, 901.1084398365022, 901.1084398365022, 901.1084398365022, 901.1084398365022, 901.1084398365022, 901.1084398365022, 901.1084398365022, 901.1084398365022, 901.1084398365022, 901.1084398365022, 901.1084398365022, 901.1084398365022, 901.1084398365022, 901.1084398365022, 901.1084398365022, 901.1084398365022, 901.1084398365022, 901.1084398365022, 901.1084398365022, 901.1084398365022, 901.1084398365022, 901.1084398365022, 901.1084398365022, 901.1084398365022, 901.1084398365022, 901.1084398365022, 901.1084398365022, 901.1084398365022, 901.1084398365022, 901.1084398365022, 901.1084398365022, 901.1084398365022, 901.1084398365022, 901.1084398365022, 901.1084398365022, 901.1084398365022, 901.1084398365022, 901.1084398365022, 901.1084398365022, 901.1084398365022, 901.1084398365022, 901.1084398365022, 901.1084398365022, 901.1084398365022, 901.1084398365022, 901.1084398365022, 901.1084398365022, 901.1084398365022, 901.1084398365022, 901.1084398365022, 901.1084398365022, 901.1084398365022, 901.1084398365022, 901.1084398365022, 901.1084398365022, 901.1084398365022, 901.1084398365022, 901.1084398365022, 901.1084398365022, 901.1084398365022, 901.1084398365022], "Oracle": [652.2353289699555, 677.7768308631659, 652.2353289699555, 652.2353289699555, 652.2353289699555, 653.7011752066612, 652.2353289699555, 653.2225315375329, 672.0733907168388, 652.2353289699555, 652.2353289699555, 653.5964719040394, 652.2353289699555, 829.6374984823227, 652.2353289699555, 653.1028706202508, 728.6053739818096, 652.2353289699555, 652.2353289699555, 652.4596931898594, 652.2353289699555, 652.9009428223371, 798.2579809388637, 652.2353289699555, 652.2353289699555, 652.4596931898594, 721.7500411050559, 652.2353289699555, 652.2353289699555, 652.7139726390839, 687.9880025894404, 652.6840574097633, 652.2353289699555, 703.9155753800392, 652.2353289699555, 657.6908025217533, 652.2353289699555, 652.8186759417058, 652.2353289699555, 652.2353289699555, 652.2353289699555, 719.3162534673214, 652.2353289699555, 652.2353289699555, 674.3051716436624, 835.5187165760278, 779.6955368114948, 674.9148249556065, 652.9159004369974, 664.9455877894163, 652.2353289699555, 652.2353289699555, 652.2353289699555, 813.3566359418869, 652.2353289699555, 855.0396503258704, 652.2353289699555, 652.2353289699555, 652.2353289699555, 653.2225315375329, 731.1104318638324, 652.8186759417058, 652.2353289699555, 652.2353289699555, 652.2353289699555, 800.8540890944957, 653.3047984181643, 666.0034981499196, 652.2353289699555, 753.8924242712498, 652.2353289699555, 770.0587822412012, 652.2353289699555, 652.2353289699555, 652.3998627312184, 652.2353289699555, 652.3624686945677, 652.2353289699555, 652.2353289699555, 652.2353289699555, 760.4797833392381, 653.7086540139913, 652.2353289699555, 653.1627010788918, 652.4522143825293, 652.2353289699555, 652.377426309228, 652.2353289699555, 652.2353289699555, 652.8653768340827, 652.2353289699555, 652.2353289699555, 652.2353289699555, 816.6901878201246, 819.9352660694124, 652.2353289699555, 652.2353289699555, 652.2577653919459, 652.2353289699555, 685.2982088109017], "BoFL": [843.6309990916014, 897.9586834947111, 918.8938677371025, 675.9286459317923, 800.5632789258482, 781.9188934203863, 806.4657153992653, 846.744132020855, 793.690766556883, 752.5687438330173, 660.9079141712189, 660.9079141712189, 660.9079141712189, 844.9513038183928, 660.9079141712189, 660.9079141712189, 735.2624102651835, 660.9079141712189, 660.9079141712189, 660.9079141712189, 660.9079141712189, 660.9079141712189, 815.1946812808752, 660.9079141712189, 660.9079141712189, 660.9079141712189, 727.2541175487995, 660.9079141712189, 660.9079141712189, 660.9079141712189, 692.5832790073395, 660.9079141712189, 660.9079141712189, 707.2564259534836, 660.9079141712189, 664.1003666274786, 660.9079141712189, 660.9079141712189, 660.9079141712189, 660.9079141712189, 660.9079141712189, 724.4954262834549, 660.9079141712189, 660.9079141712189, 679.7234375321865, 851.4893697403431, 793.9054704829455, 680.2392030050278, 660.9079141712189, 670.9095591076851, 660.9079141712189, 660.9079141712189, 660.9079141712189, 831.8795672125817, 660.9079141712189, 873.2739885537386, 660.9079141712189, 660.9079141712189, 660.9079141712189, 660.9079141712189, 738.0121163777352, 660.9079141712189, 660.9079141712189, 660.9079141712189, 660.9079141712189, 818.2253506182432, 660.9079141712189, 671.8545476072312, 660.9079141712189, 764.2897873009682, 660.9079141712189, 782.7912868306398, 660.9079141712189, 660.9079141712189, 660.9079141712189, 660.9079141712189, 660.9079141712189, 660.9079141712189, 660.9079141712189, 660.9079141712189, 771.8415851367712, 660.9079141712189, 660.9079141712189, 660.9079141712189, 660.9079141712189, 660.9079141712189, 660.9079141712189, 660.9079141712189, 660.9079141712189, 660.9079141712189, 660.9079141712189, 660.9079141712189, 660.9079141712189, 835.3869406594754, 838.2260136074306, 660.9079141712189, 660.9079141712189, 660.9079141712189, 660.9079141712189, 690.0213009691238], "phase": [0, 4, 10], "overhead": [[9.475977659225464, 65.31183833408356], [9.877079248428345, 68.12089239740372], [9.398979425430298, 64.01072906327248], [9.601881742477417, 65.17325464272498], [9.628880500793457, 66.54859208250046], [9.66206169128418, 66.77357803440094]], "ddls": [59.54283045504387, 45.4367089580395, 59.602282009692175, 65.64071973092763, 74.4547844773774, 47.60044511779551, 61.07458290045045, 49.5944519433525, 45.92136296047976, 63.38017033580116, 57.59266101005289, 48.039900828615174, 72.00443598295594, 38.20358945016516, 61.60088545069209, 50.095352549371604, 42.21301769187289, 72.9794877737246, 58.04823930109875, 52.754758468912954, 64.83327537107893, 50.91680512980207, 39.26639354978491, 58.406237809620045, 55.15293945483907, 52.754838438025594, 42.50349467262633, 63.086183860807154, 60.54986524796561, 51.70472026624785, 44.57632598330213, 51.81771149489472, 55.74669269525844, 43.25794727917953, 57.224022303736916, 47.12976662301475, 66.11721184137838, 51.281352276480916, 57.741627587197556, 71.28223355588253, 64.41185858240334, 42.605856742267044, 63.61164928432916, 69.45627900521319, 45.728843498617486, 38.07939425516983, 40.04963635844655, 45.68012627419442, 50.87705853367436, 46.52142823778932, 60.986991412917455, 69.07212666225239, 56.56231896845706, 38.650615855010486, 60.28877431890473, 37.66693053170003, 56.95354648740202, 58.372189912537756, 70.27383586538856, 49.6023626312254, 42.10629566237066, 51.27985159481582, 66.34197014467365, 59.97283590546232, 55.09773561398007, 39.15520158599906, 49.25535913492021, 46.43195678470495, 73.40945690742406, 41.141620561458296, 73.55656045192984, 40.45864064187945, 70.55044130122734, 61.42773602013634, 53.00494595703089, 56.94996101933204, 53.174339665247615, 73.96298725336858, 54.722237063904494, 69.96793106907526, 40.86331177427594, 47.57222301833355, 68.54297178976904, 49.84831945768995, 52.80753947681411, 54.642445578566615, 53.10115816707268, 63.59470655549515, 57.95792725478069, 51.28662031790571, 61.749255788745394, 56.581499438773896, 64.23432152064379, 38.522045199176304, 38.41948745894962, 61.01493815484128, 73.95968144309248, 53.60093267024299, 69.13558458775657, 44.80481835578794], "min_ddl": 37.27348642016295}