{"Baseline": [901.1084398365022, 901.1084398365022, 901.1084398365022, 901.1084398365022, 901.1084398365022, 901.1084398365022, 901.1084398365022, 901.1084398365022, 901.1084398365022, 901.1084398365022, 901.1084398365022, 901.1084398365022, 901.1084398365022, 901.1084398365022, 901.1084398365022, 901.1084398365022, 901.1084398365022, 901.1084398365022, 901.1084398365022, 901.1084398365022, 901.1084398365022, 901.1084398365022, 901.1084398365022, 901.1084398365022, 901.1084398365022, 901.1084398365022, 901.1084398365022, 901.1084398365022, 901.1084398365022, 901.1084398365022, 901.1084398365022, 901.1084398365022, 901.1084398365022, 901.1084398365022, 901.1084398365022, 901.1084398365022, 901.1084398365022, 901.1084398365022, 901.1084398365022, 901.1084398365022, 901.1084398365022, 901.1084398365022, 901.1084398365022, 901.1084398365022, 901.1084398365022, 901.1084398365022, 901.1084398365022, 901.1084398365022, 901.1084398365022, 901.1084398365022, 901.1084398365022, 901.1084398365022, 901.1084398365022, 901.1084398365022, 901.1084398365022, 901.1084398365022, 901.1084398365022, 901.1084398365022, 901.1084398365022, 901.1084398365022, 901.1084398365022, 901.1084398365022, 901.1084398365022, 901.1084398365022, 901.1084398365022, 901.1084398365022, 901.1084398365022, 901.1084398365022, 901.1084398365022, 901.1084398365022, 901.1084398365022, 901.1084398365022, 901.1084398365022, 901.1084398365022, 901.1084398365022, 901.1084398365022, 901.1084398365022, 901.1084398365022, 901.1084398365022, 901.1084398365022, 901.1084398365022, 901.1084398365022, 901.1084398365022, 901.1084398365022, 901.1084398365022, 901.1084398365022, 901.1084398365022, 901.1084398365022, 901.1084398365022, 901.1084398365022, 901.1084398365022, 901.1084398365022, 901.1084398365022, 901.1084398365022, 901.1084398365022, 901.1084398365022, 901.1084398365022, 901.1084398365022, 901.1084398365022, 901.1084398365022], "Oracle": [652.2353289699555, 652.2353289699555, 652.2353289699555, 652.2353289699555, 652.2353289699555, 652.2353289699555, 652.2353289699555, 652.2353289699555, 652.2353289699555, 652.2353289699555, 652.2353289699555, 652.2353289699555, 652.2353289699555, 779.3636996572972, 652.2353289699555, 652.2353289699555, 652.6242269511223, 652.2353289699555, 652.2353289699555, 652.2353289699555, 652.2353289699555, 652.2353289699555, 704.0752569386482, 652.2353289699555, 652.2353289699555, 652.2353289699555, 652.4148203458786, 652.2353289699555, 652.2353289699555, 652.2353289699555, 652.2353289699555, 652.2353289699555, 652.2353289699555, 652.2353289699555, 652.2353289699555, 652.2353289699555, 652.2353289699555, 652.2353289699555, 652.2353289699555, 652.2353289699555, 652.2353289699555, 652.3400322725773, 652.2353289699555, 652.2353289699555, 652.2353289699555, 788.2092007214546, 675.800924045682, 652.2353289699555, 652.2353289699555, 652.2353289699555, 652.2353289699555, 652.2353289699555, 652.2353289699555, 747.699677261591, 652.2353289699555, 818.4989675300122, 652.2353289699555, 652.2353289699555, 652.2353289699555, 652.2353289699555, 652.6990150244236, 652.2353289699555, 652.2353289699555, 652.2353289699555, 652.2353289699555, 711.913866794467, 652.2353289699555, 652.2353289699555, 652.2353289699555, 653.3945441061259, 652.2353289699555, 661.2919606377363, 652.2353289699555, 652.2353289699555, 652.2353289699555, 652.2353289699555, 652.2353289699555, 652.2353289699555, 652.2353289699555, 652.2353289699555, 653.5964719040394, 652.2353289699555, 652.2353289699555, 652.2353289699555, 652.2353289699555, 652.2353289699555, 652.2353289699555, 652.2353289699555, 652.2353289699555, 652.2353289699555, 652.2353289699555, 652.2353289699555, 652.2353289699555, 756.7792598199129, 764.0629068797826, 652.2353289699555, 652.2353289699555, 652.2353289699555, 652.2353289699555, 652.2353289699555], "BoFL": [837.0437814975977, 894.560990706563, 786.3022588495733, 712.947631833601, 835.616599349475, 823.0266009726762, 785.4091734143973, 660.9079141712189, 660.9079141712189, 660.9079141712189, 660.9079141712189, 660.9079141712189, 660.9079141712189, 790.4893911307573, 660.9079141712189, 660.9079141712189, 660.9079141712189, 660.9079141712189, 660.9079141712189, 660.9079141712189, 660.9079141712189, 660.9079141712189, 717.091948527813, 660.9079141712189, 660.9079141712189, 660.9079141712189, 660.9079141712189, 660.9079141712189, 660.9079141712189, 660.9079141712189, 660.9079141712189, 660.9079141712189, 660.9079141712189, 660.9079141712189, 660.9079141712189, 660.9079141712189, 660.9079141712189, 660.9079141712189, 660.9079141712189, 660.9079141712189, 660.9079141712189, 660.9079141712189, 660.9079141712189, 660.9079141712189, 660.9079141712189, 801.9658915802478, 685.375154939413, 660.9079141712189, 660.9079141712189, 660.9079141712189, 660.9079141712189, 660.9079141712189, 660.9079141712189, 754.148394318819, 660.9079141712189, 839.6513147226333, 660.9079141712189, 660.9079141712189, 660.9079141712189, 660.9079141712189, 660.9079141712189, 660.9079141712189, 660.9079141712189, 660.9079141712189, 660.9079141712189, 721.7235254070282, 660.9079141712189, 660.9079141712189, 660.9079141712189, 660.9079141712189, 660.9079141712189, 668.7615963931084, 660.9079141712189, 660.9079141712189, 660.9079141712189, 660.9079141712189, 660.9079141712189, 660.9079141712189, 660.9079141712189, 660.9079141712189, 660.9079141712189, 660.9079141712189, 660.9079141712189, 660.9079141712189, 660.9079141712189, 660.9079141712189, 660.9079141712189, 660.9079141712189, 660.9079141712189, 660.9079141712189, 660.9079141712189, 660.9079141712189, 660.9079141712189, 762.4322235175133, 770.7639820967674, 660.9079141712189, 660.9079141712189, 660.9079141712189, 660.9079141712189, 660.9079141712189],