{"Baseline": [901.1084398365022, 901.1084398365022, 901.1084398365022, 901.1084398365022, 901.1084398365022, 901.1084398365022, 901.1084398365022, 901.1084398365022, 901.1084398365022, 901.1084398365022, 901.1084398365022, 901.1084398365022, 901.1084398365022, 901.1084398365022, 901.1084398365022, 901.1084398365022, 901.1084398365022, 901.1084398365022, 901.1084398365022, 901.1084398365022, 901.1084398365022, 901.1084398365022, 901.1084398365022, 901.1084398365022, 901.1084398365022, 901.1084398365022, 901.1084398365022, 901.1084398365022, 901.1084398365022, 901.1084398365022, 901.1084398365022, 901.1084398365022, 901.1084398365022, 901.1084398365022, 901.1084398365022, 901.1084398365022, 901.1084398365022, 901.1084398365022, 901.1084398365022, 901.1084398365022, 901.1084398365022, 901.1084398365022, 901.1084398365022, 901.1084398365022, 901.1084398365022, 901.1084398365022, 901.1084398365022, 901.1084398365022, 901.1084398365022, 901.1084398365022, 901.1084398365022, 901.1084398365022, 901.1084398365022, 901.1084398365022, 901.1084398365022, 901.1084398365022, 901.1084398365022, 901.1084398365022, 901.1084398365022, 901.1084398365022, 901.1084398365022, 901.1084398365022, 901.1084398365022, 901.1084398365022, 901.1084398365022, 901.1084398365022, 901.1084398365022, 901.1084398365022, 901.1084398365022, 901.1084398365022, 901.1084398365022, 901.1084398365022, 901.1084398365022, 901.1084398365022, 901.1084398365022, 901.1084398365022, 901.1084398365022, 901.1084398365022, 901.1084398365022, 901.1084398365022, 901.1084398365022, 901.1084398365022, 901.1084398365022, 901.1084398365022, 901.1084398365022, 901.1084398365022, 901.1084398365022, 901.1084398365022, 901.1084398365022, 901.1084398365022, 901.1084398365022, 901.1084398365022, 901.1084398365022, 901.1084398365022, 901.1084398365022, 901.1084398365022, 901.1084398365022, 901.1084398365022, 901.1084398365022, 901.1084398365022], "Oracle": [652.2353289699555, 652.2353289699555, 652.2353289699555, 652.2353289699555, 652.2353289699555, 652.2353289699555, 652.2353289699555, 652.2353289699555, 652.2353289699555, 652.2353289699555, 652.2353289699555, 652.2353289699555, 652.2353289699555, 790.3968480927228, 652.2353289699555, 652.2353289699555, 653.2150527302027, 652.2353289699555, 652.2353289699555, 652.2353289699555, 652.2353289699555, 652.2353289699555, 727.5732494801998, 652.2353289699555, 652.2353289699555, 652.2353289699555, 653.0430401616097, 652.2353289699555, 652.2353289699555, 652.2353289699555, 652.2353289699555, 652.2353289699555, 652.2353289699555, 652.5868329144716, 652.2353289699555, 652.2353289699555, 652.2353289699555, 652.2353289699555, 652.2353289699555, 652.2353289699555, 652.2353289699555, 652.9757308956385, 652.2353289699555, 652.2353289699555, 652.2353289699555, 797.741918688059, 692.3097335092544, 652.2353289699555, 652.2353289699555, 652.2353289699555, 652.2353289699555, 652.2353289699555, 652.2353289699555, 763.9806317623376, 652.2353289699555, 827.1249319242716, 652.2353289699555, 652.2353289699555, 652.2353289699555, 652.2353289699555, 653.2823619961739, 652.2353289699555, 652.2353289699555, 652.2353289699555, 652.2353289699555, 734.1312963330984, 652.2353289699555, 652.2353289699555, 652.2353289699555, 659.9225834485769, 652.2353289699555, 680.1618060388804, 652.2353289699555, 652.2353289699555, 652.2353289699555, 652.2353289699555, 652.2353289699555, 652.2353289699555, 652.2353289699555, 652.2353289699555, 668.1878883719206, 652.2353289699555, 652.2353289699555, 652.2353289699555, 652.2353289699555, 652.2353289699555, 652.2353289699555, 652.2353289699555, 652.2353289699555, 652.2353289699555, 652.2353289699555, 652.2353289699555, 652.2353289699555, 771.5345270131111, 777.6312878082753, 652.2353289699555, 652.2353289699555, 652.2353289699555, 652.2353289699555, 652.2353289699555], "BoFL": [837.0437814975977, 920.3743483090877, 675.9286459317923, 800.5632789258482, 759.3885701918364, 789.625836853838, 800.7010285480977, 791.0057486230135, 660.9079141712189, 660.9079141712189, 660.9079141712189, 660.9079141712189, 660.9079141712189, 808.3946544389008, 660.9079141712189, 660.9079141712189, 660.9079141712189, 660.9079141712189, 660.9079141712189, 660.9079141712189, 660.9079141712189, 660.9079141712189, 734.6375365192413, 660.9079141712189, 660.9079141712189, 660.9079141712189, 660.9079141712189, 660.9079141712189, 660.9079141712189, 660.9079141712189, 660.9079141712189, 660.9079141712189, 660.9079141712189, 660.9079141712189, 660.9079141712189, 660.9079141712189, 660.9079141712189, 660.9079141712189, 660.9079141712189, 660.9079141712189, 660.9079141712189, 660.9079141712189, 660.9079141712189, 660.9079141712189, 660.9079141712189, 817.0192743614673, 696.5426996118546, 660.9079141712189, 660.9079141712189, 660.9079141712189, 660.9079141712189, 660.9079141712189, 660.9079141712189, 777.4881310614822, 660.9079141712189, 845.7873843441247, 660.9079141712189, 660.9079141712189, 660.9079141712189, 660.9079141712189, 660.9079141712189, 660.9079141712189, 660.9079141712189, 660.9079141712189, 660.9079141712189, 742.3942323957681, 660.9079141712189, 660.9079141712189, 660.9079141712189, 666.2647773420334, 660.9079141712189, 685.1302519870758, 660.9079141712189, 660.9079141712189, 660.9079141712189, 660.9079141712189, 660.9079141712189, 660.9079141712189, 660.9079141712189, 660.9079141712189, 673.9507114566803, 660.9079141712189, 660.9079141712189, 660.9079141712189, 660.9079141712189, 660.9079141712189, 660.9079141712189, 660.9079141712189, 660.9079141712189, 660.9079141712189, 660.9079141712189, 660.9079141712189, 660.9079141712189, 786.3609795989989, 793.4495401547431, 660.9079141712189, 660.9079141712189, 660.9079141712189, 660.9079141712189, 660.9079141712189],