{"Baseline": [901.1084398365022, 901.1084398365022, 901.1084398365022, 901.1084398365022, 901.1084398365022, 901.1084398365022, 901.1084398365022, 901.1084398365022, 901.1084398365022, 901.1084398365022, 901.1084398365022, 901.1084398365022, 901.1084398365022, 901.1084398365022, 901.1084398365022, 901.1084398365022, 901.1084398365022, 901.1084398365022, 901.1084398365022, 901.1084398365022, 901.1084398365022, 901.1084398365022, 901.1084398365022, 901.1084398365022, 901.1084398365022, 901.1084398365022, 901.1084398365022, 901.1084398365022, 901.1084398365022, 901.1084398365022, 901.1084398365022, 901.1084398365022, 901.1084398365022, 901.1084398365022, 901.1084398365022, 901.1084398365022, 901.1084398365022, 901.1084398365022, 901.1084398365022, 901.1084398365022, 901.1084398365022, 901.1084398365022, 901.1084398365022, 901.1084398365022, 901.1084398365022, 901.1084398365022, 901.1084398365022, 901.1084398365022, 901.1084398365022, 901.1084398365022, 901.1084398365022, 901.1084398365022, 901.1084398365022, 901.1084398365022, 901.1084398365022, 901.1084398365022, 901.1084398365022, 901.1084398365022, 901.1084398365022, 901.1084398365022, 901.1084398365022, 901.1084398365022, 901.1084398365022, 901.1084398365022, 901.1084398365022, 901.1084398365022, 901.1084398365022, 901.1084398365022, 901.1084398365022, 901.1084398365022, 901.1084398365022, 901.1084398365022, 901.1084398365022, 901.1084398365022, 901.1084398365022, 901.1084398365022, 901.1084398365022, 901.1084398365022, 901.1084398365022, 901.1084398365022, 901.1084398365022, 901.1084398365022, 901.1084398365022, 901.1084398365022, 901.1084398365022, 901.1084398365022, 901.1084398365022, 901.1084398365022, 901.1084398365022, 901.1084398365022, 901.1084398365022, 901.1084398365022, 901.1084398365022, 901.1084398365022, 901.1084398365022, 901.1084398365022, 901.1084398365022, 901.1084398365022, 901.1084398365022, 901.1084398365022], "Oracle": [652.2353289699555, 652.2577653919459, 652.2353289699555, 652.2353289699555, 652.2353289699555, 652.2353289699555, 652.2353289699555, 652.2353289699555, 652.2353289699555, 652.2353289699555, 652.2353289699555, 652.2353289699555, 652.2353289699555, 801.3701513453007, 652.2353289699555, 652.2353289699555, 657.4428268632174, 652.2353289699555, 652.2353289699555, 652.2353289699555, 652.2353289699555, 652.2353289699555, 751.102575061059, 652.2353289699555, 652.2353289699555, 652.2353289699555, 653.6712599773408, 652.2353289699555, 652.2353289699555, 652.2353289699555, 652.6690997951031, 652.2353289699555, 652.2353289699555, 653.3047984181643, 652.2353289699555, 652.2353289699555, 652.2353289699555, 652.2353289699555, 652.2353289699555, 652.2353289699555, 652.2353289699555, 653.6189083260298, 652.2353289699555, 652.2353289699555, 652.2353289699555, 807.2861000439406, 714.1319356068611, 652.2353289699555, 652.2353289699555, 652.2353289699555, 652.2353289699555, 652.2353289699555, 652.2353289699555, 780.2115990622997, 652.2353289699555, 836.3818384188174, 652.2353289699555, 652.2353289699555, 652.2353289699555, 652.2353289699555, 659.9967931894303, 652.2353289699555, 652.2353289699555, 652.2353289699555, 652.2353289699555, 756.3807486663103, 652.2353289699555, 652.2353289699555, 652.2353289699555, 682.8579444795608, 652.2353289699555, 699.0790421448469, 652.2353289699555, 652.2353289699555, 652.2353289699555, 652.2353289699555, 652.2353289699555, 652.2353289699555, 652.2353289699555, 652.2353289699555, 689.4316868143559, 652.2353289699555, 652.2353289699555, 652.2353289699555, 652.2353289699555, 652.2353289699555, 652.2353289699555, 652.2353289699555, 652.2353289699555, 652.2353289699555, 652.2353289699555, 652.2353289699555, 652.2353289699555, 786.3123592129946, 791.1809728638649, 652.2353289699555, 652.2353289699555, 652.2353289699555, 652.2353289699555, 652.5643964924813], "BoFL": [837.0437814975977, 907.0294133780957, 694.0775913760901, 786.3022588495733, 758.3291820355655, 832.894715449524, 774.3409878695011, 771.924080836749, 660.9079141712189, 660.9079141712189, 660.9079141712189, 660.9079141712189, 660.9079141712189, 824.686889406085, 660.9079141712189, 660.9079141712189, 664.6261252963544, 660.9079141712189, 660.9079141712189, 660.9079141712189, 660.9079141712189, 660.9079141712189, 775.1842946335793, 660.9079141712189, 660.9079141712189, 660.9079141712189, 660.9079141712189, 660.9079141712189, 660.9079141712189, 660.9079141712189, 660.9079141712189, 660.9079141712189, 660.9079141712189, 660.9079141712189, 660.9079141712189, 660.9079141712189, 660.9079141712189, 660.9079141712189, 660.9079141712189, 660.9079141712189, 660.9079141712189, 660.9079141712189, 660.9079141712189, 660.9079141712189, 660.9079141712189, 830.4523380620719, 738.7391458607436, 660.9079141712189, 660.9079141712189, 660.9079141712189, 660.9079141712189, 660.9079141712189, 660.9079141712189, 803.8589704008103, 660.9079141712189, 851.1758733546496, 660.9079141712189, 660.9079141712189, 660.9079141712189, 660.9079141712189, 668.2972770674705, 660.9079141712189, 660.9079141712189, 660.9079141712189, 660.9079141712189, 780.3920162821771, 660.9079141712189, 660.9079141712189, 660.9079141712189, 701.0943464298964, 660.9079141712189, 724.2377393940926, 660.9079141712189, 660.9079141712189, 660.9079141712189, 660.9079141712189, 660.9079141712189, 660.9079141712189, 660.9079141712189, 660.9079141712189, 710.578833346653, 660.9079141712189, 660.9079141712189, 660.9079141712189, 660.9079141712189, 660.9079141712189, 660.9079141712189, 660.9079141712189, 660.9079141712189, 660.9079141712189, 660.9079141712189, 660.9079141712189, 660.9079141712189, 809.868108271432, 814.6736380144597, 660.9079141712189, 660.9079141712189, 660.9079141712189, 660.9079141712189, 660.9079141712189], "observations": [[2265600, 1377000000, 2133000000], [1574400, 1032750000, 204000000], [1574400, 624750000, 2133000000], [2188800, 1032750000, 2133000000], [1267200, 1032750000, 2133000000], [729600, 905250000, 204000000], [2265600, 522750000, 2133000000], [1113600, 1032750000, 1600000000], [1344000, 1032750000, 1333000000], [2188800, 1236750000, 1600000000], [1804800, 318750000, 1600000000], [1651200, 1377000000, 1866000000], [2265600, 624750000, 1600000000], [1958400, 1377000000, 2133000000], [1190400, 318750000, 1600000000], [1113600, 1198500000, 1866000000], [1958400, 216750000, 2133000000], [1420800, 114750000, 1866000000], [883200, 828750000, 204000000], [1881600, 1032750000, 1600000000], [2188800, 624750000, 1600000000], [729600, 828750000, 2133000000], [499200, 905250000, 1333000000], [422400, 1198500000, 1333000000], [422400, 1236750000, 2133000000], [422400, 905250000, 1866000000], [422400, 522750000, 1333000000], [2265600, 1338750000, 1333000000], [422400, 1338750000, 2133000000], [422400, 828750000, 1600000000], [2265600, 1032750000, 1866000000], [1881600, 1198500000, 1866000000], [2188800, 828750000, 2133000000], [2035200, 905250000, 1333000000], [1958400, 1198500000, 2133000000], [1574400, 1198500000, 1866000000], [422400, 522750000, 2133000000], [1728000, 1032750000, 1333000000], [1651200, 905250000, 2133000000], [1651200, 1032750000, 2133000000], [2265600, 1377000000, 800000000], [2265600, 1377000000, 1600000000], [2265600, 1338750000, 1600000000], [2265600, 1377000000, 1333000000], [2265600, 1198500000, 2133000000], [2265600, 1338750000, 1866000000], [2265600, 905250000, 1600000000], [1804800, 1338750000, 1600000000], [1497600, 1198500000, 1600000000], [2112000, 1338750000, 2133000000], [2265600, 1198500000, 1333000000], [1651200, 1236750000, 1866000000], [1497600, 1032750000, 1600000000], [1728000, 1377000000, 1333000000], [1728000, 1236750000, 1600000000], [2188800, 1236750000, 2133000000], [1497600, 1032750000, 1333000000], [1958400, 1198500000, 1333000000], [2265600, 1032750000, 1333000000], [2265600, 1236750000, 1333000000], [2265600, 1338750000, 2133000000], [1958400, 1338750000, 1333000000], [1420800, 1198500000, 1866000000], [1651200, 1032750000, 1333000000], [2035200, 1236750000, 2133000000]],