{"Baseline": [1148.416206790924, 1148.416206790924, 1148.416206790924, 1148.416206790924, 1148.416206790924, 1148.416206790924, 1148.416206790924, 1148.416206790924, 1148.416206790924, 1148.416206790924, 1148.416206790924, 1148.416206790924, 1148.416206790924, 1148.416206790924, 1148.416206790924, 1148.416206790924, 1148.416206790924, 1148.416206790924, 1148.416206790924, 1148.416206790924, 1148.416206790924, 1148.416206790924, 1148.416206790924, 1148.416206790924, 1148.416206790924, 1148.416206790924, 1148.416206790924, 1148.416206790924, 1148.416206790924, 1148.416206790924, 1148.416206790924, 1148.416206790924, 1148.416206790924, 1148.416206790924, 1148.416206790924, 1148.416206790924, 1148.416206790924, 1148.416206790924, 1148.416206790924, 1148.416206790924, 1148.416206790924, 1148.416206790924, 1148.416206790924, 1148.416206790924, 1148.416206790924, 1148.416206790924, 1148.416206790924, 1148.416206790924, 1148.416206790924, 1148.416206790924, 1148.416206790924, 1148.416206790924, 1148.416206790924, 1148.416206790924, 1148.416206790924, 1148.416206790924, 1148.416206790924, 1148.416206790924, 1148.416206790924, 1148.416206790924, 1148.416206790924, 1148.416206790924, 1148.416206790924, 1148.416206790924, 1148.416206790924, 1148.416206790924, 1148.416206790924, 1148.416206790924, 1148.416206790924, 1148.416206790924, 1148.416206790924, 1148.416206790924, 1148.416206790924, 1148.416206790924, 1148.416206790924, 1148.416206790924, 1148.416206790924, 1148.416206790924, 1148.416206790924, 1148.416206790924, 1148.416206790924, 1148.416206790924, 1148.416206790924, 1148.416206790924, 1148.416206790924, 1148.416206790924, 1148.416206790924, 1148.416206790924, 1148.416206790924, 1148.416206790924, 1148.416206790924, 1148.416206790924, 1148.416206790924, 1148.416206790924, 1148.416206790924, 1148.416206790924, 1148.416206790924, 1148.416206790924, 1148.416206790924, 1148.416206790924], "Oracle": [882.2438087064743, 882.3724229739428, 931.9506275431633, 878.2198278448104, 914.1014316421748, 1005.696660460353, 883.1393602678298, 891.5520454593182, 885.9826533479691, 901.0039401604653, 1070.853540870428, 884.703574917984, 884.6252557199479, 1026.4488586687803, 893.0768157623291, 889.1311540987015, 901.2311556329252, 893.0279051862241, 953.4931752765417, 940.0942262516023, 891.6993466838836, 923.6934773734808, 925.4506374444486, 879.892468868637, 891.9945186292648, 883.4840122855663, 875.6660096059799, 943.0857086698533, 1086.3301830284356, 940.6023896071434, 929.772954857254, 948.7334855097533, 898.6746196047783, 906.9936215893746, 889.7810137870312, 875.4251522008896, 1069.5784227100135, 882.7457976739882, 909.0003342342616, 1017.0728807724238, 922.6333453204155, 878.8001360103607, 888.7375915048599, 887.6164195209027, 982.8692612076521, 885.205563885498, 924.1802359598877, 883.4244964879989, 944.9282706391334, 876.28822456913, 883.3261058395386, 1040.7255419464589, 967.1604614614726, 900.0158120908976, 877.1870107841014, 1068.1782717955828, 892.5848625200272, 909.1480875017405, 878.7612611594676, 893.9134210223675, 940.6023896071434, 893.0279051862241, 888.0099821147442, 1081.804706148553, 873.9187427179813, 923.6441283643961, 889.1906698962689, 927.9575065905572, 890.6170495508194, 969.2428268546821, 1083.4300509537459, 984.7577993633986, 1034.6997295446872, 1027.698998443246, 1057.511453446436, 881.7518554641724, 881.4667192440032, 1029.4741772075893, 903.9987808749199, 919.1546846478464, 875.997188537979, 908.6892214703322, 922.2137278144598, 1069.1783695327283, 1099.1018614890577, 949.0662455891371, 884.1232667524338, 1049.3262851055144, 1048.976235641551, 889.6331430662156, 942.1504932285548, 884.1232667524338, 905.3298211924554, 892.9683893886566, 923.5447681319953, 953.5800327031136, 965.6174402853013, 875.6860810564041, 908.32466190691, 942.4377380361318], "BoFL": [1154.7975262788532, 1166.6547333699464, 1143.883324206686, 938.5805339748861, 1036.0645136951207, 1148.416206790924, 1028.67545639174, 1023.4473169394016, 973.7505496821881, 990.7746175900699, 1106.5493841405155, 886.6361476897478, 886.6068444644451, 1060.33134976511, 896.3760667867183, 891.7485404235363, 905.8809817419528, 896.247524387741, 978.474394260645, 951.2762169563771, 894.7050156000137, 932.29724851799, 934.2733271917582, 881.2080637073993, 895.0906427969454, 885.3214204746723, 876.0956709736109, 954.8233673595668, 1122.763523112607, 951.9663612632274, 939.1986915864944, 963.8127836275102, 902.8908570128917, 912.6281357727527, 892.5197948173999, 875.8092829503536, 1105.2936223733902, 884.4216236818313, 915.0436408467292, 1050.5569426763534, 930.9169599042892, 879.8820069945574, 891.3629132266044, 890.0368565137625, 1014.9482785644532, 887.2495564593315, 932.6423206714153, 885.192878075695, 956.9902291490556, 876.9661645411492, 885.0643356767177, 1075.11699241879, 998.4860755512715, 904.442832959485, 878.02380695827, 1103.8953830721377, 895.7333547918319, 915.0436408467292, 879.8527037692546, 897.2758635795593, 951.9663612632274, 896.247524387741, 890.4631164337634, 1118.0003515887736, 874.6524013595581, 932.2028942712068, 891.8770828225134, 937.1282586659431, 893.4488948355437, 1000.7074665236951, 1119.6986908208132, 1016.9031599822044, 1068.9575383915662, 1061.7111435527802, 1092.6289616787433, 883.2647420910358, 883.0076572930813, 1063.511735932827, 909.1774142385005, 926.7760940631866, 876.5805373442173, 914.6985686933041, 930.571887750864, 1104.8728237810135, 1133.8874669718741, 964.8463583858968, 885.9934356948614, 1084.151422578907, 1083.7899267781258, 892.3912524184227, 953.6917220303536, 886.0520421454668, 910.5577028522014, 896.1482852140664, 931.9521763645649, 978.6286832983494, 996.9217357087374, 876.1542774242163, 914.2591422930955, 954.0367941837787],