{"Baseline": [1148.416206790924, 1148.416206790924, 1148.416206790924, 1148.416206790924, 1148.416206790924, 1148.416206790924, 1148.416206790924, 1148.416206790924, 1148.416206790924, 1148.416206790924, 1148.416206790924, 1148.416206790924, 1148.416206790924, 1148.416206790924, 1148.416206790924, 1148.416206790924, 1148.416206790924, 1148.416206790924, 1148.416206790924, 1148.416206790924, 1148.416206790924, 1148.416206790924, 1148.416206790924, 1148.416206790924, 1148.416206790924, 1148.416206790924, 1148.416206790924, 1148.416206790924, 1148.416206790924, 1148.416206790924, 1148.416206790924, 1148.416206790924, 1148.416206790924, 1148.416206790924, 1148.416206790924, 1148.416206790924, 1148.416206790924, 1148.416206790924, 1148.416206790924, 1148.416206790924, 1148.416206790924, 1148.416206790924, 1148.416206790924, 1148.416206790924, 1148.416206790924, 1148.416206790924, 1148.416206790924, 1148.416206790924, 1148.416206790924, 1148.416206790924, 1148.416206790924, 1148.416206790924, 1148.416206790924, 1148.416206790924, 1148.416206790924, 1148.416206790924, 1148.416206790924, 1148.416206790924, 1148.416206790924, 1148.416206790924, 1148.416206790924, 1148.416206790924, 1148.416206790924, 1148.416206790924, 1148.416206790924, 1148.416206790924, 1148.416206790924, 1148.416206790924, 1148.416206790924, 1148.416206790924, 1148.416206790924, 1148.416206790924, 1148.416206790924, 1148.416206790924, 1148.416206790924, 1148.416206790924, 1148.416206790924, 1148.416206790924, 1148.416206790924, 1148.416206790924, 1148.416206790924, 1148.416206790924, 1148.416206790924, 1148.416206790924, 1148.416206790924, 1148.416206790924, 1148.416206790924, 1148.416206790924, 1148.416206790924, 1148.416206790924, 1148.416206790924, 1148.416206790924, 1148.416206790924, 1148.416206790924, 1148.416206790924, 1148.416206790924, 1148.416206790924, 1148.416206790924, 1148.416206790924, 1148.416206790924], "Oracle": [865.8484976606369, 865.8484976606369, 883.9164497303009, 865.8484976606369, 874.0877696154117, 940.7989432508708, 865.8484976606369, 865.8484976606369, 865.8484976606369, 868.7342216508389, 1040.775368478966, 865.8484976606369, 865.8484976606369, 954.911073020649, 865.8484976606369, 865.8484976606369, 868.8320428030491, 865.8484976606369, 901.7998248681068, 888.6987166539669, 865.8484976606369, 879.0953079557419, 880.0892501655578, 865.8484976606369, 865.8484976606369, 865.8484976606369, 865.8484976606369, 890.4303039791107, 1071.8286602216244, 888.9444085269928, 882.6373713003159, 893.7655503015518, 867.7560101287365, 871.1797504560948, 865.8484976606369, 865.8484976606369, 1038.2251086874248, 865.8484976606369, 872.0112302498818, 948.5017740857841, 878.4166091417312, 865.8484976606369, 865.8484976606369, 865.8484976606369, 925.3697805762292, 865.8484976606369, 879.35160505023, 865.8484976606369, 891.5025653869629, 865.8484976606369, 865.8484976606369, 980.4190088427545, 914.7426084035159, 868.342937041998, 865.8484976606369, 1035.5426752636433, 865.8484976606369, 872.0601408259869, 865.8484976606369, 865.8484976606369, 888.9444085269928, 865.8484976606369, 865.8484976606369, 1062.762007640195, 865.8484976606369, 879.0364768210411, 865.8484976606369, 881.5651098924636, 865.8484976606369, 916.1746973764659, 1065.8958915490866, 926.6366184416056, 968.5602174266816, 955.7237978140594, 1014.0725640902758, 865.8484976606369, 865.8484976606369, 958.0834648632766, 869.9569860534668, 876.3885818212509, 865.8484976606369, 871.8745342467786, 878.2097921195983, 1037.4965065956833, 1093.2058579051495, 893.9623315984726, 865.8484976606369, 997.6494440088035, 997.0207580212117, 865.8484976606369, 889.9182792863846, 865.8484976606369, 870.4950023906231, 865.8484976606369, 878.9969173072815, 901.899026428938, 913.7106749919653, 865.8484976606369, 871.717766793251, 890.0761857324123], "BoFL": [1160.6722759505271, 922.3651515415906, 947.6590655570031, 1024.4663572580098, 901.5856166984082, 1086.4624701965572, 935.2558036890744, 866.0865050096511, 866.0865050096511, 869.3710751908778, 1076.5506168560028, 866.0865050096511, 866.0865050096511, 979.527054417658, 866.0865050096511, 866.0865050096511, 869.4863232674121, 866.0865050096511, 908.1321706807852, 893.206042708063, 866.0865050096511, 880.0401901441574, 881.4176356235504, 866.0865050096511, 866.0865050096511, 866.0865050096511, 866.0865050096511, 895.6053240612983, 1110.395359964466, 893.5391558422089, 884.8612493220329, 900.1508941432953, 868.5292110882758, 871.7561572312354, 866.0865050096511, 866.0865050096511, 1073.76549697814, 866.0865050096511, 872.4827732573032, 959.0109202570916, 879.1560988182543, 866.0865050096511, 866.0865050096511, 866.0865050096511, 932.590632871461, 866.0865050096511, 880.4534237879752, 866.0865050096511, 896.9827695406913, 866.0865050096511, 866.0865050096511, 1010.6523919814348, 921.5917101124763, 869.025330961275, 866.0865050096511, 1070.7889658549784, 866.0865050096511, 872.5403972955703, 866.0865050096511, 866.2017530861854, 893.5391558422089, 866.0865050096511, 866.0865050096511, 1100.5083401111365, 866.0865050096511, 880.0401901441574, 866.0865050096511, 883.4838038426399, 866.0865050096511, 923.0872144937754, 1104.028908476424, 933.8548460391283, 997.5691198506594, 982.3754130845548, 1047.2979954494476, 866.0865050096511, 866.0865050096511, 986.1272726634741, 870.5235559562205, 876.4012078594684, 866.0865050096511, 872.3675251807689, 878.8004892127036, 1072.948593675852, 1138.1402069505452, 900.4263832391738, 866.0865050096511, 1029.4222875628473, 1028.8150115316869, 866.0865050096511, 894.7788567736625, 866.0865050096511, 871.0421723006248, 866.0865050096511, 879.9024455962181, 908.1321706807852, 920.3953066074372, 866.0865050096511, 872.2522771042346, 895.0543458695412],