{"Baseline": [1148.416206790924, 1148.416206790924, 1148.416206790924, 1148.416206790924, 1148.416206790924, 1148.416206790924, 1148.416206790924, 1148.416206790924, 1148.416206790924, 1148.416206790924, 1148.416206790924, 1148.416206790924, 1148.416206790924, 1148.416206790924, 1148.416206790924, 1148.416206790924, 1148.416206790924, 1148.416206790924, 1148.416206790924, 1148.416206790924, 1148.416206790924, 1148.416206790924, 1148.416206790924, 1148.416206790924, 1148.416206790924, 1148.416206790924, 1148.416206790924, 1148.416206790924, 1148.416206790924, 1148.416206790924, 1148.416206790924, 1148.416206790924, 1148.416206790924, 1148.416206790924, 1148.416206790924, 1148.416206790924, 1148.416206790924, 1148.416206790924, 1148.416206790924, 1148.416206790924, 1148.416206790924, 1148.416206790924, 1148.416206790924, 1148.416206790924, 1148.416206790924, 1148.416206790924, 1148.416206790924, 1148.416206790924, 1148.416206790924, 1148.416206790924, 1148.416206790924, 1148.416206790924, 1148.416206790924, 1148.416206790924, 1148.416206790924, 1148.416206790924, 1148.416206790924, 1148.416206790924, 1148.416206790924, 1148.416206790924, 1148.416206790924, 1148.416206790924, 1148.416206790924, 1148.416206790924, 1148.416206790924, 1148.416206790924, 1148.416206790924, 1148.416206790924, 1148.416206790924, 1148.416206790924, 1148.416206790924, 1148.416206790924, 1148.416206790924, 1148.416206790924, 1148.416206790924, 1148.416206790924, 1148.416206790924, 1148.416206790924, 1148.416206790924, 1148.416206790924, 1148.416206790924, 1148.416206790924, 1148.416206790924, 1148.416206790924, 1148.416206790924, 1148.416206790924, 1148.416206790924, 1148.416206790924, 1148.416206790924, 1148.416206790924, 1148.416206790924, 1148.416206790924, 1148.416206790924, 1148.416206790924, 1148.416206790924, 1148.416206790924, 1148.416206790924, 1148.416206790924, 1148.416206790924, 1148.416206790924], "Oracle": [865.8484976606369, 865.8484976606369, 865.8484976606369, 865.8484976606369, 865.8484976606369, 889.1311540987015, 865.8484976606369, 865.8484976606369, 865.8484976606369, 865.8484976606369, 980.6190236960412, 865.8484976606369, 865.8484976606369, 904.5132411549569, 865.8484976606369, 865.8484976606369, 865.8484976606369, 865.8484976606369, 869.0765956835747, 865.8484976606369, 865.8484976606369, 865.8484976606369, 865.8484976606369, 865.8484976606369, 865.8484976606369, 865.8484976606369, 865.8484976606369, 865.8484976606369, 1042.654194241023, 865.8484976606369, 865.8484976606369, 865.8484976606369, 865.8484976606369, 865.8484976606369, 865.8484976606369, 865.8484976606369, 975.6184880688907, 865.8484976606369, 865.8484976606369, 893.6571239278794, 865.8484976606369, 865.8484976606369, 865.8484976606369, 865.8484976606369, 880.0792144403457, 865.8484976606369, 865.8484976606369, 865.8484976606369, 865.8484976606369, 865.8484976606369, 865.8484976606369, 923.729481184125, 874.3589379029273, 865.8484976606369, 865.8484976606369, 970.1357762869598, 865.8484976606369, 865.8484976606369, 865.8484976606369, 865.8484976606369, 865.8484976606369, 865.8484976606369, 865.8484976606369, 1024.5736724777937, 865.8484976606369, 865.8484976606369, 865.8484976606369, 865.8484976606369, 865.8484976606369, 874.9735445663453, 1030.87432812202, 880.7779847047805, 915.6748325001479, 906.2412440040351, 946.4558646003962, 865.8484976606369, 865.8484976606369, 908.6574219862938, 865.8484976606369, 865.8484976606369, 865.8484976606369, 865.8484976606369, 865.8484976606369, 974.0433241578341, 1085.280058107257, 865.8484976606369, 865.8484976606369, 935.3980767227413, 934.9556204262018, 865.8484976606369, 865.8484976606369, 865.8484976606369, 865.8484976606369, 865.8484976606369, 865.8484976606369, 869.1255062596798, 873.9187427179813, 865.8484976606369, 865.8484976606369, 865.8484976606369], "BoFL": [1160.6722759505271, 922.3651515415906, 946.017181568432, 1024.4663572580098, 952.3571125300168, 1015.9374481198549, 972.7271703512431, 874.6524013595581, 874.6524013595581, 874.6524013595581, 993.131560991478, 874.6524013595581, 874.6524013595581, 906.2610977705956, 874.6524013595581, 874.6524013595581, 874.6524013595581, 874.6524013595581, 874.6524013595581, 874.6524013595581, 874.6524013595581, 874.6524013595581, 874.6524013595581, 874.6524013595581, 874.6524013595581, 874.6524013595581, 874.6524013595581, 874.6524013595581, 1072.5872397987841, 874.6524013595581, 874.6524013595581, 874.6524013595581, 874.6524013595581, 874.6524013595581, 874.6524013595581, 874.6524013595581, 986.5906212802172, 874.6524013595581, 874.6524013595581, 895.0137570452929, 874.6524013595581, 874.6524013595581, 874.6524013595581, 874.6524013595581, 880.756190321231, 874.6524013595581, 874.6524013595581, 874.6524013595581, 874.6524013595581, 874.6524013595581, 874.6524013595581, 926.9634080349922, 874.6524013595581, 874.6524013595581, 874.6524013595581, 979.6619079900742, 874.6524013595581, 874.6524013595581, 874.6524013595581, 874.6524013595581, 874.6524013595581, 874.6524013595581, 874.6524013595581, 1049.469426780033, 874.6524013595581, 874.6524013595581, 874.6524013595581, 874.6524013595581, 874.6524013595581, 875.1267155285835, 1057.5001863270281, 881.5299568104267, 918.3586135049343, 908.0940547000409, 951.3518382349491, 874.6524013595581, 874.6524013595581, 910.6601944012642, 874.6524013595581, 874.6524013595581, 874.6524013595581, 874.6524013595581, 874.6524013595581, 984.6467217107772, 1127.6703203207253, 874.6524013595581, 874.6524013595581, 939.6209138864994, 939.0609237693309, 874.6524013595581, 874.6524013595581, 874.6524013595581, 874.6524013595581, 874.6524013595581, 874.6524013595581, 874.6524013595581, 874.6524013595581, 874.6524013595581, 874.6524013595581, 874.6524013595581],