{"Baseline": [1148.416206790924, 1148.416206790924, 1148.416206790924, 1148.416206790924, 1148.416206790924, 1148.416206790924, 1148.416206790924, 1148.416206790924, 1148.416206790924, 1148.416206790924, 1148.416206790924, 1148.416206790924, 1148.416206790924, 1148.416206790924, 1148.416206790924, 1148.416206790924, 1148.416206790924, 1148.416206790924, 1148.416206790924, 1148.416206790924, 1148.416206790924, 1148.416206790924, 1148.416206790924, 1148.416206790924, 1148.416206790924, 1148.416206790924, 1148.416206790924, 1148.416206790924, 1148.416206790924, 1148.416206790924, 1148.416206790924, 1148.416206790924, 1148.416206790924, 1148.416206790924, 1148.416206790924, 1148.416206790924, 1148.416206790924, 1148.416206790924, 1148.416206790924, 1148.416206790924, 1148.416206790924, 1148.416206790924, 1148.416206790924, 1148.416206790924, 1148.416206790924, 1148.416206790924, 1148.416206790924, 1148.416206790924, 1148.416206790924, 1148.416206790924, 1148.416206790924, 1148.416206790924, 1148.416206790924, 1148.416206790924, 1148.416206790924, 1148.416206790924, 1148.416206790924, 1148.416206790924, 1148.416206790924, 1148.416206790924, 1148.416206790924, 1148.416206790924, 1148.416206790924, 1148.416206790924, 1148.416206790924, 1148.416206790924, 1148.416206790924, 1148.416206790924, 1148.416206790924, 1148.416206790924, 1148.416206790924, 1148.416206790924, 1148.416206790924, 1148.416206790924, 1148.416206790924, 1148.416206790924, 1148.416206790924, 1148.416206790924, 1148.416206790924, 1148.416206790924, 1148.416206790924, 1148.416206790924, 1148.416206790924, 1148.416206790924, 1148.416206790924, 1148.416206790924, 1148.416206790924, 1148.416206790924, 1148.416206790924, 1148.416206790924, 1148.416206790924, 1148.416206790924, 1148.416206790924, 1148.416206790924, 1148.416206790924, 1148.416206790924, 1148.416206790924, 1148.416206790924, 1148.416206790924, 1148.416206790924], "Oracle": [865.8484976606369, 865.8484976606369, 865.8484976606369, 865.8484976606369, 865.8484976606369, 879.6856518465041, 865.8484976606369, 865.8484976606369, 865.8484976606369, 865.8484976606369, 954.387048563075, 865.8484976606369, 865.8484976606369, 889.977795083952, 865.8484976606369, 865.8484976606369, 865.8484976606369, 865.8484976606369, 865.8484976606369, 865.8484976606369, 865.8484976606369, 865.8484976606369, 865.8484976606369, 865.8484976606369, 865.8484976606369, 865.8484976606369, 865.8484976606369, 865.8484976606369, 1028.1492090439558, 865.8484976606369, 865.8484976606369, 865.8484976606369, 865.8484976606369, 865.8484976606369, 865.8484976606369, 865.8484976606369, 952.2489923855782, 865.8484976606369, 865.8484976606369, 885.3039545339584, 865.8484976606369, 865.8484976606369, 865.8484976606369, 865.8484976606369, 870.5439129667283, 865.8484976606369, 865.8484976606369, 865.8484976606369, 865.8484976606369, 865.8484976606369, 865.8484976606369, 903.3650602001907, 865.8484976606369, 865.8484976606369, 865.8484976606369, 949.9196718298912, 865.8484976606369, 865.8484976606369, 865.8484976606369, 865.8484976606369, 865.8484976606369, 865.8484976606369, 865.8484976606369, 1005.4716437504054, 865.8484976606369, 865.8484976606369, 865.8484976606369, 865.8484976606369, 865.8484976606369, 865.8484976606369, 1013.3474867763997, 871.1797504560948, 894.060722246933, 890.6170495508194, 931.7894154958487, 865.8484976606369, 865.8484976606369, 891.4925296617508, 865.8484976606369, 865.8484976606369, 865.8484976606369, 865.8484976606369, 865.8484976606369, 951.5834722268105, 1081.354649257946, 865.8484976606369, 865.8484976606369, 917.9747042090416, 917.4188802674294, 865.8484976606369, 865.8484976606369, 865.8484976606369, 865.8484976606369, 865.8484976606369, 865.8484976606369, 865.8484976606369, 865.8484976606369, 865.8484976606369, 865.8484976606369, 865.8484976606369], "BoFL": [1160.6722759505271, 922.3651515415906, 946.017181568432, 1024.4663572580098, 901.5856166984082, 1032.7020079204322, 957.1156200340747, 866.0865050096511, 866.0865050096511, 866.0865050096511, 975.0891474305154, 866.0865050096511, 866.0865050096511, 892.2473536001444, 866.0865050096511, 866.0865050096511, 866.0865050096511, 866.0865050096511, 866.0865050096511, 866.0865050096511, 866.0865050096511, 866.0865050096511, 866.0865050096511, 866.0865050096511, 866.0865050096511, 866.0865050096511, 866.0865050096511, 866.0865050096511, 1048.932535726905, 866.0865050096511, 866.0865050096511, 866.0865050096511, 866.0865050096511, 866.0865050096511, 866.0865050096511, 866.0865050096511, 969.1275756016255, 866.0865050096511, 866.0865050096511, 886.8099369817971, 866.0865050096511, 866.0865050096511, 866.0865050096511, 866.0865050096511, 871.0997963388919, 866.0865050096511, 866.0865050096511, 866.0865050096511, 866.0865050096511, 866.0865050096511, 866.0865050096511, 907.1069965152741, 866.0865050096511, 866.0865050096511, 866.0865050096511, 962.5769437674046, 866.0865050096511, 866.0865050096511, 866.0865050096511, 866.0865050096511, 866.0865050096511, 866.0865050096511, 866.0865050096511, 1027.4694569912435, 866.0865050096511, 866.0865050096511, 866.0865050096511, 866.0865050096511, 866.0865050096511, 866.6627453923224, 1034.8641656112673, 871.7336607598304, 897.0423861171722, 893.0083936501503, 938.136657439375, 866.0865050096511, 866.0865050096511, 894.0016337893009, 866.0865050096511, 866.0865050096511, 866.0865050096511, 866.0865050096511, 866.0865050096511, 967.2136403573991, 1099.653560077739, 866.0865050096511, 866.0865050096511, 923.1016670947075, 922.4618802715302, 866.0865050096511, 866.0865050096511, 866.0865050096511, 866.0865050096511, 866.0865050096511, 866.0865050096511, 866.0865050096511, 866.0865050096511, 866.0865050096511, 866.0865050096511, 866.0865050096511], "phase": [0, 2, 7], "overhead": [[9.441476106643677, 64.27470946955681], [9.946271181106567, 68.10145068621635], [9.38556694984436, 64.04803398895264], [9.581019878387451, 65.39191831374168], [9.609013557434082, 65.57281416225433]], "ddls": [140.12900815225547, 139.76399037732418, 91.78751798637447, 148.475712748421, 102.68110022234684, 66.63353252369652, 138.17728814314154, 120.68627032421725, 132.34691625397625, 110.72948093082552, 53.14707439958376, 134.99060649783956, 135.05561381420284, 62.33154905334407, 117.46277829791916, 125.76752015725604, 110.5674464856269, 117.59292804684785, 78.57720270527186, 86.77308287894911, 120.38940604190132, 96.81200079157745, 95.7462429217111, 144.96208814203027, 119.71287380325258, 137.49995784718703, 154.12073919712327, 84.9493261403611, 49.93850260577517, 86.49119772522903, 93.09625228085821, 81.48876482563537, 112.16133536712596, 107.05734358664279, 124.38033782202584, 154.7246049852997, 53.4080301587145, 139.00523318349195, 105.79823407133131, 64.27731309261515, 97.48962359703147, 147.30451623695842, 126.54603647323054, 128.89245080875526, 71.35105545207719, 133.88841832697562, 96.51831976299992, 137.68051727680924, 83.84912793015492, 152.5104520545325, 137.852998712512, 59.389674461986004, 74.60511505928493, 111.29242795198358, 150.60904759448348, 53.69118111395875, 118.46953975871942, 105.72185370426655, 147.342699522035, 115.76155694944363, 86.49820966742644, 117.60717770729443, 128.04969808754407, 50.87524495355412, 159.00937637576507, 96.83048359318308, 125.59823316578019, 94.20733721894476, 122.63719834533619, 74.1666074061241, 50.54754712331891, 70.96447538613872, 60.62297595264099, 62.06753283677728, 55.913699497417426, 141.16326206668552, 141.65739926263103, 61.705480413482896, 108.89228285818957, 99.59003010313226, 153.26510415831197, 105.99126786281622, 97.72064268914623, 53.48877860533663, 47.7352183322076, 81.28463448570228, 136.17337690659664, 57.607188949475486, 57.671843946369414, 124.65328729171053, 85.52730719363844, 136.1161742446812, 108.08752924464252, 117.76692234559314, 96.90280102627037, 78.54091459205212, 74.92047229445761, 154.0703496585556, 106.21806988842357, 85.33920858067044], "min_ddl": 46.92527204408543}