{"Baseline": [1148.416206790924, 1148.416206790924, 1148.416206790924, 1148.416206790924, 1148.416206790924, 1148.416206790924, 1148.416206790924, 1148.416206790924, 1148.416206790924, 1148.416206790924, 1148.416206790924, 1148.416206790924, 1148.416206790924, 1148.416206790924, 1148.416206790924, 1148.416206790924, 1148.416206790924, 1148.416206790924, 1148.416206790924, 1148.416206790924, 1148.416206790924, 1148.416206790924, 1148.416206790924, 1148.416206790924, 1148.416206790924, 1148.416206790924, 1148.416206790924, 1148.416206790924, 1148.416206790924, 1148.416206790924, 1148.416206790924, 1148.416206790924, 1148.416206790924, 1148.416206790924, 1148.416206790924, 1148.416206790924, 1148.416206790924, 1148.416206790924, 1148.416206790924, 1148.416206790924, 1148.416206790924, 1148.416206790924, 1148.416206790924, 1148.416206790924, 1148.416206790924, 1148.416206790924, 1148.416206790924, 1148.416206790924, 1148.416206790924, 1148.416206790924, 1148.416206790924, 1148.416206790924, 1148.416206790924, 1148.416206790924, 1148.416206790924, 1148.416206790924, 1148.416206790924, 1148.416206790924, 1148.416206790924, 1148.416206790924, 1148.416206790924, 1148.416206790924, 1148.416206790924, 1148.416206790924, 1148.416206790924, 1148.416206790924, 1148.416206790924, 1148.416206790924, 1148.416206790924, 1148.416206790924, 1148.416206790924, 1148.416206790924, 1148.416206790924, 1148.416206790924, 1148.416206790924, 1148.416206790924, 1148.416206790924, 1148.416206790924, 1148.416206790924, 1148.416206790924, 1148.416206790924, 1148.416206790924, 1148.416206790924, 1148.416206790924, 1148.416206790924, 1148.416206790924, 1148.416206790924, 1148.416206790924, 1148.416206790924, 1148.416206790924, 1148.416206790924, 1148.416206790924, 1148.416206790924, 1148.416206790924, 1148.416206790924, 1148.416206790924, 1148.416206790924, 1148.416206790924, 1148.416206790924, 1148.416206790924], "Oracle": [865.8484976606369, 865.8484976606369, 865.8484976606369, 865.8484976606369, 865.8484976606369, 879.6856518465041, 865.8484976606369, 865.8484976606369, 865.8484976606369, 865.8484976606369, 954.387048563075, 865.8484976606369, 865.8484976606369, 889.977795083952, 865.8484976606369, 865.8484976606369, 865.8484976606369, 865.8484976606369, 865.8484976606369, 865.8484976606369, 865.8484976606369, 865.8484976606369, 865.8484976606369, 865.8484976606369, 865.8484976606369, 865.8484976606369, 865.8484976606369, 865.8484976606369, 1028.1492090439558, 865.8484976606369, 865.8484976606369, 865.8484976606369, 865.8484976606369, 865.8484976606369, 865.8484976606369, 865.8484976606369, 952.2489923855782, 865.8484976606369, 865.8484976606369, 885.3039545339584, 865.8484976606369, 865.8484976606369, 865.8484976606369, 865.8484976606369, 870.5439129667283, 865.8484976606369, 865.8484976606369, 865.8484976606369, 865.8484976606369, 865.8484976606369, 865.8484976606369, 903.3650602001907, 865.8484976606369, 865.8484976606369, 865.8484976606369, 949.9196718298912, 865.8484976606369, 865.8484976606369, 865.8484976606369, 865.8484976606369, 865.8484976606369, 865.8484976606369, 865.8484976606369, 1005.4716437504054, 865.8484976606369, 865.8484976606369, 865.8484976606369, 865.8484976606369, 865.8484976606369, 865.8484976606369, 1013.3474867763997, 871.1797504560948, 894.060722246933, 890.6170495508194, 931.7894154958487, 865.8484976606369, 865.8484976606369, 891.4925296617508, 865.8484976606369, 865.8484976606369, 865.8484976606369, 865.8484976606369, 865.8484976606369, 951.5834722268105, 1081.354649257946, 865.8484976606369, 865.8484976606369, 917.9747042090416, 917.4188802674294, 865.8484976606369, 865.8484976606369, 865.8484976606369, 865.8484976606369, 865.8484976606369, 865.8484976606369, 865.8484976606369, 865.8484976606369, 865.8484976606369, 865.8484976606369, 865.8484976606369], "BoFL": [1160.6722759505271, 922.3651515415906, 946.017181568432, 1024.4663572580098, 910.9190559117554, 989.9171162227153, 1009.6365296731949, 866.0865050096511, 866.0865050096511, 866.0865050096511, 954.6972160391808, 866.0865050096511, 866.0865050096511, 893.171772162366, 866.0865050096511, 866.0865050096511, 866.0865050096511, 866.0865050096511, 866.0865050096511, 866.0865050096511, 866.0865050096511, 866.0865050096511, 866.0865050096511, 866.0865050096511, 866.0865050096511, 866.0865050096511, 866.0865050096511, 866.0865050096511, 1051.7037587697744, 866.0865050096511, 866.0865050096511, 866.0865050096511, 866.0865050096511, 866.0865050096511, 866.0865050096511, 866.0865050096511, 952.6659986538888, 866.0865050096511, 866.0865050096511, 887.6362888531686, 866.0865050096511, 866.0865050096511, 866.0865050096511, 866.0865050096511, 870.9405129412651, 866.0865050096511, 866.0865050096511, 866.0865050096511, 866.0865050096511, 866.0865050096511, 866.0865050096511, 907.2680110754014, 866.0865050096511, 866.0865050096511, 866.0865050096511, 950.4871610478401, 866.0865050096511, 866.0865050096511, 866.0865050096511, 866.0865050096511, 866.0865050096511, 866.0865050096511, 866.0865050096511, 1021.6209429493427, 866.0865050096511, 866.0865050096511, 866.0865050096511, 866.0865050096511, 866.0865050096511, 866.6922270151376, 1032.100950731516, 871.5462349467516, 898.0233988480569, 893.8685548501015, 933.6469410824777, 866.0865050096511, 866.0865050096511, 894.9072658495904, 866.0865050096511, 866.0865050096511, 866.0865050096511, 866.0865050096511, 866.0865050096511, 952.1064129675866, 1122.4353770058153, 866.0865050096511, 866.0865050096511, 920.6929257245065, 920.3690753405572, 866.0865050096511, 866.0865050096511, 866.0865050096511, 866.0865050096511, 866.0865050096511, 866.0865050096511, 866.0865050096511, 866.0865050096511, 866.0865050096511, 866.0865050096511, 866.0865050096511],