{"Baseline": [1148.416206790924, 1148.416206790924, 1148.416206790924, 1148.416206790924, 1148.416206790924, 1148.416206790924, 1148.416206790924, 1148.416206790924, 1148.416206790924, 1148.416206790924, 1148.416206790924, 1148.416206790924, 1148.416206790924, 1148.416206790924, 1148.416206790924, 1148.416206790924, 1148.416206790924, 1148.416206790924, 1148.416206790924, 1148.416206790924, 1148.416206790924, 1148.416206790924, 1148.416206790924, 1148.416206790924, 1148.416206790924, 1148.416206790924, 1148.416206790924, 1148.416206790924, 1148.416206790924, 1148.416206790924, 1148.416206790924, 1148.416206790924, 1148.416206790924, 1148.416206790924, 1148.416206790924, 1148.416206790924, 1148.416206790924, 1148.416206790924, 1148.416206790924, 1148.416206790924, 1148.416206790924, 1148.416206790924, 1148.416206790924, 1148.416206790924, 1148.416206790924, 1148.416206790924, 1148.416206790924, 1148.416206790924, 1148.416206790924, 1148.416206790924, 1148.416206790924, 1148.416206790924, 1148.416206790924, 1148.416206790924, 1148.416206790924, 1148.416206790924, 1148.416206790924, 1148.416206790924, 1148.416206790924, 1148.416206790924, 1148.416206790924, 1148.416206790924, 1148.416206790924, 1148.416206790924, 1148.416206790924, 1148.416206790924, 1148.416206790924, 1148.416206790924, 1148.416206790924, 1148.416206790924, 1148.416206790924, 1148.416206790924, 1148.416206790924, 1148.416206790924, 1148.416206790924, 1148.416206790924, 1148.416206790924, 1148.416206790924, 1148.416206790924, 1148.416206790924, 1148.416206790924, 1148.416206790924, 1148.416206790924, 1148.416206790924, 1148.416206790924, 1148.416206790924, 1148.416206790924, 1148.416206790924, 1148.416206790924, 1148.416206790924, 1148.416206790924, 1148.416206790924, 1148.416206790924, 1148.416206790924, 1148.416206790924, 1148.416206790924, 1148.416206790924, 1148.416206790924, 1148.416206790924, 1148.416206790924], "Oracle": [865.8484976606369, 865.8484976606369, 883.9164497303009, 865.8484976606369, 874.0877696154117, 940.7989432508708, 865.8484976606369, 865.8484976606369, 865.8484976606369, 868.7342216508389, 1040.775368478966, 865.8484976606369, 865.8484976606369, 954.911073020649, 865.8484976606369, 865.8484976606369, 868.8320428030491, 865.8484976606369, 901.7998248681068, 888.6987166539669, 865.8484976606369, 879.0953079557419, 880.0892501655578, 865.8484976606369, 865.8484976606369, 865.8484976606369, 865.8484976606369, 890.4303039791107, 1071.8286602216244, 888.9444085269928, 882.6373713003159, 893.7655503015518, 867.7560101287365, 871.1797504560948, 865.8484976606369, 865.8484976606369, 1038.2251086874248, 865.8484976606369, 872.0112302498818, 948.5017740857841, 878.4166091417312, 865.8484976606369, 865.8484976606369, 865.8484976606369, 925.3697805762292, 865.8484976606369, 879.35160505023, 865.8484976606369, 891.5025653869629, 865.8484976606369, 865.8484976606369, 980.4190088427545, 914.7426084035159, 868.342937041998, 865.8484976606369, 1035.5426752636433, 865.8484976606369, 872.0601408259869, 865.8484976606369, 865.8484976606369, 888.9444085269928, 865.8484976606369, 865.8484976606369, 1062.762007640195, 865.8484976606369, 879.0364768210411, 865.8484976606369, 881.5651098924636, 865.8484976606369, 916.1746973764659, 1065.8958915490866, 926.6366184416056, 968.5602174266816, 955.7237978140594, 1014.0725640902758, 865.8484976606369, 865.8484976606369, 958.0834648632766, 869.9569860534668, 876.3885818212509, 865.8484976606369, 871.8745342467786, 878.2097921195983, 1037.4965065956833, 1093.2058579051495, 893.9623315984726, 865.8484976606369, 997.6494440088035, 997.0207580212117, 865.8484976606369, 889.9182792863846, 865.8484976606369, 870.4950023906231, 865.8484976606369, 878.9969173072815, 901.899026428938, 913.7106749919653, 865.8484976606369, 871.717766793251, 890.0761857324123], "BoFL": [1160.6722759505271, 922.3651515415906, 947.6590655570031, 1024.4663572580098, 1120.362341033387, 1143.2251063352824, 967.1902473382712, 1006.8388068835735, 874.6524013595581, 874.6524013595581, 1072.1161196183205, 874.6524013595581, 874.6524013595581, 968.5369826917648, 874.6524013595581, 874.6524013595581, 874.6524013595581, 874.6524013595581, 913.0830285587311, 898.4652601906062, 874.6524013595581, 882.5710980993271, 884.2956251837015, 874.6524013595581, 874.6524013595581, 874.6524013595581, 874.6524013595581, 901.2904829347373, 1110.1174311105012, 898.8588611630202, 888.4284353940487, 906.7542192570448, 874.6524013595581, 874.6524013595581, 874.6524013595581, 874.6524013595581, 1069.1253552482842, 874.6524013595581, 874.6524013595581, 961.8557833986282, 881.5404183768035, 874.6524013595581, 874.6524013595581, 874.6524013595581, 937.8034659433365, 874.6524013595581, 883.0347150089741, 874.6524013595581, 903.038348664856, 874.6524013595581, 874.6524013595581, 998.460753739357, 926.4454271450044, 874.6524013595581, 874.6524013595581, 1065.7468172993658, 874.6524013595581, 874.6524013595581, 874.6524013595581, 874.6524013595581, 898.8588611630202, 874.6524013595581, 874.6524013595581, 1099.1444232096671, 874.6524013595581, 882.5244208078385, 874.6524013595581, 886.68056966393, 874.6524013595581, 928.1157269682884, 1102.9519660016774, 939.1397058019638, 983.9359367322684, 969.3524145332575, 1039.4734452336788, 874.6524013595581, 874.6524013595581, 971.1973320943595, 874.6524013595581, 878.1948101112843, 874.6524013595581, 874.6524013595581, 881.1468174043894, 1068.1353056689738, 1138.1402069505452, 907.1244815837146, 874.6524013595581, 1019.5693754869461, 1018.7732126970768, 874.6524013595581, 900.4332650526762, 874.6524013595581, 874.6524013595581, 874.6524013595581, 882.4209749046088, 913.0830285587311, 925.4432472510339, 874.6524013595581, 874.6524013595581, 900.6767428303718], "phase": [0, 2, 8], "overhead": [[9.460260152816772, 64.46671992826462], [9.788589239120483, 66.91635266423225], [9.638791799545288, 65.994277831316], [9.494693994522095, 64.60641719532013], [9.616152286529541, 65.64168673467636], [9.738230466842651, 66.97787162041664]], "ddls": [84.20676648735345, 84.06075937738093, 64.87017042100105, 87.54544832581965, 69.22760331539, 54.80857623592986, 83.42607848370787, 76.42967135613816, 81.09392972804176, 72.44695559878146, 49.41399298628477, 82.15140582558708, 82.17740875213238, 53.08778284778889, 75.14027454561892, 78.46217128935368, 72.38214182070202, 75.19233444519038, 59.586044308560005, 62.864396378030904, 76.31092564321179, 66.87996354308224, 66.4536603951357, 86.13999848326337, 76.0403127477523, 83.15514636532608, 89.80345890530057, 62.1348936825957, 48.130564268761326, 62.75164231654287, 65.39366413879455, 60.750669156705406, 73.01969737330165, 70.97810066110837, 77.9072983552616, 90.04500522057113, 49.51837528993706, 83.75725649984804, 70.47445685498379, 53.86608846349732, 67.15101266526385, 87.07696972123463, 78.77357781574348, 79.71214354995335, 56.69558540728214, 81.71053055724151, 66.76249113165123, 83.22737013717496, 61.69481439851322, 89.15934404826426, 83.29636271145606, 51.91103301124566, 57.997209250165234, 72.6721344072447, 88.39878226424466, 49.63163567203476, 75.54297912993903, 70.44390470815787, 87.09224303526526, 74.45978600622871, 62.75444709342183, 75.19803430936904, 79.3750424614689, 48.50526120787291, 91.75891377675728, 66.88735666372449, 78.39445649276333, 65.83809811402917, 77.21004256458575, 57.8218061889009, 48.37418207577882, 56.54095338090674, 52.40435360750765, 52.982176361162175, 50.52064302541823, 84.62046805312546, 84.81812293150365, 52.83735539184442, 71.7120763697271, 67.99117526770416, 89.46120488977604, 70.55167037157774, 67.24342030210975, 49.55067466858591, 47.24925055933429, 60.66901702073217, 82.62451398908992, 51.198038806241456, 51.223900804999026, 78.01647814313546, 62.36608610390663, 82.60163292432374, 71.39017492430827, 75.26193216468852, 66.9162836369594, 59.57152906327211, 58.1233521442343, 89.7833030898735, 70.64239118182068, 62.29084665871943], "min_ddl": 46.92527204408543}