{"Baseline": [1148.416206790924, 1148.416206790924, 1148.416206790924, 1148.416206790924, 1148.416206790924, 1148.416206790924, 1148.416206790924, 1148.416206790924, 1148.416206790924, 1148.416206790924, 1148.416206790924, 1148.416206790924, 1148.416206790924, 1148.416206790924, 1148.416206790924, 1148.416206790924, 1148.416206790924, 1148.416206790924, 1148.416206790924, 1148.416206790924, 1148.416206790924, 1148.416206790924, 1148.416206790924, 1148.416206790924, 1148.416206790924, 1148.416206790924, 1148.416206790924, 1148.416206790924, 1148.416206790924, 1148.416206790924, 1148.416206790924, 1148.416206790924, 1148.416206790924, 1148.416206790924, 1148.416206790924, 1148.416206790924, 1148.416206790924, 1148.416206790924, 1148.416206790924, 1148.416206790924, 1148.416206790924, 1148.416206790924, 1148.416206790924, 1148.416206790924, 1148.416206790924, 1148.416206790924, 1148.416206790924, 1148.416206790924, 1148.416206790924, 1148.416206790924, 1148.416206790924, 1148.416206790924, 1148.416206790924, 1148.416206790924, 1148.416206790924, 1148.416206790924, 1148.416206790924, 1148.416206790924, 1148.416206790924, 1148.416206790924, 1148.416206790924, 1148.416206790924, 1148.416206790924, 1148.416206790924, 1148.416206790924, 1148.416206790924, 1148.416206790924, 1148.416206790924, 1148.416206790924, 1148.416206790924, 1148.416206790924, 1148.416206790924, 1148.416206790924, 1148.416206790924, 1148.416206790924, 1148.416206790924, 1148.416206790924, 1148.416206790924, 1148.416206790924, 1148.416206790924, 1148.416206790924, 1148.416206790924, 1148.416206790924, 1148.416206790924, 1148.416206790924, 1148.416206790924, 1148.416206790924, 1148.416206790924, 1148.416206790924, 1148.416206790924, 1148.416206790924, 1148.416206790924, 1148.416206790924, 1148.416206790924, 1148.416206790924, 1148.416206790924, 1148.416206790924, 1148.416206790924, 1148.416206790924, 1148.416206790924], "Oracle": [865.8484976606369, 865.8484976606369, 865.8484976606369, 865.8484976606369, 865.8484976606369, 871.8644985215665, 865.8484976606369, 865.8484976606369, 865.8484976606369, 865.8484976606369, 944.2627504803658, 865.8484976606369, 865.8484976606369, 882.5590521022797, 865.8484976606369, 865.8484976606369, 865.8484976606369, 865.8484976606369, 865.8484976606369, 865.8484976606369, 865.8484976606369, 865.8484976606369, 865.8484976606369, 865.8484976606369, 865.8484976606369, 865.8484976606369, 865.8484976606369, 865.8484976606369, 1013.5224997730256, 865.8484976606369, 865.8484976606369, 865.8484976606369, 865.8484976606369, 865.8484976606369, 865.8484976606369, 865.8484976606369, 941.6625216602088, 865.8484976606369, 865.8484976606369, 876.9902294871806, 865.8484976606369, 865.8484976606369, 865.8484976606369, 865.8484976606369, 865.8484976606369, 865.8484976606369, 865.8484976606369, 865.8484976606369, 865.8484976606369, 865.8484976606369, 865.8484976606369, 891.0600922170163, 865.8484976606369, 865.8484976606369, 865.8484976606369, 938.9385892102242, 865.8484976606369, 865.8484976606369, 865.8484976606369, 865.8484976606369, 865.8484976606369, 865.8484976606369, 865.8484976606369, 986.3948175312044, 865.8484976606369, 865.8484976606369, 865.8484976606369, 865.8484976606369, 865.8484976606369, 865.8484976606369, 995.8956275300504, 865.8484976606369, 887.4785845252991, 883.3361415647506, 917.0861201880456, 865.8484976606369, 865.8484976606369, 884.4084029726029, 865.8484976606369, 865.8484976606369, 865.8484976606369, 865.8484976606369, 865.8484976606369, 940.8584444285394, 1077.4471013870716, 865.8484976606369, 865.8484976606369, 900.4963254377604, 899.8326072834016, 865.8484976606369, 865.8484976606369, 865.8484976606369, 865.8484976606369, 865.8484976606369, 865.8484976606369, 865.8484976606369, 865.8484976606369, 865.8484976606369, 865.8484976606369, 865.8484976606369], "BoFL": [1160.6722759505271, 922.3651515415906, 946.017181568432, 983.0494118569375, 987.3134190788506, 947.7901215537548, 938.0861030900954, 866.0865050096511, 866.0865050096511, 866.0865050096511, 957.3187227238654, 866.0865050096511, 866.0865050096511, 883.4272134865284, 866.0865050096511, 866.0865050096511, 866.0865050096511, 866.0865050096511, 866.0865050096511, 866.0865050096511, 866.0865050096511, 866.0865050096511, 866.0865050096511, 866.0865050096511, 866.0865050096511, 866.0865050096511, 866.0865050096511, 866.0865050096511, 1035.313431056857, 866.0865050096511, 866.0865050096511, 866.0865050096511, 866.0865050096511, 866.0865050096511, 866.0865050096511, 866.0865050096511, 954.16243385396, 866.0865050096511, 866.0865050096511, 877.521625019455, 866.0865050096511, 866.0865050096511, 866.0865050096511, 866.0865050096511, 866.0865050096511, 866.0865050096511, 866.0865050096511, 866.0865050096511, 866.0865050096511, 866.0865050096511, 866.0865050096511, 892.3206041557552, 866.0865050096511, 866.0865050096511, 866.0865050096511, 950.5552465740681, 866.0865050096511, 866.0865050096511, 866.0865050096511, 866.0865050096511, 866.0865050096511, 866.0865050096511, 866.0865050096511, 1000.4663017863035, 866.0865050096511, 866.0865050096511, 866.0865050096511, 866.0865050096511, 866.0865050096511, 866.0865050096511, 1012.5870424021481, 866.0865050096511, 888.5494294492961, 884.2096749692679, 923.5013419748783, 866.0865050096511, 866.0865050096511, 885.3244701626302, 866.0865050096511, 866.0865050096511, 866.0865050096511, 866.0865050096511, 866.0865050096511, 953.0225240753174, 1117.2004336909054, 866.0865050096511, 866.0865050096511, 902.7600151154995, 901.9462282674314, 866.0865050096511, 866.0865050096511, 866.0865050096511, 866.0865050096511, 866.0865050096511, 866.0865050096511, 866.0865050096511, 866.0865050096511, 866.0865050096511, 866.0865050096511, 866.0865050096511], "phase": [0, 2, 7], "overhead": [[9.472702026367188, 64.40711926913261], [9.88653039932251, 69.42235843992233], [9.58405351638794, 65.76030565237998], [9.700050115585327, 66.0713541533947], [9.69286036491394, 66.54785129475593]], "ddls": [158.76975537388947, 158.33173404397195, 100.75996717483228, 168.7858008892881, 113.83226585799912, 70.57518461961874, 156.42769136295274, 135.4384699802436, 149.43124509595444, 123.49032270817352, 54.39143487068341, 152.60367338859038, 152.6816821682263, 65.41280445519581, 131.57027954868593, 141.53596977989017, 123.2958813739352, 131.72645924740033, 84.90758883750912, 94.74264504592185, 135.08223284146447, 106.78934654107587, 105.51043709723623, 164.56945136161923, 134.27039415508602, 155.61489500780738, 175.55983262773083, 92.55413695961622, 50.54114871811313, 94.40438286145773, 102.33044832821277, 88.40146338194538, 125.20854803173407, 119.08375789515425, 139.8713509776139, 176.28447157354253, 54.70458178164032, 157.42122541137326, 117.57282647678049, 67.74772130232108, 107.60249390762068, 167.38036507553304, 142.47018935905956, 145.28588656168924, 76.23621213367552, 151.2810475835537, 106.43692930678284, 155.83156632335397, 91.23389910736883, 173.6274880566219, 156.0385440461973, 61.88255494556611, 80.14108366232482, 124.16585913356323, 171.3458027045631, 55.0443629279334, 132.7783933016462, 117.48117003630279, 167.4261850176249, 129.52881393051524, 94.41279719209463, 131.7435588399362, 144.27458329623582, 51.66523953544785, 181.42619724210098, 106.8115259030026, 141.33282539011913, 103.66375025391663, 137.77958360558634, 79.61487447853185, 51.27200213916561, 75.77231605454936, 63.3625167343521, 65.09598499531565, 57.71138498808382, 160.01086007120554, 160.60382470634013, 64.66152208736239, 121.28568502101041, 110.12298171494162, 174.5330705811573, 117.80446702656235, 107.87971681815837, 54.801479917586875, 47.89720758983204, 88.15650697402565, 154.0229978790989, 59.743572330553484, 59.82115832682621, 140.19889034123554, 93.24771422354904, 153.95435468480036, 120.31998068475394, 131.9352524058947, 106.89830682270737, 84.86404310164545, 80.51951234453205, 175.49936518144963, 118.07662945729119, 93.02199588798744], "min_ddl": 46.92527204408543}