{"Baseline": [1148.416206790924, 1148.416206790924, 1148.416206790924, 1148.416206790924, 1148.416206790924, 1148.416206790924, 1148.416206790924, 1148.416206790924, 1148.416206790924, 1148.416206790924, 1148.416206790924, 1148.416206790924, 1148.416206790924, 1148.416206790924, 1148.416206790924, 1148.416206790924, 1148.416206790924, 1148.416206790924, 1148.416206790924, 1148.416206790924, 1148.416206790924, 1148.416206790924, 1148.416206790924, 1148.416206790924, 1148.416206790924, 1148.416206790924, 1148.416206790924, 1148.416206790924, 1148.416206790924, 1148.416206790924, 1148.416206790924, 1148.416206790924, 1148.416206790924, 1148.416206790924, 1148.416206790924, 1148.416206790924, 1148.416206790924, 1148.416206790924, 1148.416206790924, 1148.416206790924, 1148.416206790924, 1148.416206790924, 1148.416206790924, 1148.416206790924, 1148.416206790924, 1148.416206790924, 1148.416206790924, 1148.416206790924, 1148.416206790924, 1148.416206790924, 1148.416206790924, 1148.416206790924, 1148.416206790924, 1148.416206790924, 1148.416206790924, 1148.416206790924, 1148.416206790924, 1148.416206790924, 1148.416206790924, 1148.416206790924, 1148.416206790924, 1148.416206790924, 1148.416206790924, 1148.416206790924, 1148.416206790924, 1148.416206790924, 1148.416206790924, 1148.416206790924, 1148.416206790924, 1148.416206790924, 1148.416206790924, 1148.416206790924, 1148.416206790924, 1148.416206790924, 1148.416206790924, 1148.416206790924, 1148.416206790924, 1148.416206790924, 1148.416206790924, 1148.416206790924, 1148.416206790924, 1148.416206790924, 1148.416206790924, 1148.416206790924, 1148.416206790924, 1148.416206790924, 1148.416206790924, 1148.416206790924, 1148.416206790924, 1148.416206790924, 1148.416206790924, 1148.416206790924, 1148.416206790924, 1148.416206790924, 1148.416206790924, 1148.416206790924, 1148.416206790924, 1148.416206790924, 1148.416206790924, 1148.416206790924], "Oracle": [865.8484976606369, 865.8484976606369, 865.8484976606369, 865.8484976606369, 865.8484976606369, 871.8644985215665, 865.8484976606369, 865.8484976606369, 865.8484976606369, 865.8484976606369, 944.2627504803658, 865.8484976606369, 865.8484976606369, 882.5590521022797, 865.8484976606369, 865.8484976606369, 865.8484976606369, 865.8484976606369, 865.8484976606369, 865.8484976606369, 865.8484976606369, 865.8484976606369, 865.8484976606369, 865.8484976606369, 865.8484976606369, 865.8484976606369, 865.8484976606369, 865.8484976606369, 1013.5224997730256, 865.8484976606369, 865.8484976606369, 865.8484976606369, 865.8484976606369, 865.8484976606369, 865.8484976606369, 865.8484976606369, 941.6625216602088, 865.8484976606369, 865.8484976606369, 876.9902294871806, 865.8484976606369, 865.8484976606369, 865.8484976606369, 865.8484976606369, 865.8484976606369, 865.8484976606369, 865.8484976606369, 865.8484976606369, 865.8484976606369, 865.8484976606369, 865.8484976606369, 891.0600922170163, 865.8484976606369, 865.8484976606369, 865.8484976606369, 938.9385892102242, 865.8484976606369, 865.8484976606369, 865.8484976606369, 865.8484976606369, 865.8484976606369, 865.8484976606369, 865.8484976606369, 986.3948175312044, 865.8484976606369, 865.8484976606369, 865.8484976606369, 865.8484976606369, 865.8484976606369, 865.8484976606369, 995.8956275300504, 865.8484976606369, 887.4785845252991, 883.3361415647506, 917.0861201880456, 865.8484976606369, 865.8484976606369, 884.4084029726029, 865.8484976606369, 865.8484976606369, 865.8484976606369, 865.8484976606369, 865.8484976606369, 940.8584444285394, 1077.4471013870716, 865.8484976606369, 865.8484976606369, 900.4963254377604, 899.8326072834016, 865.8484976606369, 865.8484976606369, 865.8484976606369, 865.8484976606369, 865.8484976606369, 865.8484976606369, 865.8484976606369, 865.8484976606369, 865.8484976606369, 865.8484976606369, 865.8484976606369], "BoFL": [1160.6722759505271, 922.3651515415906, 946.017181568432, 1024.4663572580098, 917.3103999775649, 956.4979285237551, 969.0815624715328, 866.0865050096511, 866.0865050096511, 866.0865050096511, 956.4163961174012, 866.0865050096511, 866.0865050096511, 888.7492610095978, 866.0865050096511, 866.0865050096511, 866.0865050096511, 866.0865050096511, 866.0865050096511, 866.0865050096511, 866.0865050096511, 866.0865050096511, 866.0865050096511, 866.0865050096511, 866.0865050096511, 866.0865050096511, 866.0865050096511, 866.0865050096511, 1038.8711692332506, 866.0865050096511, 866.0865050096511, 866.0865050096511, 866.0865050096511, 866.0865050096511, 866.0865050096511, 866.0865050096511, 953.3517546957016, 866.0865050096511, 866.0865050096511, 882.9812340928793, 866.0865050096511, 866.0865050096511, 866.0865050096511, 866.0865050096511, 866.0865050096511, 866.0865050096511, 866.0865050096511, 866.0865050096511, 866.0865050096511, 866.0865050096511, 866.0865050096511, 897.5408473888874, 866.0865050096511, 866.0865050096511, 866.0865050096511, 950.2871132740021, 866.0865050096511, 866.0865050096511, 866.0865050096511, 866.0865050096511, 866.0865050096511, 866.0865050096511, 866.0865050096511, 1005.8201056376219, 866.0865050096511, 866.0865050096511, 866.0865050096511, 866.0865050096511, 866.0865050096511, 866.0865050096511, 1017.3747739067793, 866.0865050096511, 893.921797555995, 889.5307353544234, 925.7699819004059, 866.0865050096511, 866.0865050096511, 890.7029468716621, 866.0865050096511, 866.0865050096511, 866.0865050096511, 866.0865050096511, 866.0865050096511, 952.5855943402767, 1117.2004336909054, 866.0865050096511, 866.0865050096511, 907.29317447083, 906.6159730147839, 866.0865050096511, 866.0865050096511, 866.0865050096511, 866.0865050096511, 866.0865050096511, 866.0865050096511, 866.0865050096511, 866.0865050096511, 866.0865050096511, 866.0865050096511, 866.0865050096511],