{"Baseline": [1148.416206790924, 1148.416206790924, 1148.416206790924, 1148.416206790924, 1148.416206790924, 1148.416206790924, 1148.416206790924, 1148.416206790924, 1148.416206790924, 1148.416206790924, 1148.416206790924, 1148.416206790924, 1148.416206790924, 1148.416206790924, 1148.416206790924, 1148.416206790924, 1148.416206790924, 1148.416206790924, 1148.416206790924, 1148.416206790924, 1148.416206790924, 1148.416206790924, 1148.416206790924, 1148.416206790924, 1148.416206790924, 1148.416206790924, 1148.416206790924, 1148.416206790924, 1148.416206790924, 1148.416206790924, 1148.416206790924, 1148.416206790924, 1148.416206790924, 1148.416206790924, 1148.416206790924, 1148.416206790924, 1148.416206790924, 1148.416206790924, 1148.416206790924, 1148.416206790924, 1148.416206790924, 1148.416206790924, 1148.416206790924, 1148.416206790924, 1148.416206790924, 1148.416206790924, 1148.416206790924, 1148.416206790924, 1148.416206790924, 1148.416206790924, 1148.416206790924, 1148.416206790924, 1148.416206790924, 1148.416206790924, 1148.416206790924, 1148.416206790924, 1148.416206790924, 1148.416206790924, 1148.416206790924, 1148.416206790924, 1148.416206790924, 1148.416206790924, 1148.416206790924, 1148.416206790924, 1148.416206790924, 1148.416206790924, 1148.416206790924, 1148.416206790924, 1148.416206790924, 1148.416206790924, 1148.416206790924, 1148.416206790924, 1148.416206790924, 1148.416206790924, 1148.416206790924, 1148.416206790924, 1148.416206790924, 1148.416206790924, 1148.416206790924, 1148.416206790924, 1148.416206790924, 1148.416206790924, 1148.416206790924, 1148.416206790924, 1148.416206790924, 1148.416206790924, 1148.416206790924, 1148.416206790924, 1148.416206790924, 1148.416206790924, 1148.416206790924, 1148.416206790924, 1148.416206790924, 1148.416206790924, 1148.416206790924, 1148.416206790924, 1148.416206790924, 1148.416206790924, 1148.416206790924, 1148.416206790924], "Oracle": [865.8484976606369, 865.8484976606369, 866.3865139977933, 865.8484976606369, 865.8484976606369, 908.6574219862938, 865.8484976606369, 865.8484976606369, 865.8484976606369, 865.8484976606369, 1010.6971960875035, 865.8484976606369, 865.8484976606369, 929.6831588023902, 865.8484976606369, 865.8484976606369, 865.8484976606369, 865.8484976606369, 881.3683285955428, 871.4243033366204, 865.8484976606369, 865.8484976606369, 865.8484976606369, 865.8484976606369, 865.8484976606369, 865.8484976606369, 865.8484976606369, 873.2339946525096, 1057.227106517458, 871.7015664276839, 865.8484976606369, 877.1870107841014, 865.8484976606369, 865.8484976606369, 865.8484976606369, 865.8484976606369, 1006.9217983781577, 865.8484976606369, 865.8484976606369, 920.1502688040257, 865.8484976606369, 865.8484976606369, 865.8484976606369, 865.8484976606369, 891.787701607132, 865.8484976606369, 865.8484976606369, 865.8484976606369, 874.3589379029273, 865.8484976606369, 865.8484976606369, 944.1140412388802, 887.0749862062454, 865.8484976606369, 865.8484976606369, 1002.8213765322209, 865.8484976606369, 865.8484976606369, 865.8484976606369, 865.8484976606369, 871.6788919423581, 865.8484976606369, 865.8484976606369, 1043.6256740211488, 865.8484976606369, 865.8484976606369, 865.8484976606369, 865.8484976606369, 865.8484976606369, 887.7536850202561, 1048.4011694676399, 892.3391706470013, 938.0625079950573, 930.9648501108409, 970.5679721991302, 865.8484976606369, 865.8484976606369, 932.7740531379937, 865.8484976606369, 865.8484976606369, 865.8484976606369, 865.8484976606369, 865.8484976606369, 1005.7716660303355, 1089.1591028143166, 877.4821827294826, 865.8484976606369, 952.9145125443459, 952.581752464962, 865.8484976606369, 872.6470677392483, 865.8484976606369, 865.8484976606369, 865.8484976606369, 865.8484976606369, 881.4566835187912, 886.6713878871917, 865.8484976606369, 865.8484976606369, 872.8427100436688], "BoFL": [1160.6722759505271, 922.3651515415906, 946.017181568432, 1024.4663572580098, 945.3984535146953, 1017.1128237287285, 1011.2720430277586, 877.6810167503356, 877.6810167503356, 877.6810167503356, 1020.5900197253704, 877.6810167503356, 877.6810167503356, 947.4501328567983, 877.6810167503356, 877.6810167503356, 877.6810167503356, 877.6810167503356, 884.05593971529, 877.6810167503356, 877.6810167503356, 877.6810167503356, 877.6810167503356, 877.6810167503356, 877.6810167503356, 877.6810167503356, 877.6810167503356, 877.6810167503356, 1065.798617284298, 877.6810167503356, 877.6810167503356, 879.0976662981033, 877.6810167503356, 877.6810167503356, 877.6810167503356, 877.6810167503356, 1016.8763424279689, 877.6810167503356, 877.6810167503356, 934.7784653883934, 877.6810167503356, 877.6810167503356, 877.6810167503356, 877.6810167503356, 896.4516232582569, 877.6810167503356, 877.6810167503356, 877.6810167503356, 877.6810167503356, 877.6810167503356, 877.6810167503356, 966.6832779529095, 890.903079196167, 877.6810167503356, 877.6810167503356, 1012.9305555029392, 877.6810167503356, 877.6810167503356, 877.6810167503356, 877.6810167503356, 877.6810167503356, 877.6810167503356, 877.6810167503356, 1052.492613032341, 877.6810167503356, 877.6810167503356, 877.6810167503356, 877.6810167503356, 877.6810167503356, 891.6114039700508, 1057.3076094605924, 897.1599480321407, 958.6285490576745, 949.1702978481769, 990.9984495167732, 877.6810167503356, 877.6810167503356, 951.5500740543367, 877.6810167503356, 877.6810167503356, 877.6810167503356, 877.6810167503356, 877.6810167503356, 1015.7821332533359, 1096.8080846049786, 879.4518286850453, 877.6810167503356, 978.2943916447164, 977.8670066399575, 877.6810167503356, 877.6810167503356, 877.6810167503356, 877.6810167503356, 877.6810167503356, 877.6810167503356, 884.1739938442706, 890.3523605417251, 877.6810167503356, 877.6810167503356, 877.6810167503356], "phase": [0, 2, 7], "overhead": [[9.479948043823242, 64.1634484090805], [9.927753210067749, 67.40749909496307], [9.469474792480469, 64.91714648866653], [9.465368270874023, 64.94359242486954], [9.635748386383057, 66.375714417696]], "ddls": [102.84751370898745, 102.62850304402868, 73.84261960945886, 107.85553646668677, 80.37876895104228, 58.750228331852085, 101.67648170351909, 91.18187101216452, 98.17825857001992, 85.20779737612948, 50.65835345738442, 99.7644727163379, 99.80347710615588, 56.16903824964062, 89.24777579638568, 94.2306209119878, 85.11057670901032, 89.32586564574288, 65.91643044079728, 70.83395854500364, 91.00375244277495, 76.85730929258065, 76.21785457066083, 105.74736170285233, 90.59783309958573, 101.2700835259464, 111.24255233590814, 69.73970450185082, 48.73321038109928, 70.66482745277158, 74.6278601861491, 67.6633677130154, 86.06691003790975, 83.00451496961985, 93.39831151084967, 111.60487180881398, 50.81492691286287, 102.17324872772933, 82.24904926043297, 57.33649667320326, 77.26388297585306, 107.15281855980923, 94.6977307015725, 96.10557930288735, 61.58074208888048, 99.10315981381956, 76.68110067543414, 101.37841918371971, 69.07958557572714, 110.27638005035367, 101.48190804514135, 54.403913494825765, 63.533177853205125, 85.54556558882433, 109.13553737432427, 50.98481748600942, 89.85183267286581, 82.20322104019411, 107.17572853085518, 88.22704298730034, 70.66903461809004, 89.33441544201082, 95.59992767016062, 49.29525578976664, 114.1757346430932, 76.86839897354402, 94.12904871710228, 75.29451114900104, 92.35242782483589, 63.27007326130864, 49.09863709162552, 61.3487940493174, 55.14389438921876, 56.01062851970054, 52.31832851608463, 103.46806605764547, 103.7645483752128, 55.79339706572391, 84.10547853254792, 78.52412687951352, 110.72917131262136, 82.36486953532389, 77.4024944311219, 50.86337598083616, 47.41123981695874, 67.54088950905553, 100.47413496159217, 53.33442218731946, 53.37321518545581, 93.56208119266049, 70.08649313381724, 100.4398133644429, 83.62262636441969, 89.43026222499006, 76.91178943339641, 65.89465757286544, 63.72239219430873, 111.21231861276752, 82.50095075068832, 69.97363396603643], "min_ddl": 46.92527204408543}