{"Baseline": [1148.416206790924, 1148.416206790924, 1148.416206790924, 1148.416206790924, 1148.416206790924, 1148.416206790924, 1148.416206790924, 1148.416206790924, 1148.416206790924, 1148.416206790924, 1148.416206790924, 1148.416206790924, 1148.416206790924, 1148.416206790924, 1148.416206790924, 1148.416206790924, 1148.416206790924, 1148.416206790924, 1148.416206790924, 1148.416206790924, 1148.416206790924, 1148.416206790924, 1148.416206790924, 1148.416206790924, 1148.416206790924, 1148.416206790924, 1148.416206790924, 1148.416206790924, 1148.416206790924, 1148.416206790924, 1148.416206790924, 1148.416206790924, 1148.416206790924, 1148.416206790924, 1148.416206790924, 1148.416206790924, 1148.416206790924, 1148.416206790924, 1148.416206790924, 1148.416206790924, 1148.416206790924, 1148.416206790924, 1148.416206790924, 1148.416206790924, 1148.416206790924, 1148.416206790924, 1148.416206790924, 1148.416206790924, 1148.416206790924, 1148.416206790924, 1148.416206790924, 1148.416206790924, 1148.416206790924, 1148.416206790924, 1148.416206790924, 1148.416206790924, 1148.416206790924, 1148.416206790924, 1148.416206790924, 1148.416206790924, 1148.416206790924, 1148.416206790924, 1148.416206790924, 1148.416206790924, 1148.416206790924, 1148.416206790924, 1148.416206790924, 1148.416206790924, 1148.416206790924, 1148.416206790924, 1148.416206790924, 1148.416206790924, 1148.416206790924, 1148.416206790924, 1148.416206790924, 1148.416206790924, 1148.416206790924, 1148.416206790924, 1148.416206790924, 1148.416206790924, 1148.416206790924, 1148.416206790924, 1148.416206790924, 1148.416206790924, 1148.416206790924, 1148.416206790924, 1148.416206790924, 1148.416206790924, 1148.416206790924, 1148.416206790924, 1148.416206790924, 1148.416206790924, 1148.416206790924, 1148.416206790924, 1148.416206790924, 1148.416206790924, 1148.416206790924, 1148.416206790924, 1148.416206790924, 1148.416206790924], "Oracle": [865.8484976606369, 865.8484976606369, 866.3865139977933, 865.8484976606369, 865.8484976606369, 908.6574219862938, 865.8484976606369, 865.8484976606369, 865.8484976606369, 865.8484976606369, 1010.6971960875035, 865.8484976606369, 865.8484976606369, 929.6831588023902, 865.8484976606369, 865.8484976606369, 865.8484976606369, 865.8484976606369, 881.3683285955428, 871.4243033366204, 865.8484976606369, 865.8484976606369, 865.8484976606369, 865.8484976606369, 865.8484976606369, 865.8484976606369, 865.8484976606369, 873.2339946525096, 1057.227106517458, 871.7015664276839, 865.8484976606369, 877.1870107841014, 865.8484976606369, 865.8484976606369, 865.8484976606369, 865.8484976606369, 1006.9217983781577, 865.8484976606369, 865.8484976606369, 920.1502688040257, 865.8484976606369, 865.8484976606369, 865.8484976606369, 865.8484976606369, 891.787701607132, 865.8484976606369, 865.8484976606369, 865.8484976606369, 874.3589379029273, 865.8484976606369, 865.8484976606369, 944.1140412388802, 887.0749862062454, 865.8484976606369, 865.8484976606369, 1002.8213765322209, 865.8484976606369, 865.8484976606369, 865.8484976606369, 865.8484976606369, 871.6788919423581, 865.8484976606369, 865.8484976606369, 1043.6256740211488, 865.8484976606369, 865.8484976606369, 865.8484976606369, 865.8484976606369, 865.8484976606369, 887.7536850202561, 1048.4011694676399, 892.3391706470013, 938.0625079950573, 930.9648501108409, 970.5679721991302, 865.8484976606369, 865.8484976606369, 932.7740531379937, 865.8484976606369, 865.8484976606369, 865.8484976606369, 865.8484976606369, 865.8484976606369, 1005.7716660303355, 1089.1591028143166, 877.4821827294826, 865.8484976606369, 952.9145125443459, 952.581752464962, 865.8484976606369, 872.6470677392483, 865.8484976606369, 865.8484976606369, 865.8484976606369, 865.8484976606369, 881.4566835187912, 886.6713878871917, 865.8484976606369, 865.8484976606369, 872.8427100436688], "BoFL": [1160.6722759505271, 922.3651515415906, 946.017181568432, 1024.4663572580098, 910.9190559117554, 1027.6679041187285, 1019.5068685090303, 866.0865050096511, 866.0865050096511, 866.0865050096511, 1028.6076148041248, 866.0865050096511, 866.0865050096511, 931.703838778782, 866.0865050096511, 866.0865050096511, 866.0865050096511, 866.0865050096511, 883.0919282304048, 871.7019259501458, 866.0865050096511, 866.0865050096511, 866.0865050096511, 866.0865050096511, 866.0865050096511, 866.0865050096511, 866.0865050096511, 873.3675169070721, 1090.4204407258749, 871.987455828476, 866.0865050096511, 878.158050982833, 866.0865050096511, 866.0865050096511, 866.0865050096511, 866.0865050096511, 1023.5631845612049, 866.0865050096511, 866.0865050096511, 922.871763330555, 866.0865050096511, 866.0865050096511, 866.0865050096511, 866.0865050096511, 895.2967824743987, 866.0865050096511, 866.0865050096511, 866.0865050096511, 874.3668714812278, 866.0865050096511, 866.0865050096511, 944.9817045207025, 889.8315785033226, 866.0865050096511, 866.0865050096511, 1018.2152726936818, 866.0865050096511, 866.0865050096511, 866.0865050096511, 866.0865050096511, 871.9398675154209, 866.0865050096511, 866.0865050096511, 1072.372100720596, 866.0865050096511, 866.0865050096511, 866.0865050096511, 866.0865050096511, 866.0865050096511, 890.4927441017628, 1078.6793253829717, 895.9459768490792, 939.4762479935647, 932.9111252329826, 975.2381419460536, 866.0865050096511, 866.0865050096511, 934.6184922343256, 866.0865050096511, 866.0865050096511, 866.0865050096511, 866.0865050096511, 866.0865050096511, 1022.0104033869505, 1132.9052636356353, 878.5379453789235, 866.0865050096511, 953.0779641194345, 952.8969694304467, 866.0865050096511, 872.8440454634666, 866.0865050096511, 866.0865050096511, 866.0865050096511, 866.0865050096511, 883.0919282304048, 889.25328917799, 866.0865050096511, 866.0865050096511, 873.0343987156867],