{"Baseline": [1148.416206790924, 1148.416206790924, 1148.416206790924, 1148.416206790924, 1148.416206790924, 1148.416206790924, 1148.416206790924, 1148.416206790924, 1148.416206790924, 1148.416206790924, 1148.416206790924, 1148.416206790924, 1148.416206790924, 1148.416206790924, 1148.416206790924, 1148.416206790924, 1148.416206790924, 1148.416206790924, 1148.416206790924, 1148.416206790924, 1148.416206790924, 1148.416206790924, 1148.416206790924, 1148.416206790924, 1148.416206790924, 1148.416206790924, 1148.416206790924, 1148.416206790924, 1148.416206790924, 1148.416206790924, 1148.416206790924, 1148.416206790924, 1148.416206790924, 1148.416206790924, 1148.416206790924, 1148.416206790924, 1148.416206790924, 1148.416206790924, 1148.416206790924, 1148.416206790924, 1148.416206790924, 1148.416206790924, 1148.416206790924, 1148.416206790924, 1148.416206790924, 1148.416206790924, 1148.416206790924, 1148.416206790924, 1148.416206790924, 1148.416206790924, 1148.416206790924, 1148.416206790924, 1148.416206790924, 1148.416206790924, 1148.416206790924, 1148.416206790924, 1148.416206790924, 1148.416206790924, 1148.416206790924, 1148.416206790924, 1148.416206790924, 1148.416206790924, 1148.416206790924, 1148.416206790924, 1148.416206790924, 1148.416206790924, 1148.416206790924, 1148.416206790924, 1148.416206790924, 1148.416206790924, 1148.416206790924, 1148.416206790924, 1148.416206790924, 1148.416206790924, 1148.416206790924, 1148.416206790924, 1148.416206790924, 1148.416206790924, 1148.416206790924, 1148.416206790924, 1148.416206790924, 1148.416206790924, 1148.416206790924, 1148.416206790924, 1148.416206790924, 1148.416206790924, 1148.416206790924, 1148.416206790924, 1148.416206790924, 1148.416206790924, 1148.416206790924, 1148.416206790924, 1148.416206790924, 1148.416206790924, 1148.416206790924, 1148.416206790924, 1148.416206790924, 1148.416206790924, 1148.416206790924, 1148.416206790924], "Oracle": [865.8484976606369, 865.8484976606369, 865.8484976606369, 865.8484976606369, 865.8484976606369, 889.1311540987015, 865.8484976606369, 865.8484976606369, 865.8484976606369, 865.8484976606369, 980.6190236960412, 865.8484976606369, 865.8484976606369, 904.5132411549569, 865.8484976606369, 865.8484976606369, 865.8484976606369, 865.8484976606369, 869.0765956835747, 865.8484976606369, 865.8484976606369, 865.8484976606369, 865.8484976606369, 865.8484976606369, 865.8484976606369, 865.8484976606369, 865.8484976606369, 865.8484976606369, 1042.654194241023, 865.8484976606369, 865.8484976606369, 865.8484976606369, 865.8484976606369, 865.8484976606369, 865.8484976606369, 865.8484976606369, 975.6184880688907, 865.8484976606369, 865.8484976606369, 893.6571239278794, 865.8484976606369, 865.8484976606369, 865.8484976606369, 865.8484976606369, 880.0792144403457, 865.8484976606369, 865.8484976606369, 865.8484976606369, 865.8484976606369, 865.8484976606369, 865.8484976606369, 923.729481184125, 874.3589379029273, 865.8484976606369, 865.8484976606369, 970.1357762869598, 865.8484976606369, 865.8484976606369, 865.8484976606369, 865.8484976606369, 865.8484976606369, 865.8484976606369, 865.8484976606369, 1024.5736724777937, 865.8484976606369, 865.8484976606369, 865.8484976606369, 865.8484976606369, 865.8484976606369, 874.9735445663453, 1030.87432812202, 880.7779847047805, 915.6748325001479, 906.2412440040351, 946.4558646003962, 865.8484976606369, 865.8484976606369, 908.6574219862938, 865.8484976606369, 865.8484976606369, 865.8484976606369, 865.8484976606369, 865.8484976606369, 974.0433241578341, 1085.280058107257, 865.8484976606369, 865.8484976606369, 935.3980767227413, 934.9556204262018, 865.8484976606369, 865.8484976606369, 865.8484976606369, 865.8484976606369, 865.8484976606369, 865.8484976606369, 869.1255062596798, 873.9187427179813, 865.8484976606369, 865.8484976606369, 865.8484976606369], "BoFL": [1160.6722759505271, 922.3651515415906, 946.017181568432, 1024.4663572580098, 901.5856166984082, 1111.6252315772533, 959.7980519621134, 866.0865050096511, 866.0865050096511, 866.0865050096511, 1009.5389786309003, 866.0865050096511, 866.0865050096511, 907.4444057748317, 866.0865050096511, 866.0865050096511, 866.0865050096511, 866.0865050096511, 869.7168194204806, 866.0865050096511, 866.0865050096511, 866.0865050096511, 866.0865050096511, 866.0865050096511, 866.0865050096511, 866.0865050096511, 866.0865050096511, 866.0865050096511, 1078.126947268796, 866.0865050096511, 866.0865050096511, 866.0865050096511, 866.0865050096511, 866.0865050096511, 866.0865050096511, 866.0865050096511, 1003.8960246251344, 866.0865050096511, 866.0865050096511, 896.5745780667305, 866.0865050096511, 866.0865050096511, 866.0865050096511, 866.0865050096511, 880.6691043517112, 866.0865050096511, 866.0865050096511, 866.0865050096511, 866.0865050096511, 866.0865050096511, 866.0865050096511, 926.7077429144382, 874.7301107497215, 866.0865050096511, 866.0865050096511, 997.8692772330045, 866.0865050096511, 866.0865050096511, 866.0865050096511, 866.0865050096511, 866.0865050096511, 866.0865050096511, 866.0865050096511, 1058.171280314207, 866.0865050096511, 866.0865050096511, 866.0865050096511, 866.0865050096511, 866.0865050096511, 875.308055068469, 1065.0859783664941, 881.5470964143276, 918.6927295329571, 909.161908642292, 950.3524559329747, 866.0865050096511, 866.0865050096511, 911.536467585206, 866.0865050096511, 866.0865050096511, 866.0865050096511, 866.0865050096511, 866.0865050096511, 1002.2286984308956, 1127.6703203207253, 866.2593771244525, 866.0865050096511, 938.4440125087499, 937.8715115529297, 866.0865050096511, 866.0865050096511, 866.0865050096511, 866.0865050096511, 866.0865050096511, 866.0865050096511, 869.776147394824, 874.3267424818516, 866.0865050096511, 866.0865050096511, 866.0865050096511], "phase": [0, 2, 7], "overhead": [[9.492571115493774, 64.5241556813717], [9.907628774642944, 67.44944346261025], [9.468679666519165, 64.66959187984466], [9.574097871780396, 65.51133369708062], [9.53853988647461, 65.68342341804504]], "ddls": [121.48826093062146, 121.19624671067643, 82.81506879791667, 128.16562460755387, 91.52993458669457, 62.6918804277743, 119.92688492333032, 105.93407066819087, 115.26258741199808, 97.9686391534775, 51.90271392848409, 117.37753960708874, 117.42954546017934, 59.25029365149235, 103.35527704715241, 109.99907053462191, 97.8390115973186, 103.45939684629535, 72.24681657303456, 78.80352071197638, 105.69657924233815, 86.83465504207905, 85.98204874618597, 125.3547249224413, 105.15535345141915, 119.3850206865667, 132.68164576651571, 77.34451532110596, 49.33585649343723, 78.57801258900031, 83.86205623350367, 74.5760662693254, 99.11412270251786, 95.03092927813131, 108.88932466643776, 133.16473839705682, 52.11147853578869, 120.58924095561065, 94.02364166588214, 60.8069048829092, 87.37675328644227, 127.22866739838382, 110.62188358740153, 112.49901505582129, 66.46589877047883, 116.49578907039759, 86.59971021921704, 119.52946823026447, 76.46435675294103, 131.3934160524431, 119.66745337882666, 56.89679397840588, 69.06914645624502, 98.41899677040395, 129.87229248440389, 52.337999299984084, 104.16068621579261, 93.96253737223033, 127.2592140264451, 101.99429996837198, 78.58362214275823, 103.47079657465262, 111.82481287885236, 50.08525037166038, 136.59255550942913, 86.84944128336355, 109.86364094144123, 84.7509241839729, 107.49481308508605, 68.71834033371637, 49.82309210747221, 66.15663471772805, 57.88343517092988, 59.03908067823891, 54.11601400675103, 122.31566406216548, 122.71097381892189, 58.7494387396034, 96.49888069536875, 89.05707849132288, 131.99713773546665, 94.17806869907005, 87.56156856013406, 52.176077293086394, 47.57322907458317, 74.41276199737891, 118.3237559340944, 55.47080556839747, 55.52252956591261, 109.10768424218548, 77.80690016372783, 118.27799380456203, 95.85507780453112, 103.59859228529162, 86.90729522983338, 72.21778608245879, 69.32143224438317, 132.64133413566157, 94.35951031955592, 77.65642127335343], "min_ddl": 46.92527204408543}