{"Baseline": [1017.5934525337219, 1017.5934525337219, 1017.5934525337219, 1017.5934525337219, 1017.5934525337219, 1017.5934525337219, 1017.5934525337219, 1017.5934525337219, 1017.5934525337219, 1017.5934525337219, 1017.5934525337219, 1017.5934525337219, 1017.5934525337219, 1017.5934525337219, 1017.5934525337219, 1017.5934525337219, 1017.5934525337219, 1017.5934525337219, 1017.5934525337219, 1017.5934525337219, 1017.5934525337219, 1017.5934525337219, 1017.5934525337219, 1017.5934525337219, 1017.5934525337219, 1017.5934525337219, 1017.5934525337219, 1017.5934525337219, 1017.5934525337219, 1017.5934525337219, 1017.5934525337219, 1017.5934525337219, 1017.5934525337219, 1017.5934525337219, 1017.5934525337219, 1017.5934525337219, 1017.5934525337219, 1017.5934525337219, 1017.5934525337219, 1017.5934525337219, 1017.5934525337219, 1017.5934525337219, 1017.5934525337219, 1017.5934525337219, 1017.5934525337219, 1017.5934525337219, 1017.5934525337219, 1017.5934525337219, 1017.5934525337219, 1017.5934525337219, 1017.5934525337219, 1017.5934525337219, 1017.5934525337219, 1017.5934525337219, 1017.5934525337219, 1017.5934525337219, 1017.5934525337219, 1017.5934525337219, 1017.5934525337219, 1017.5934525337219, 1017.5934525337219, 1017.5934525337219, 1017.5934525337219, 1017.5934525337219, 1017.5934525337219, 1017.5934525337219, 1017.5934525337219, 1017.5934525337219, 1017.5934525337219, 1017.5934525337219, 1017.5934525337219, 1017.5934525337219, 1017.5934525337219, 1017.5934525337219, 1017.5934525337219, 1017.5934525337219, 1017.5934525337219, 1017.5934525337219, 1017.5934525337219, 1017.5934525337219, 1017.5934525337219, 1017.5934525337219, 1017.5934525337219, 1017.5934525337219, 1017.5934525337219, 1017.5934525337219, 1017.5934525337219, 1017.5934525337219, 1017.5934525337219, 1017.5934525337219, 1017.5934525337219, 1017.5934525337219, 1017.5934525337219, 1017.5934525337219, 1017.5934525337219, 1017.5934525337219, 1017.5934525337219, 1017.5934525337219, 1017.5934525337219, 1017.5934525337219], "Oracle": [768.3055943756103, 784.1780298166514, 829.2268761482238, 770.7173639151097, 768.3055943756103, 785.6718166710139, 768.3055943756103, 900.4842357940435, 769.9863762841463, 783.2474681549788, 770.850270757103, 782.0735081749677, 849.6324740164042, 772.6250667403937, 946.0340957901476, 768.3055943756103, 792.080811841321, 777.6755267361403, 959.4029710380554, 768.3055943756103, 801.2035018897056, 775.9007307528495, 789.6326909811735, 785.0370278628111, 792.61054685812, 787.5424583857775, 779.4011309340477, 768.3055943756103, 931.6451231434344, 805.1459973395586, 815.851083360052, 768.3055943756103, 928.5324143797159, 770.9481398655414, 786.8409237597465, 788.730719461298, 960.1830511999129, 794.7591079714775, 858.5935194785595, 778.7387814720869, 768.3055943756103, 776.2800048952103, 837.3660650518417, 859.8391002642632, 792.6821104736327, 863.9996888430358, 768.3055943756103, 771.362451741457, 812.4601050804138, 822.0275605029107, 776.545818579197, 768.3055943756103, 816.1752805481434, 796.5167366108656, 811.0031020181895, 769.7870160211563, 841.6801111160518, 788.7976998130798, 799.4458732503176, 908.1913711696862, 768.3055943756103, 780.1407389997006, 778.5588675927162, 774.2864022653102, 861.7281994033575, 809.8007596883774, 771.2295448994637, 808.7406668259382, 771.163091478467, 816.9147256532669, 777.7882691523552, 778.6058746300936, 768.3055943756103, 768.3055943756103, 847.5157106376648, 788.730719461298, 771.049631020093, 813.2377661482811, 860.6705169764042, 835.2357171978235, 853.064098355937, 814.2700879485607, 768.657307864213, 774.5366245993614, 797.5869916024446, 867.5476389187098, 860.8532418022156, 768.3055943756103, 817.9326264160873, 769.568209374547, 768.3055943756103, 778.8052348930836, 890.091548098445, 775.6349170688629, 785.7242262997389, 772.6394029294968, 821.1754213613034, 829.7596464313746, 774.8844830542803, 768.3055943756103], "BoFL": [1038.7499894013167, 1054.5634204113244, 1017.1247746762751, 988.2184943364382, 842.3591741016626, 972.492096271968, 871.1437421037198, 1017.5934525337219, 893.2699162479878, 895.2975611833333, 823.1373636994124, 786.9649508282184, 858.5945955088614, 778.4095840181827, 970.8169091445923, 775.7118336105348, 792.4053847612857, 783.8077134120941, 984.8814566642761, 775.7118336105348, 802.5562736198186, 781.739042139244, 791.0400929056643, 788.5655014173508, 792.6821104736327, 789.9307932729721, 785.5143282316208, 775.7118336105348, 947.8774501062633, 807.1796797069072, 819.5500216662167, 775.7118336105348, 943.0975469316722, 777.1009774015427, 789.5248730575084, 790.5488419492245, 985.4029451892852, 795.0925308463096, 869.0572670808791, 785.066941037321, 775.7118336105348, 782.1864293335437, 844.452731357336, 870.3615142016648, 792.6821104736327, 873.063014471364, 775.7118336105348, 777.4558435049535, 815.6502290612698, 826.7316384683847, 782.5277522974491, 775.7118336105348, 819.9288027865648, 797.1551329355478, 813.9746285904168, 776.1887038671493, 849.5209565877199, 790.6134392007828, 800.5264942226172, 918.6089314204693, 775.7118336105348, 785.9202484470844, 784.805695243144, 779.947096578741, 872.1767318058728, 812.6054225851774, 777.3521760578633, 811.2365502796649, 777.3107090790272, 820.6889703211546, 783.8930441530705, 784.8962795553684, 775.7118336105348, 775.7118336105348, 856.2491340206383, 790.5488419492245, 777.1424443803787, 816.5208634584426, 871.4027285691021, 842.0717949551581, 862.6806163523911, 817.6736478155613, 775.7118336105348, 780.2030888016701, 798.3534252707958, 874.588964744687, 871.7807762618064, 775.7118336105348, 821.991404875803, 776.0643029306412, 775.7118336105348, 785.1522717782974, 896.8664382684946, 781.3977191753387, 788.9068243812561, 778.4303175076009, 825.7415472832203, 835.7817423228978, 780.6297425065517, 775.7118336105348],