{"Baseline": [1017.5934525337219, 1017.5934525337219, 1017.5934525337219, 1017.5934525337219, 1017.5934525337219, 1017.5934525337219, 1017.5934525337219, 1017.5934525337219, 1017.5934525337219, 1017.5934525337219, 1017.5934525337219, 1017.5934525337219, 1017.5934525337219, 1017.5934525337219, 1017.5934525337219, 1017.5934525337219, 1017.5934525337219, 1017.5934525337219, 1017.5934525337219, 1017.5934525337219, 1017.5934525337219, 1017.5934525337219, 1017.5934525337219, 1017.5934525337219, 1017.5934525337219, 1017.5934525337219, 1017.5934525337219, 1017.5934525337219, 1017.5934525337219, 1017.5934525337219, 1017.5934525337219, 1017.5934525337219, 1017.5934525337219, 1017.5934525337219, 1017.5934525337219, 1017.5934525337219, 1017.5934525337219, 1017.5934525337219, 1017.5934525337219, 1017.5934525337219, 1017.5934525337219, 1017.5934525337219, 1017.5934525337219, 1017.5934525337219, 1017.5934525337219, 1017.5934525337219, 1017.5934525337219, 1017.5934525337219, 1017.5934525337219, 1017.5934525337219, 1017.5934525337219, 1017.5934525337219, 1017.5934525337219, 1017.5934525337219, 1017.5934525337219, 1017.5934525337219, 1017.5934525337219, 1017.5934525337219, 1017.5934525337219, 1017.5934525337219, 1017.5934525337219, 1017.5934525337219, 1017.5934525337219, 1017.5934525337219, 1017.5934525337219, 1017.5934525337219, 1017.5934525337219, 1017.5934525337219, 1017.5934525337219, 1017.5934525337219, 1017.5934525337219, 1017.5934525337219, 1017.5934525337219, 1017.5934525337219, 1017.5934525337219, 1017.5934525337219, 1017.5934525337219, 1017.5934525337219, 1017.5934525337219, 1017.5934525337219, 1017.5934525337219, 1017.5934525337219, 1017.5934525337219, 1017.5934525337219, 1017.5934525337219, 1017.5934525337219, 1017.5934525337219, 1017.5934525337219, 1017.5934525337219, 1017.5934525337219, 1017.5934525337219, 1017.5934525337219, 1017.5934525337219, 1017.5934525337219, 1017.5934525337219, 1017.5934525337219, 1017.5934525337219, 1017.5934525337219, 1017.5934525337219, 1017.5934525337219], "Oracle": [768.3055943756103, 768.3055943756103, 768.3055943756103, 768.3055943756103, 768.3055943756103, 768.3055943756103, 768.3055943756103, 803.5329989980459, 768.3055943756103, 768.3055943756103, 768.3055943756103, 768.3055943756103, 769.255388653183, 768.3055943756103, 890.091548098445, 768.3055943756103, 768.3055943756103, 768.3055943756103, 925.7651450263022, 768.3055943756103, 768.3055943756103, 768.3055943756103, 768.3055943756103, 768.3055943756103, 768.3055943756103, 768.3055943756103, 768.3055943756103, 768.3055943756103, 850.2015025321246, 768.3055943756103, 768.3055943756103, 768.3055943756103, 845.6949199119568, 768.3055943756103, 768.3055943756103, 768.3055943756103, 927.102144264078, 768.3055943756103, 775.4005190723182, 768.3055943756103, 768.3055943756103, 768.3055943756103, 768.3055943756103, 776.2135514742137, 768.3055943756103, 777.8592956491948, 768.3055943756103, 768.3055943756103, 768.3055943756103, 768.3055943756103, 768.3055943756103, 768.3055943756103, 768.3055943756103, 768.3055943756103, 768.3055943756103, 768.3055943756103, 768.3055943756103, 768.3055943756103, 768.3055943756103, 815.2104473700523, 768.3055943756103, 768.3055943756103, 768.3055943756103, 768.3055943756103, 777.2962525937796, 768.3055943756103, 768.3055943756103, 768.3055943756103, 768.3055943756103, 768.3055943756103, 768.3055943756103, 768.3055943756103, 768.3055943756103, 768.3055943756103, 768.3055943756103, 768.3055943756103, 768.3055943756103, 768.3055943756103, 776.8116322631836, 768.3055943756103, 771.6126740755082, 768.3055943756103, 768.3055943756103, 768.3055943756103, 768.3055943756103, 778.7387814720869, 777.0572815213918, 768.3055943756103, 768.3055943756103, 768.3055943756103, 768.3055943756103, 768.3055943756103, 790.9641143813133, 768.3055943756103, 768.3055943756103, 768.3055943756103, 768.3055943756103, 768.3055943756103, 768.3055943756103, 768.3055943756103], "BoFL": [1033.4499080305338, 826.7983804495573, 834.8295958147764, 890.3323334066868, 895.3079721151113, 839.5753267709971, 854.6472307979584, 805.3706142391204, 773.1788457679748, 773.1788457679748, 773.1788457679748, 773.1788457679748, 773.6073350150108, 773.1788457679748, 893.225599346137, 773.1788457679748, 773.1788457679748, 773.1788457679748, 928.121215938592, 773.1788457679748, 773.1788457679748, 773.1788457679748, 773.1788457679748, 773.1788457679748, 773.1788457679748, 773.1788457679748, 773.1788457679748, 773.1788457679748, 858.2662107184409, 773.1788457679748, 773.1788457679748, 773.1788457679748, 853.188207707691, 773.1788457679748, 773.1788457679748, 773.1788457679748, 929.3310239329338, 773.1788457679748, 778.9959381500482, 773.1788457679748, 773.1788457679748, 773.1788457679748, 773.1788457679748, 780.2883817548513, 773.1788457679748, 782.6580950784682, 773.1788457679748, 773.1788457679748, 773.1788457679748, 773.1788457679748, 773.1788457679748, 773.1788457679748, 773.1788457679748, 773.1788457679748, 773.1788457679748, 773.1788457679748, 773.1788457679748, 773.1788457679748, 773.1788457679748, 818.5227150706053, 773.1788457679748, 773.1788457679748, 773.1788457679748, 773.1788457679748, 781.7702994594574, 773.1788457679748, 773.1788457679748, 773.1788457679748, 773.1788457679748, 773.1788457679748, 773.1788457679748, 773.1788457679748, 773.1788457679748, 773.1788457679748, 773.1788457679748, 773.1788457679748, 773.1788457679748, 773.1788457679748, 781.1044527451992, 773.1788457679748, 775.1172495045662, 773.1788457679748, 773.1788457679748, 773.1788457679748, 773.1788457679748, 784.0196306852818, 781.4373761023282, 773.1788457679748, 773.1788457679748, 773.1788457679748, 773.1788457679748, 773.1788457679748, 792.7379246708631, 773.1788457679748, 773.1788457679748, 773.1788457679748, 773.1788457679748, 773.1788457679748, 773.1788457679748, 773.1788457679748],