{"Baseline": [1017.5934525337219, 1017.5934525337219, 1017.5934525337219, 1017.5934525337219, 1017.5934525337219, 1017.5934525337219, 1017.5934525337219, 1017.5934525337219, 1017.5934525337219, 1017.5934525337219, 1017.5934525337219, 1017.5934525337219, 1017.5934525337219, 1017.5934525337219, 1017.5934525337219, 1017.5934525337219, 1017.5934525337219, 1017.5934525337219, 1017.5934525337219, 1017.5934525337219, 1017.5934525337219, 1017.5934525337219, 1017.5934525337219, 1017.5934525337219, 1017.5934525337219, 1017.5934525337219, 1017.5934525337219, 1017.5934525337219, 1017.5934525337219, 1017.5934525337219, 1017.5934525337219, 1017.5934525337219, 1017.5934525337219, 1017.5934525337219, 1017.5934525337219, 1017.5934525337219, 1017.5934525337219, 1017.5934525337219, 1017.5934525337219, 1017.5934525337219, 1017.5934525337219, 1017.5934525337219, 1017.5934525337219, 1017.5934525337219, 1017.5934525337219, 1017.5934525337219, 1017.5934525337219, 1017.5934525337219, 1017.5934525337219, 1017.5934525337219, 1017.5934525337219, 1017.5934525337219, 1017.5934525337219, 1017.5934525337219, 1017.5934525337219, 1017.5934525337219, 1017.5934525337219, 1017.5934525337219, 1017.5934525337219, 1017.5934525337219, 1017.5934525337219, 1017.5934525337219, 1017.5934525337219, 1017.5934525337219, 1017.5934525337219, 1017.5934525337219, 1017.5934525337219, 1017.5934525337219, 1017.5934525337219, 1017.5934525337219, 1017.5934525337219, 1017.5934525337219, 1017.5934525337219, 1017.5934525337219, 1017.5934525337219, 1017.5934525337219, 1017.5934525337219, 1017.5934525337219, 1017.5934525337219, 1017.5934525337219, 1017.5934525337219, 1017.5934525337219, 1017.5934525337219, 1017.5934525337219, 1017.5934525337219, 1017.5934525337219, 1017.5934525337219, 1017.5934525337219, 1017.5934525337219, 1017.5934525337219, 1017.5934525337219, 1017.5934525337219, 1017.5934525337219, 1017.5934525337219, 1017.5934525337219, 1017.5934525337219, 1017.5934525337219, 1017.5934525337219, 1017.5934525337219, 1017.5934525337219], "Oracle": [768.3055943756103, 768.3055943756103, 768.3055943756103, 768.3055943756103, 768.3055943756103, 768.3055943756103, 768.3055943756103, 779.0240415396929, 768.3055943756103, 768.3055943756103, 768.3055943756103, 768.3055943756103, 768.3055943756103, 768.3055943756103, 857.8707548065902, 768.3055943756103, 768.3055943756103, 768.3055943756103, 906.2830305957793, 768.3055943756103, 768.3055943756103, 768.3055943756103, 768.3055943756103, 768.3055943756103, 768.3055943756103, 768.3055943756103, 768.3055943756103, 768.3055943756103, 825.4361170693398, 768.3055943756103, 768.3055943756103, 768.3055943756103, 818.672354292655, 768.3055943756103, 768.3055943756103, 768.3055943756103, 908.2937329167604, 768.3055943756103, 768.3055943756103, 768.3055943756103, 768.3055943756103, 768.3055943756103, 768.3055943756103, 768.3055943756103, 768.3055943756103, 768.3055943756103, 768.3055943756103, 768.3055943756103, 768.3055943756103, 768.3055943756103, 768.3055943756103, 768.3055943756103, 768.3055943756103, 768.3055943756103, 768.3055943756103, 768.3055943756103, 768.3055943756103, 768.3055943756103, 768.3055943756103, 785.380627081275, 768.3055943756103, 768.3055943756103, 768.3055943756103, 768.3055943756103, 768.3055943756103, 768.3055943756103, 768.3055943756103, 768.3055943756103, 768.3055943756103, 768.3055943756103, 768.3055943756103, 768.3055943756103, 768.3055943756103, 768.3055943756103, 768.3055943756103, 768.3055943756103, 768.3055943756103, 768.3055943756103, 768.3055943756103, 768.3055943756103, 768.3055943756103, 768.3055943756103, 768.3055943756103, 768.3055943756103, 768.3055943756103, 768.3055943756103, 768.3055943756103, 768.3055943756103, 768.3055943756103, 768.3055943756103, 768.3055943756103, 768.3055943756103, 774.9703828588963, 768.3055943756103, 768.3055943756103, 768.3055943756103, 768.3055943756103, 768.3055943756103, 768.3055943756103, 768.3055943756103], "BoFL": [1033.4499080305338, 826.7983804495573, 834.8295958147764, 890.3323334066868, 895.3079721151113, 839.5753267709971, 854.6472307979584, 784.3227118641138, 773.1788457679748, 773.1788457679748, 773.1788457679748, 773.1788457679748, 773.1788457679748, 773.1788457679748, 866.944132853651, 773.1788457679748, 773.1788457679748, 773.1788457679748, 909.0344787080764, 773.1788457679748, 773.1788457679748, 773.1788457679748, 773.1788457679748, 773.1788457679748, 773.1788457679748, 773.1788457679748, 773.1788457679748, 773.1788457679748, 830.2259007510661, 773.1788457679748, 773.1788457679748, 773.1788457679748, 822.4743694098233, 773.1788457679748, 773.1788457679748, 773.1788457679748, 910.9052644359589, 773.1788457679748, 773.1788457679748, 773.1788457679748, 773.1788457679748, 773.1788457679748, 773.1788457679748, 773.1788457679748, 773.1788457679748, 773.1788457679748, 773.1788457679748, 773.1788457679748, 773.1788457679748, 773.1788457679748, 773.1788457679748, 773.1788457679748, 773.1788457679748, 773.1788457679748, 773.1788457679748, 773.1788457679748, 773.1788457679748, 773.1788457679748, 773.1788457679748, 788.8538188376904, 773.1788457679748, 773.1788457679748, 773.1788457679748, 773.1788457679748, 773.1788457679748, 773.1788457679748, 773.1788457679748, 773.1788457679748, 773.1788457679748, 773.1788457679748, 773.1788457679748, 773.1788457679748, 773.1788457679748, 773.1788457679748, 773.1788457679748, 773.1788457679748, 773.1788457679748, 773.1788457679748, 773.1788457679748, 773.1788457679748, 773.1788457679748, 773.1788457679748, 773.1788457679748, 773.1788457679748, 773.1788457679748, 773.1788457679748, 773.1788457679748, 773.1788457679748, 773.1788457679748, 773.1788457679748, 773.1788457679748, 773.1788457679748, 778.3112458619356, 773.1788457679748, 773.1788457679748, 773.1788457679748, 773.1788457679748, 773.1788457679748, 773.1788457679748, 773.1788457679748],