{"Baseline": [1017.5934525337219, 1017.5934525337219, 1017.5934525337219, 1017.5934525337219, 1017.5934525337219, 1017.5934525337219, 1017.5934525337219, 1017.5934525337219, 1017.5934525337219, 1017.5934525337219, 1017.5934525337219, 1017.5934525337219, 1017.5934525337219, 1017.5934525337219, 1017.5934525337219, 1017.5934525337219, 1017.5934525337219, 1017.5934525337219, 1017.5934525337219, 1017.5934525337219, 1017.5934525337219, 1017.5934525337219, 1017.5934525337219, 1017.5934525337219, 1017.5934525337219, 1017.5934525337219, 1017.5934525337219, 1017.5934525337219, 1017.5934525337219, 1017.5934525337219, 1017.5934525337219, 1017.5934525337219, 1017.5934525337219, 1017.5934525337219, 1017.5934525337219, 1017.5934525337219, 1017.5934525337219, 1017.5934525337219, 1017.5934525337219, 1017.5934525337219, 1017.5934525337219, 1017.5934525337219, 1017.5934525337219, 1017.5934525337219, 1017.5934525337219, 1017.5934525337219, 1017.5934525337219, 1017.5934525337219, 1017.5934525337219, 1017.5934525337219, 1017.5934525337219, 1017.5934525337219, 1017.5934525337219, 1017.5934525337219, 1017.5934525337219, 1017.5934525337219, 1017.5934525337219, 1017.5934525337219, 1017.5934525337219, 1017.5934525337219, 1017.5934525337219, 1017.5934525337219, 1017.5934525337219, 1017.5934525337219, 1017.5934525337219, 1017.5934525337219, 1017.5934525337219, 1017.5934525337219, 1017.5934525337219, 1017.5934525337219, 1017.5934525337219, 1017.5934525337219, 1017.5934525337219, 1017.5934525337219, 1017.5934525337219, 1017.5934525337219, 1017.5934525337219, 1017.5934525337219, 1017.5934525337219, 1017.5934525337219, 1017.5934525337219, 1017.5934525337219, 1017.5934525337219, 1017.5934525337219, 1017.5934525337219, 1017.5934525337219, 1017.5934525337219, 1017.5934525337219, 1017.5934525337219, 1017.5934525337219, 1017.5934525337219, 1017.5934525337219, 1017.5934525337219, 1017.5934525337219, 1017.5934525337219, 1017.5934525337219, 1017.5934525337219, 1017.5934525337219, 1017.5934525337219, 1017.5934525337219], "Oracle": [768.3055943756103, 768.3055943756103, 768.3055943756103, 768.3055943756103, 768.3055943756103, 768.3055943756103, 768.3055943756103, 787.8623591391087, 768.3055943756103, 768.3055943756103, 768.3055943756103, 768.3055943756103, 768.3055943756103, 768.3055943756103, 871.4506529919624, 768.3055943756103, 768.3055943756103, 768.3055943756103, 916.0089531605958, 768.3055943756103, 768.3055943756103, 768.3055943756103, 768.3055943756103, 768.3055943756103, 768.3055943756103, 768.3055943756103, 768.3055943756103, 768.3055943756103, 837.8454849788188, 768.3055943756103, 768.3055943756103, 768.3055943756103, 832.2093631438494, 768.3055943756103, 768.3055943756103, 768.3055943756103, 917.6404777941704, 768.3055943756103, 768.3055943756103, 768.3055943756103, 768.3055943756103, 768.3055943756103, 768.3055943756103, 769.2868043406248, 768.3055943756103, 771.2959983204603, 768.3055943756103, 768.3055943756103, 768.3055943756103, 768.3055943756103, 768.3055943756103, 768.3055943756103, 768.3055943756103, 768.3055943756103, 768.3055943756103, 768.3055943756103, 768.3055943756103, 768.3055943756103, 768.3055943756103, 793.9603191860438, 768.3055943756103, 768.3055943756103, 768.3055943756103, 768.3055943756103, 770.5650106894971, 768.3055943756103, 768.3055943756103, 768.3055943756103, 768.3055943756103, 768.3055943756103, 768.3055943756103, 768.3055943756103, 768.3055943756103, 768.3055943756103, 768.3055943756103, 768.3055943756103, 768.3055943756103, 768.3055943756103, 770.0333833215236, 768.3055943756103, 768.3055943756103, 768.3055943756103, 768.3055943756103, 768.3055943756103, 768.3055943756103, 772.4765685484648, 770.2991970055103, 768.3055943756103, 768.3055943756103, 768.3055943756103, 768.3055943756103, 768.3055943756103, 780.6561378273964, 768.3055943756103, 768.3055943756103, 768.3055943756103, 768.3055943756103, 768.3055943756103, 768.3055943756103, 768.3055943756103], "BoFL": [1033.4499080305338, 826.7983804495573, 834.8295958147764, 890.3323334066868, 858.4022677046776, 878.7164870215894, 826.1027112868071, 792.0023186847686, 776.4435257453919, 776.4435257453919, 776.4435257453919, 776.4435257453919, 776.4435257453919, 776.4435257453919, 875.776317293477, 776.4435257453919, 776.4435257453919, 776.4435257453919, 927.2001390386342, 776.4435257453919, 776.4435257453919, 776.4435257453919, 776.4435257453919, 776.4435257453919, 776.4435257453919, 776.4435257453919, 776.4435257453919, 776.4435257453919, 844.1146568225861, 776.4435257453919, 776.4435257453919, 776.4435257453919, 838.1527079322815, 776.4435257453919, 776.4435257453919, 776.4435257453919, 929.1320019804477, 776.4435257453919, 776.4435257453919, 776.4435257453919, 776.4435257453919, 776.4435257453919, 776.4435257453919, 776.4435257453919, 776.4435257453919, 776.4435257453919, 776.4435257453919, 776.4435257453919, 776.4435257453919, 776.4435257453919, 776.4435257453919, 776.4435257453919, 776.4435257453919, 776.4435257453919, 776.4435257453919, 776.4435257453919, 776.4435257453919, 776.4435257453919, 776.4435257453919, 798.4237760240553, 776.4435257453919, 776.4435257453919, 776.4435257453919, 776.4435257453919, 776.4435257453919, 776.4435257453919, 776.4435257453919, 776.4435257453919, 776.4435257453919, 776.4435257453919, 776.4435257453919, 776.4435257453919, 776.4435257453919, 776.4435257453919, 776.4435257453919, 776.4435257453919, 776.4435257453919, 776.4435257453919, 776.4435257453919, 776.4435257453919, 776.4435257453919, 776.4435257453919, 776.4435257453919, 776.4435257453919, 776.4435257453919, 776.4435257453919, 776.4435257453919, 776.4435257453919, 776.4435257453919, 776.4435257453919, 776.4435257453919, 776.4435257453919, 783.8548361451865, 776.4435257453919, 776.4435257453919, 776.4435257453919, 776.4435257453919, 776.4435257453919, 776.4435257453919, 776.4435257453919], "phase": [0, 2, 7], "overhead": [[9.371081352233887, 63.76915824604034], [9.607174158096313, 65.4091689605713], [9.403496742248535, 64.0984823307991], [9.292151927947998, 63.48877135491371], [9.804655075073242, 67.0219153327942]],