{"Baseline": [1017.5934525337219, 1017.5934525337219, 1017.5934525337219, 1017.5934525337219, 1017.5934525337219, 1017.5934525337219, 1017.5934525337219, 1017.5934525337219, 1017.5934525337219, 1017.5934525337219, 1017.5934525337219, 1017.5934525337219, 1017.5934525337219, 1017.5934525337219, 1017.5934525337219, 1017.5934525337219, 1017.5934525337219, 1017.5934525337219, 1017.5934525337219, 1017.5934525337219, 1017.5934525337219, 1017.5934525337219, 1017.5934525337219, 1017.5934525337219, 1017.5934525337219, 1017.5934525337219, 1017.5934525337219, 1017.5934525337219, 1017.5934525337219, 1017.5934525337219, 1017.5934525337219, 1017.5934525337219, 1017.5934525337219, 1017.5934525337219, 1017.5934525337219, 1017.5934525337219, 1017.5934525337219, 1017.5934525337219, 1017.5934525337219, 1017.5934525337219, 1017.5934525337219, 1017.5934525337219, 1017.5934525337219, 1017.5934525337219, 1017.5934525337219, 1017.5934525337219, 1017.5934525337219, 1017.5934525337219, 1017.5934525337219, 1017.5934525337219, 1017.5934525337219, 1017.5934525337219, 1017.5934525337219, 1017.5934525337219, 1017.5934525337219, 1017.5934525337219, 1017.5934525337219, 1017.5934525337219, 1017.5934525337219, 1017.5934525337219, 1017.5934525337219, 1017.5934525337219, 1017.5934525337219, 1017.5934525337219, 1017.5934525337219, 1017.5934525337219, 1017.5934525337219, 1017.5934525337219, 1017.5934525337219, 1017.5934525337219, 1017.5934525337219, 1017.5934525337219, 1017.5934525337219, 1017.5934525337219, 1017.5934525337219, 1017.5934525337219, 1017.5934525337219, 1017.5934525337219, 1017.5934525337219, 1017.5934525337219, 1017.5934525337219, 1017.5934525337219, 1017.5934525337219, 1017.5934525337219, 1017.5934525337219, 1017.5934525337219, 1017.5934525337219, 1017.5934525337219, 1017.5934525337219, 1017.5934525337219, 1017.5934525337219, 1017.5934525337219, 1017.5934525337219, 1017.5934525337219, 1017.5934525337219, 1017.5934525337219, 1017.5934525337219, 1017.5934525337219, 1017.5934525337219, 1017.5934525337219], "Oracle": [768.3055943756103, 768.3055943756103, 768.3055943756103, 768.3055943756103, 768.3055943756103, 768.3055943756103, 768.3055943756103, 803.5329989980459, 768.3055943756103, 768.3055943756103, 768.3055943756103, 768.3055943756103, 769.255388653183, 768.3055943756103, 890.091548098445, 768.3055943756103, 768.3055943756103, 768.3055943756103, 925.7651450263022, 768.3055943756103, 768.3055943756103, 768.3055943756103, 768.3055943756103, 768.3055943756103, 768.3055943756103, 768.3055943756103, 768.3055943756103, 768.3055943756103, 850.2015025321246, 768.3055943756103, 768.3055943756103, 768.3055943756103, 845.6949199119568, 768.3055943756103, 768.3055943756103, 768.3055943756103, 927.102144264078, 768.3055943756103, 775.4005190723182, 768.3055943756103, 768.3055943756103, 768.3055943756103, 768.3055943756103, 776.2135514742137, 768.3055943756103, 777.8592956491948, 768.3055943756103, 768.3055943756103, 768.3055943756103, 768.3055943756103, 768.3055943756103, 768.3055943756103, 768.3055943756103, 768.3055943756103, 768.3055943756103, 768.3055943756103, 768.3055943756103, 768.3055943756103, 768.3055943756103, 815.2104473700523, 768.3055943756103, 768.3055943756103, 768.3055943756103, 768.3055943756103, 777.2962525937796, 768.3055943756103, 768.3055943756103, 768.3055943756103, 768.3055943756103, 768.3055943756103, 768.3055943756103, 768.3055943756103, 768.3055943756103, 768.3055943756103, 768.3055943756103, 768.3055943756103, 768.3055943756103, 768.3055943756103, 776.8116322631836, 768.3055943756103, 771.6126740755082, 768.3055943756103, 768.3055943756103, 768.3055943756103, 768.3055943756103, 778.7387814720869, 777.0572815213918, 768.3055943756103, 768.3055943756103, 768.3055943756103, 768.3055943756103, 768.3055943756103, 790.9641143813133, 768.3055943756103, 768.3055943756103, 768.3055943756103, 768.3055943756103, 768.3055943756103, 768.3055943756103, 768.3055943756103], "BoFL": [1033.4499080305338, 826.7983804495573, 834.8295958147764, 890.3323334066868, 858.4022677046776, 878.7164870215894, 826.1027112868071, 807.813581216073, 776.4435257453919, 776.4435257453919, 776.4435257453919, 776.4435257453919, 776.4435257453919, 776.4435257453919, 896.5314271501779, 776.4435257453919, 776.4435257453919, 776.4435257453919, 938.6857616821051, 776.4435257453919, 776.4435257453919, 776.4435257453919, 776.4435257453919, 776.4435257453919, 776.4435257453919, 776.4435257453919, 776.4435257453919, 776.4435257453919, 857.1925681029797, 776.4435257453919, 776.4435257453919, 776.4435257453919, 852.3259823988437, 776.4435257453919, 776.4435257453919, 776.4435257453919, 940.195533857894, 776.4435257453919, 778.5540313559294, 776.4435257453919, 776.4435257453919, 776.4435257453919, 776.4435257453919, 779.5356618724585, 776.4435257453919, 781.5480044313431, 776.4435257453919, 776.4435257453919, 776.4435257453919, 776.4435257453919, 776.4435257453919, 776.4435257453919, 776.4435257453919, 776.4435257453919, 776.4435257453919, 776.4435257453919, 776.4435257453919, 776.4435257453919, 776.4435257453919, 820.0940171675682, 776.4435257453919, 776.4435257453919, 776.4435257453919, 776.4435257453919, 780.8117815439463, 776.4435257453919, 776.4435257453919, 776.4435257453919, 776.4435257453919, 776.4435257453919, 776.4435257453919, 776.4435257453919, 776.4435257453919, 776.4435257453919, 776.4435257453919, 776.4435257453919, 776.4435257453919, 776.4435257453919, 780.2718847598553, 776.4435257453919, 776.4435257453919, 776.4435257453919, 776.4435257453919, 776.4435257453919, 776.4435257453919, 782.6277979995251, 780.5963264222383, 776.4435257453919, 776.4435257453919, 776.4435257453919, 776.4435257453919, 776.4435257453919, 795.7634579834938, 776.4435257453919, 776.4435257453919, 776.4435257453919, 776.4435257453919, 776.4435257453919, 776.4435257453919, 776.4435257453919], "phase": [0, 2, 7], "overhead": [[9.314430952072144, 62.791952605962756], [9.660958528518677, 65.80845275688172], [9.360592365264893, 64.10101727700234], [9.499031782150269, 64.67415003252029], [9.5355384349823, 65.8715461397171]],