{"Baseline": [1017.5934525337219, 1017.5934525337219, 1017.5934525337219, 1017.5934525337219, 1017.5934525337219, 1017.5934525337219, 1017.5934525337219, 1017.5934525337219, 1017.5934525337219, 1017.5934525337219, 1017.5934525337219, 1017.5934525337219, 1017.5934525337219, 1017.5934525337219, 1017.5934525337219, 1017.5934525337219, 1017.5934525337219, 1017.5934525337219, 1017.5934525337219, 1017.5934525337219, 1017.5934525337219, 1017.5934525337219, 1017.5934525337219, 1017.5934525337219, 1017.5934525337219, 1017.5934525337219, 1017.5934525337219, 1017.5934525337219, 1017.5934525337219, 1017.5934525337219, 1017.5934525337219, 1017.5934525337219, 1017.5934525337219, 1017.5934525337219, 1017.5934525337219, 1017.5934525337219, 1017.5934525337219, 1017.5934525337219, 1017.5934525337219, 1017.5934525337219, 1017.5934525337219, 1017.5934525337219, 1017.5934525337219, 1017.5934525337219, 1017.5934525337219, 1017.5934525337219, 1017.5934525337219, 1017.5934525337219, 1017.5934525337219, 1017.5934525337219, 1017.5934525337219, 1017.5934525337219, 1017.5934525337219, 1017.5934525337219, 1017.5934525337219, 1017.5934525337219, 1017.5934525337219, 1017.5934525337219, 1017.5934525337219, 1017.5934525337219, 1017.5934525337219, 1017.5934525337219, 1017.5934525337219, 1017.5934525337219, 1017.5934525337219, 1017.5934525337219, 1017.5934525337219, 1017.5934525337219, 1017.5934525337219, 1017.5934525337219, 1017.5934525337219, 1017.5934525337219, 1017.5934525337219, 1017.5934525337219, 1017.5934525337219, 1017.5934525337219, 1017.5934525337219, 1017.5934525337219, 1017.5934525337219, 1017.5934525337219, 1017.5934525337219, 1017.5934525337219, 1017.5934525337219, 1017.5934525337219, 1017.5934525337219, 1017.5934525337219, 1017.5934525337219, 1017.5934525337219, 1017.5934525337219, 1017.5934525337219, 1017.5934525337219, 1017.5934525337219, 1017.5934525337219, 1017.5934525337219, 1017.5934525337219, 1017.5934525337219, 1017.5934525337219, 1017.5934525337219, 1017.5934525337219, 1017.5934525337219], "Oracle": [768.3055943756103, 768.3055943756103, 768.3055943756103, 768.3055943756103, 768.3055943756103, 768.3055943756103, 768.3055943756103, 827.6198152795315, 768.3055943756103, 768.3055943756103, 768.3055943756103, 768.3055943756103, 777.9211759943486, 768.3055943756103, 908.6568817825317, 768.3055943756103, 768.3055943756103, 768.3055943756103, 935.5213368920087, 768.3055943756103, 768.3055943756103, 768.3055943756103, 768.3055943756103, 768.3055943756103, 768.3055943756103, 768.3055943756103, 768.3055943756103, 768.3055943756103, 865.396220681572, 768.3055943756103, 768.3055943756103, 768.3055943756103, 859.1855084014417, 768.3055943756103, 768.3055943756103, 768.3055943756103, 936.4378333366155, 768.3055943756103, 786.5832243458987, 768.3055943756103, 768.3055943756103, 768.3055943756103, 771.5462206545114, 787.8717214151383, 768.3055943756103, 790.4487155536175, 768.3055943756103, 768.3055943756103, 768.3055943756103, 768.3055943756103, 768.3055943756103, 768.3055943756103, 768.3055943756103, 768.3055943756103, 768.3055943756103, 768.3055943756103, 773.8406747019529, 768.3055943756103, 768.3055943756103, 836.292939460802, 768.3055943756103, 768.3055943756103, 768.3055943756103, 768.3055943756103, 789.5038177028417, 768.3055943756103, 768.3055943756103, 768.3055943756103, 768.3055943756103, 768.3055943756103, 768.3055943756103, 768.3055943756103, 768.3055943756103, 768.3055943756103, 776.8116322631836, 768.3055943756103, 768.3055943756103, 768.3055943756103, 788.816619265914, 770.4321038475036, 780.4843382181645, 768.3055943756103, 768.3055943756103, 768.3055943756103, 768.3055943756103, 791.909012232089, 789.1602184843778, 768.3055943756103, 768.3055943756103, 768.3055943756103, 768.3055943756103, 768.3055943756103, 815.9174664448261, 768.3055943756103, 768.3055943756103, 768.3055943756103, 768.3055943756103, 768.3055943756103, 768.3055943756103, 768.3055943756103], "BoFL": [1033.4499080305338, 826.7983804495573, 910.8962875725508, 890.3323334066868, 858.4022677046776, 878.7164870215894, 826.1027112868071, 833.2026116598129, 776.4435257453919, 776.4435257453919, 776.4435257453919, 776.4435257453919, 781.5970859571696, 776.4435257453919, 918.560345993328, 776.4435257453919, 776.4435257453919, 776.4435257453919, 950.1006403660535, 776.4435257453919, 776.4435257453919, 776.4435257453919, 776.4435257453919, 776.4435257453919, 776.4435257453919, 776.4435257453919, 776.4435257453919, 776.4435257453919, 872.044428667593, 776.4435257453919, 776.4435257453919, 776.4435257453919, 866.6848919073105, 776.4435257453919, 776.4435257453919, 776.4435257453919, 951.304871803856, 776.4435257453919, 790.5345570072174, 776.4435257453919, 776.4435257453919, 776.4435257453919, 776.4435257453919, 792.0940537896156, 776.4435257453919, 795.2130473544121, 776.4435257453919, 776.4435257453919, 776.4435257453919, 776.4435257453919, 776.4435257453919, 776.4435257453919, 776.4435257453919, 776.4435257453919, 776.4435257453919, 776.4435257453919, 776.5907703228712, 776.4435257453919, 776.4435257453919, 842.4112428539277, 776.4435257453919, 776.4435257453919, 776.4435257453919, 776.4435257453919, 794.0204909914016, 776.4435257453919, 776.4435257453919, 776.4435257453919, 776.4435257453919, 776.4435257453919, 776.4435257453919, 776.4435257453919, 776.4435257453919, 776.4435257453919, 780.2718847598553, 776.4435257453919, 776.4435257453919, 776.4435257453919, 793.194875047779, 776.4435257453919, 783.7961901101589, 776.4435257453919, 776.4435257453919, 776.4435257453919, 776.4435257453919, 796.956014346504, 793.6535505720137, 776.4435257453919, 776.4435257453919, 776.4435257453919, 776.4435257453919, 776.4435257453919, 820.8528603870391, 776.4435257453919, 776.4435257453919, 776.4435257453919, 776.4435257453919, 776.4435257453919, 776.4435257453919, 776.4435257453919], "phase": [0, 2, 7], "overhead": [[9.379406690597534, 63.58217832636833], [9.617080450057983, 65.23837084293365], [9.375353813171387, 64.08389168572425], [9.349377870559692, 64.03096816563607], [9.612521171569824, 65.93217982649803]], "ddls": [105.79460388693437, 83.53841479030864, 66.39526022048301, 101.40142670866739, 109.67957826313024, 82.3730816448298, 108.74093513680404, 53.02016266362381, 102.61106937672626, 84.2602241778524, 101.17820560861121, 85.19615720382501, 60.53227604224131, 98.15815286475384, 48.11214893417593, 111.59175033256574, 77.351160071339, 89.74188978348442, 47.15046560401896, 108.32314066036515, 74.45106624930855, 92.77096304919274, 79.2795691506477, 82.89134806717239, 76.93598925632975, 80.8998894886467, 87.28132338159756, 109.67520912879593, 49.66518307458895, 73.31273075426839, 70.2286249209802, 115.20876654709471, 49.99009077040358, 100.93783637877522, 81.47941911941854, 79.98034453130549, 47.11562189242181, 76.29303701966546, 57.96211073937033, 87.98703159592309, 113.29012368816707, 92.07777883646294, 64.06182027570159, 57.620332596017995, 76.87997363444333, 56.94822433844865, 108.40407212630194, 100.26082828459406, 71.20749112728008, 68.46129795390904, 91.60543854816348, 112.58063598706401, 70.1306916694666, 75.7870963720925, 71.61475961666366, 102.9496700654124, 62.8068760231115, 79.9428921143577, 74.94624719950743, 52.18572923878814, 111.27460954020496, 86.72433969125476, 88.36029267476343, 95.36553011339899, 57.19193784245533, 71.95909969744636, 100.48504930868255, 72.28408185939108, 100.58545216033063, 69.92694680622836, 89.60948119449759, 88.20141524606647, 106.67154547035015, 113.92482086589392, 61.13586401730253, 79.97447977054627, 100.8359048999636, 70.9740068959581, 57.373428661737684, 64.6552880067186, 59.54244244515913, 70.69485020401427, 104.81683808497111, 94.97320500084061, 75.48436522251876, 56.56819541199774, 57.28260062832469, 105.84192754188535, 69.6295743282151, 103.2122932087808, 109.7840532784345, 87.85405842472316, 54.140245381327354, 93.234594073982, 82.35822512602945, 98.11376617914996, 68.70423040460888, 66.21720616608138, 94.40803801760165, 113.29760935855758],