{"Baseline": [1017.5934525337219, 1017.5934525337219, 1017.5934525337219, 1017.5934525337219, 1017.5934525337219, 1017.5934525337219, 1017.5934525337219, 1017.5934525337219, 1017.5934525337219, 1017.5934525337219, 1017.5934525337219, 1017.5934525337219, 1017.5934525337219, 1017.5934525337219, 1017.5934525337219, 1017.5934525337219, 1017.5934525337219, 1017.5934525337219, 1017.5934525337219, 1017.5934525337219, 1017.5934525337219, 1017.5934525337219, 1017.5934525337219, 1017.5934525337219, 1017.5934525337219, 1017.5934525337219, 1017.5934525337219, 1017.5934525337219, 1017.5934525337219, 1017.5934525337219, 1017.5934525337219, 1017.5934525337219, 1017.5934525337219, 1017.5934525337219, 1017.5934525337219, 1017.5934525337219, 1017.5934525337219, 1017.5934525337219, 1017.5934525337219, 1017.5934525337219, 1017.5934525337219, 1017.5934525337219, 1017.5934525337219, 1017.5934525337219, 1017.5934525337219, 1017.5934525337219, 1017.5934525337219, 1017.5934525337219, 1017.5934525337219, 1017.5934525337219, 1017.5934525337219, 1017.5934525337219, 1017.5934525337219, 1017.5934525337219, 1017.5934525337219, 1017.5934525337219, 1017.5934525337219, 1017.5934525337219, 1017.5934525337219, 1017.5934525337219, 1017.5934525337219, 1017.5934525337219, 1017.5934525337219, 1017.5934525337219, 1017.5934525337219, 1017.5934525337219, 1017.5934525337219, 1017.5934525337219, 1017.5934525337219, 1017.5934525337219, 1017.5934525337219, 1017.5934525337219, 1017.5934525337219, 1017.5934525337219, 1017.5934525337219, 1017.5934525337219, 1017.5934525337219, 1017.5934525337219, 1017.5934525337219, 1017.5934525337219, 1017.5934525337219, 1017.5934525337219, 1017.5934525337219, 1017.5934525337219, 1017.5934525337219, 1017.5934525337219, 1017.5934525337219, 1017.5934525337219, 1017.5934525337219, 1017.5934525337219, 1017.5934525337219, 1017.5934525337219, 1017.5934525337219, 1017.5934525337219, 1017.5934525337219, 1017.5934525337219, 1017.5934525337219, 1017.5934525337219, 1017.5934525337219, 1017.5934525337219], "Oracle": [768.3055943756103, 768.3055943756103, 768.3055943756103, 768.3055943756103, 768.3055943756103, 768.3055943756103, 768.3055943756103, 779.0240415396929, 768.3055943756103, 768.3055943756103, 768.3055943756103, 768.3055943756103, 768.3055943756103, 768.3055943756103, 857.8707548065902, 768.3055943756103, 768.3055943756103, 768.3055943756103, 906.2830305957793, 768.3055943756103, 768.3055943756103, 768.3055943756103, 768.3055943756103, 768.3055943756103, 768.3055943756103, 768.3055943756103, 768.3055943756103, 768.3055943756103, 825.4361170693398, 768.3055943756103, 768.3055943756103, 768.3055943756103, 818.672354292655, 768.3055943756103, 768.3055943756103, 768.3055943756103, 908.2937329167604, 768.3055943756103, 768.3055943756103, 768.3055943756103, 768.3055943756103, 768.3055943756103, 768.3055943756103, 768.3055943756103, 768.3055943756103, 768.3055943756103, 768.3055943756103, 768.3055943756103, 768.3055943756103, 768.3055943756103, 768.3055943756103, 768.3055943756103, 768.3055943756103, 768.3055943756103, 768.3055943756103, 768.3055943756103, 768.3055943756103, 768.3055943756103, 768.3055943756103, 785.380627081275, 768.3055943756103, 768.3055943756103, 768.3055943756103, 768.3055943756103, 768.3055943756103, 768.3055943756103, 768.3055943756103, 768.3055943756103, 768.3055943756103, 768.3055943756103, 768.3055943756103, 768.3055943756103, 768.3055943756103, 768.3055943756103, 768.3055943756103, 768.3055943756103, 768.3055943756103, 768.3055943756103, 768.3055943756103, 768.3055943756103, 768.3055943756103, 768.3055943756103, 768.3055943756103, 768.3055943756103, 768.3055943756103, 768.3055943756103, 768.3055943756103, 768.3055943756103, 768.3055943756103, 768.3055943756103, 768.3055943756103, 768.3055943756103, 774.9703828588963, 768.3055943756103, 768.3055943756103, 768.3055943756103, 768.3055943756103, 768.3055943756103, 768.3055943756103, 768.3055943756103], "BoFL": [1033.4499080305338, 826.7983804495573, 834.8295958147764, 890.3323334066868, 858.4022677046776, 878.7164870215894, 826.1027112868071, 782.9649407335044, 776.4435257453919, 776.4435257453919, 776.4435257453919, 776.4435257453919, 776.4435257453919, 776.4435257453919, 865.2080736587764, 776.4435257453919, 776.4435257453919, 776.4435257453919, 915.7684806166887, 776.4435257453919, 776.4435257453919, 776.4435257453919, 776.4435257453919, 776.4435257453919, 776.4435257453919, 776.4435257453919, 776.4435257453919, 776.4435257453919, 830.9131985654831, 776.4435257453919, 776.4435257453919, 776.4435257453919, 823.7369415482759, 776.4435257453919, 776.4435257453919, 776.4435257453919, 917.9738286019564, 776.4435257453919, 776.4435257453919, 776.4435257453919, 776.4435257453919, 776.4435257453919, 776.4435257453919, 776.4435257453919, 776.4435257453919, 776.4435257453919, 776.4435257453919, 776.4435257453919, 776.4435257453919, 776.4435257453919, 776.4435257453919, 776.4435257453919, 776.4435257453919, 776.4435257453919, 776.4435257453919, 776.4435257453919, 776.4435257453919, 776.4435257453919, 776.4435257453919, 789.0667953296661, 776.4435257453919, 776.4435257453919, 776.4435257453919, 776.4435257453919, 776.4435257453919, 776.4435257453919, 776.4435257453919, 776.4435257453919, 776.4435257453919, 776.4435257453919, 776.4435257453919, 776.4435257453919, 776.4435257453919, 776.4435257453919, 776.4435257453919, 776.4435257453919, 776.4435257453919, 776.4435257453919, 776.4435257453919, 776.4435257453919, 776.4435257453919, 776.4435257453919, 776.4435257453919, 776.4435257453919, 776.4435257453919, 776.4435257453919, 776.4435257453919, 776.4435257453919, 776.4435257453919, 776.4435257453919, 776.4435257453919, 776.4435257453919, 777.9650530460119, 776.4435257453919, 776.4435257453919, 776.4435257453919, 776.4435257453919, 776.4435257453919, 776.4435257453919, 776.4435257453919], "phase": [0, 2, 7], "overhead": [[9.364477396011353, 63.50525644159317], [9.692204236984253, 66.1045237877369], [9.719628810882568, 67.91029477214813], [9.470885992050171, 64.95471401882172], [9.530436038970947, 66.03217375588417]],