{"Baseline": [1017.5934525337219, 1017.5934525337219, 1017.5934525337219, 1017.5934525337219, 1017.5934525337219, 1017.5934525337219, 1017.5934525337219, 1017.5934525337219, 1017.5934525337219, 1017.5934525337219, 1017.5934525337219, 1017.5934525337219, 1017.5934525337219, 1017.5934525337219, 1017.5934525337219, 1017.5934525337219, 1017.5934525337219, 1017.5934525337219, 1017.5934525337219, 1017.5934525337219, 1017.5934525337219, 1017.5934525337219, 1017.5934525337219, 1017.5934525337219, 1017.5934525337219, 1017.5934525337219, 1017.5934525337219, 1017.5934525337219, 1017.5934525337219, 1017.5934525337219, 1017.5934525337219, 1017.5934525337219, 1017.5934525337219, 1017.5934525337219, 1017.5934525337219, 1017.5934525337219, 1017.5934525337219, 1017.5934525337219, 1017.5934525337219, 1017.5934525337219, 1017.5934525337219, 1017.5934525337219, 1017.5934525337219, 1017.5934525337219, 1017.5934525337219, 1017.5934525337219, 1017.5934525337219, 1017.5934525337219, 1017.5934525337219, 1017.5934525337219, 1017.5934525337219, 1017.5934525337219, 1017.5934525337219, 1017.5934525337219, 1017.5934525337219, 1017.5934525337219, 1017.5934525337219, 1017.5934525337219, 1017.5934525337219, 1017.5934525337219, 1017.5934525337219, 1017.5934525337219, 1017.5934525337219, 1017.5934525337219, 1017.5934525337219, 1017.5934525337219, 1017.5934525337219, 1017.5934525337219, 1017.5934525337219, 1017.5934525337219, 1017.5934525337219, 1017.5934525337219, 1017.5934525337219, 1017.5934525337219, 1017.5934525337219, 1017.5934525337219, 1017.5934525337219, 1017.5934525337219, 1017.5934525337219, 1017.5934525337219, 1017.5934525337219, 1017.5934525337219, 1017.5934525337219, 1017.5934525337219, 1017.5934525337219, 1017.5934525337219, 1017.5934525337219, 1017.5934525337219, 1017.5934525337219, 1017.5934525337219, 1017.5934525337219, 1017.5934525337219, 1017.5934525337219, 1017.5934525337219, 1017.5934525337219, 1017.5934525337219, 1017.5934525337219, 1017.5934525337219, 1017.5934525337219, 1017.5934525337219], "Oracle": [768.3055943756103, 768.3055943756103, 768.3055943756103, 768.3055943756103, 768.3055943756103, 768.3055943756103, 768.3055943756103, 827.6198152795315, 768.3055943756103, 768.3055943756103, 768.3055943756103, 768.3055943756103, 777.9211759943486, 768.3055943756103, 908.6568817825317, 768.3055943756103, 768.3055943756103, 768.3055943756103, 935.5213368920087, 768.3055943756103, 768.3055943756103, 768.3055943756103, 768.3055943756103, 768.3055943756103, 768.3055943756103, 768.3055943756103, 768.3055943756103, 768.3055943756103, 865.396220681572, 768.3055943756103, 768.3055943756103, 768.3055943756103, 859.1855084014417, 768.3055943756103, 768.3055943756103, 768.3055943756103, 936.4378333366155, 768.3055943756103, 786.5832243458987, 768.3055943756103, 768.3055943756103, 768.3055943756103, 771.5462206545114, 787.8717214151383, 768.3055943756103, 790.4487155536175, 768.3055943756103, 768.3055943756103, 768.3055943756103, 768.3055943756103, 768.3055943756103, 768.3055943756103, 768.3055943756103, 768.3055943756103, 768.3055943756103, 768.3055943756103, 773.8406747019529, 768.3055943756103, 768.3055943756103, 836.292939460802, 768.3055943756103, 768.3055943756103, 768.3055943756103, 768.3055943756103, 789.5038177028417, 768.3055943756103, 768.3055943756103, 768.3055943756103, 768.3055943756103, 768.3055943756103, 768.3055943756103, 768.3055943756103, 768.3055943756103, 768.3055943756103, 776.8116322631836, 768.3055943756103, 768.3055943756103, 768.3055943756103, 788.816619265914, 770.4321038475036, 780.4843382181645, 768.3055943756103, 768.3055943756103, 768.3055943756103, 768.3055943756103, 791.909012232089, 789.1602184843778, 768.3055943756103, 768.3055943756103, 768.3055943756103, 768.3055943756103, 768.3055943756103, 815.9174664448261, 768.3055943756103, 768.3055943756103, 768.3055943756103, 768.3055943756103, 768.3055943756103, 768.3055943756103, 768.3055943756103], "BoFL": [1033.4499080305338, 826.7983804495573, 910.8962875725508, 890.3323334066868, 895.3079721151113, 839.5753267709971, 854.6472307979584, 832.6681880850076, 773.1788457679748, 773.1788457679748, 773.1788457679748, 773.1788457679748, 782.7502239569902, 773.1788457679748, 911.3729608679295, 773.1788457679748, 773.1788457679748, 773.1788457679748, 937.5034224565029, 773.1788457679748, 773.1788457679748, 773.1788457679748, 773.1788457679748, 773.1788457679748, 773.1788457679748, 773.1788457679748, 773.1788457679748, 773.1788457679748, 872.3880331916808, 773.1788457679748, 773.1788457679748, 773.1788457679748, 868.4786034383774, 773.1788457679748, 773.1788457679748, 773.1788457679748, 938.4388153204442, 773.1788457679748, 789.6494855781793, 773.1788457679748, 773.1788457679748, 773.1788457679748, 775.0764410048484, 790.6090058258533, 773.1788457679748, 792.405001313734, 773.1788457679748, 773.1788457679748, 773.1788457679748, 773.1788457679748, 773.1788457679748, 773.1788457679748, 773.1788457679748, 773.1788457679748, 773.1788457679748, 773.1788457679748, 776.6466290762901, 773.1788457679748, 773.1788457679748, 842.510196895504, 773.1788457679748, 773.1788457679748, 773.1788457679748, 773.1788457679748, 791.7391545994758, 773.1788457679748, 773.1788457679748, 773.1788457679748, 773.1788457679748, 773.1788457679748, 773.1788457679748, 773.1788457679748, 773.1788457679748, 773.1788457679748, 781.1044527451992, 773.1788457679748, 773.1788457679748, 773.1788457679748, 791.2748525401115, 774.4031007595062, 785.413610814023, 773.1788457679748, 773.1788457679748, 773.1788457679748, 773.1788457679748, 793.4037713851212, 791.5172056947231, 773.1788457679748, 773.1788457679748, 773.1788457679748, 773.1788457679748, 773.1788457679748, 819.4092646062612, 773.1788457679748, 773.1788457679748, 773.1788457679748, 773.1788457679748, 773.1788457679748, 773.1788457679748, 773.1788457679748],