{"Baseline": [1017.5934525337219, 1017.5934525337219, 1017.5934525337219, 1017.5934525337219, 1017.5934525337219, 1017.5934525337219, 1017.5934525337219, 1017.5934525337219, 1017.5934525337219, 1017.5934525337219, 1017.5934525337219, 1017.5934525337219, 1017.5934525337219, 1017.5934525337219, 1017.5934525337219, 1017.5934525337219, 1017.5934525337219, 1017.5934525337219, 1017.5934525337219, 1017.5934525337219, 1017.5934525337219, 1017.5934525337219, 1017.5934525337219, 1017.5934525337219, 1017.5934525337219, 1017.5934525337219, 1017.5934525337219, 1017.5934525337219, 1017.5934525337219, 1017.5934525337219, 1017.5934525337219, 1017.5934525337219, 1017.5934525337219, 1017.5934525337219, 1017.5934525337219, 1017.5934525337219, 1017.5934525337219, 1017.5934525337219, 1017.5934525337219, 1017.5934525337219, 1017.5934525337219, 1017.5934525337219, 1017.5934525337219, 1017.5934525337219, 1017.5934525337219, 1017.5934525337219, 1017.5934525337219, 1017.5934525337219, 1017.5934525337219, 1017.5934525337219, 1017.5934525337219, 1017.5934525337219, 1017.5934525337219, 1017.5934525337219, 1017.5934525337219, 1017.5934525337219, 1017.5934525337219, 1017.5934525337219, 1017.5934525337219, 1017.5934525337219, 1017.5934525337219, 1017.5934525337219, 1017.5934525337219, 1017.5934525337219, 1017.5934525337219, 1017.5934525337219, 1017.5934525337219, 1017.5934525337219, 1017.5934525337219, 1017.5934525337219, 1017.5934525337219, 1017.5934525337219, 1017.5934525337219, 1017.5934525337219, 1017.5934525337219, 1017.5934525337219, 1017.5934525337219, 1017.5934525337219, 1017.5934525337219, 1017.5934525337219, 1017.5934525337219, 1017.5934525337219, 1017.5934525337219, 1017.5934525337219, 1017.5934525337219, 1017.5934525337219, 1017.5934525337219, 1017.5934525337219, 1017.5934525337219, 1017.5934525337219, 1017.5934525337219, 1017.5934525337219, 1017.5934525337219, 1017.5934525337219, 1017.5934525337219, 1017.5934525337219, 1017.5934525337219, 1017.5934525337219, 1017.5934525337219, 1017.5934525337219], "Oracle": [768.3055943756103, 784.1780298166514, 829.2268761482238, 770.7173639151097, 768.3055943756103, 785.6718166710139, 768.3055943756103, 900.4842357940435, 769.9863762841463, 783.2474681549788, 770.850270757103, 782.0735081749677, 849.6324740164042, 772.6250667403937, 946.0340957901476, 768.3055943756103, 792.080811841321, 777.6755267361403, 959.4029710380554, 768.3055943756103, 801.2035018897056, 775.9007307528495, 789.6326909811735, 785.0370278628111, 792.61054685812, 787.5424583857775, 779.4011309340477, 768.3055943756103, 931.6451231434344, 805.1459973395586, 815.851083360052, 768.3055943756103, 928.5324143797159, 770.9481398655414, 786.8409237597465, 788.730719461298, 960.1830511999129, 794.7591079714775, 858.5935194785595, 778.7387814720869, 768.3055943756103, 776.2800048952103, 837.3660650518417, 859.8391002642632, 792.6821104736327, 863.9996888430358, 768.3055943756103, 771.362451741457, 812.4601050804138, 822.0275605029107, 776.545818579197, 768.3055943756103, 816.1752805481434, 796.5167366108656, 811.0031020181895, 769.7870160211563, 841.6801111160518, 788.7976998130798, 799.4458732503176, 908.1913711696862, 768.3055943756103, 780.1407389997006, 778.5588675927162, 774.2864022653102, 861.7281994033575, 809.8007596883774, 771.2295448994637, 808.7406668259382, 771.163091478467, 816.9147256532669, 777.7882691523552, 778.6058746300936, 768.3055943756103, 768.3055943756103, 847.5157106376648, 788.730719461298, 771.049631020093, 813.2377661482811, 860.6705169764042, 835.2357171978235, 853.064098355937, 814.2700879485607, 768.657307864213, 774.5366245993614, 797.5869916024446, 867.5476389187098, 860.8532418022156, 768.3055943756103, 817.9326264160873, 769.568209374547, 768.3055943756103, 778.8052348930836, 890.091548098445, 775.6349170688629, 785.7242262997389, 772.6394029294968, 821.1754213613034, 829.7596464313746, 774.8844830542803, 768.3055943756103], "BoFL": [1038.7499894013167, 1054.5634204113244, 1017.1247746762751, 988.2184943364382, 842.3591741016626, 972.492096271968, 871.1437421037198, 1017.5934525337219, 904.2389791211606, 884.4427428297519, 827.702452574563, 786.9436641903162, 858.6376646021605, 777.9234042639494, 953.0113766864062, 773.1788457679748, 792.3529889238357, 783.7743836756467, 963.8796266531467, 773.1788457679748, 802.4865588238716, 781.6533957231284, 791.0121394753218, 788.5283044476508, 792.6727481976033, 789.9378598525047, 785.4809193373918, 773.1788457679748, 937.908201575756, 807.0848773259402, 819.5438244227171, 773.1788457679748, 934.7394772889852, 775.9730777933836, 789.5034676829338, 790.5245578576803, 964.6279762348652, 795.1395039641857, 868.9718507558345, 784.9933377197503, 773.1788457679748, 782.1137749533652, 844.377615768361, 870.3312595825671, 792.6821104736327, 873.0402156734943, 773.1788457679748, 776.460659411025, 815.5700330310822, 826.6431263507604, 782.4428965031624, 773.1788457679748, 819.8882474313974, 797.15181375041, 813.9242298392534, 774.5562598799229, 849.419891994357, 790.5611225211143, 800.5202969791173, 913.3983574704885, 773.1788457679748, 785.8559678266525, 784.710143109417, 779.8737307345151, 872.0982970317602, 812.5204636002063, 776.2899979290723, 811.2137514817953, 776.2262308782339, 820.6889703211546, 783.8568752785444, 784.8620800393104, 773.1788457679748, 773.1788457679748, 856.1684806503772, 790.5517602450847, 776.0462071202517, 816.4980646605729, 871.3742352060793, 841.9915989249706, 862.6004203222036, 817.6232490643978, 773.2913788963556, 780.1268838193655, 798.313327255702, 874.5587101255893, 871.7047712025166, 773.1788457679748, 821.9112088456154, 774.3977998120785, 773.1788457679748, 785.075829322648, 894.426609556508, 781.3364755874395, 788.893990660882, 777.932766539979, 825.6404826898574, 835.7160570540905, 780.4925700325965, 773.1788457679748], "phase": [0, 5, 11], "overhead": [[9.349303483963013, 63.715683757543566], [9.725489854812622, 65.79862453222275], [9.489125728607178, 64.83727908492088], [9.306545495986938, 62.95369876265526], [9.507055759429932, 65.26856747078895], [9.578527212142944, 65.81755815172195]],