{"Baseline": [1017.5934525337219, 1017.5934525337219, 1017.5934525337219, 1017.5934525337219, 1017.5934525337219, 1017.5934525337219, 1017.5934525337219, 1017.5934525337219, 1017.5934525337219, 1017.5934525337219, 1017.5934525337219, 1017.5934525337219, 1017.5934525337219, 1017.5934525337219, 1017.5934525337219, 1017.5934525337219, 1017.5934525337219, 1017.5934525337219, 1017.5934525337219, 1017.5934525337219, 1017.5934525337219, 1017.5934525337219, 1017.5934525337219, 1017.5934525337219, 1017.5934525337219, 1017.5934525337219, 1017.5934525337219, 1017.5934525337219, 1017.5934525337219, 1017.5934525337219, 1017.5934525337219, 1017.5934525337219, 1017.5934525337219, 1017.5934525337219, 1017.5934525337219, 1017.5934525337219, 1017.5934525337219, 1017.5934525337219, 1017.5934525337219, 1017.5934525337219, 1017.5934525337219, 1017.5934525337219, 1017.5934525337219, 1017.5934525337219, 1017.5934525337219, 1017.5934525337219, 1017.5934525337219, 1017.5934525337219, 1017.5934525337219, 1017.5934525337219, 1017.5934525337219, 1017.5934525337219, 1017.5934525337219, 1017.5934525337219, 1017.5934525337219, 1017.5934525337219, 1017.5934525337219, 1017.5934525337219, 1017.5934525337219, 1017.5934525337219, 1017.5934525337219, 1017.5934525337219, 1017.5934525337219, 1017.5934525337219, 1017.5934525337219, 1017.5934525337219, 1017.5934525337219, 1017.5934525337219, 1017.5934525337219, 1017.5934525337219, 1017.5934525337219, 1017.5934525337219, 1017.5934525337219, 1017.5934525337219, 1017.5934525337219, 1017.5934525337219, 1017.5934525337219, 1017.5934525337219, 1017.5934525337219, 1017.5934525337219, 1017.5934525337219, 1017.5934525337219, 1017.5934525337219, 1017.5934525337219, 1017.5934525337219, 1017.5934525337219, 1017.5934525337219, 1017.5934525337219, 1017.5934525337219, 1017.5934525337219, 1017.5934525337219, 1017.5934525337219, 1017.5934525337219, 1017.5934525337219, 1017.5934525337219, 1017.5934525337219, 1017.5934525337219, 1017.5934525337219, 1017.5934525337219, 1017.5934525337219], "Oracle": [768.3055943756103, 768.3055943756103, 780.1407389997006, 768.3055943756103, 768.3055943756103, 768.3055943756103, 768.3055943756103, 851.6598939032078, 768.3055943756103, 768.3055943756103, 768.3055943756103, 768.3055943756103, 799.4458732503176, 768.3055943756103, 927.2943079128025, 768.3055943756103, 768.3055943756103, 768.3055943756103, 945.2740597815035, 768.3055943756103, 769.8340230585337, 768.3055943756103, 768.3055943756103, 768.3055943756103, 768.3055943756103, 768.3055943756103, 768.3055943756103, 768.3055943756103, 898.537541051054, 771.2139535495281, 774.9307720494986, 768.3055943756103, 892.5340227551699, 768.3055943756103, 768.3055943756103, 768.3055943756103, 945.9140245876072, 768.3055943756103, 817.3407952240706, 768.3055943756103, 768.3055943756103, 768.3055943756103, 786.1537253228188, 819.6288097103358, 768.3055943756103, 824.2966083935261, 768.3055943756103, 768.3055943756103, 773.7742212809562, 777.0589332679987, 768.3055943756103, 768.3055943756103, 775.0173898962736, 768.3055943756103, 773.2231475293636, 768.3055943756103, 789.3320180936098, 768.3055943756103, 769.2359422695637, 857.4446852357866, 768.3055943756103, 768.3055943756103, 768.3055943756103, 768.3055943756103, 822.6193916949272, 772.8244270033837, 768.3055943756103, 772.4257064774037, 768.3055943756103, 775.2832035802603, 768.3055943756103, 768.3055943756103, 768.3055943756103, 768.3055943756103, 795.1851775422812, 768.3055943756103, 768.3055943756103, 774.0205885813236, 821.3520545892001, 784.6075288397312, 806.2629863831759, 774.352855686307, 768.3055943756103, 768.3055943756103, 768.571408059597, 826.993886976862, 822.0275605029107, 768.3055943756103, 775.6154706852436, 768.3055943756103, 768.3055943756103, 768.3055943756103, 843.8104589700699, 768.3055943756103, 768.3055943756103, 768.3055943756103, 776.745178842187, 780.6180643877744, 768.3055943756103, 768.3055943756103], "BoFL": [1049.1071889279842, 856.586949277544, 972.492096271968, 871.1437421037198, 893.2699162479878, 840.7889567436933, 841.1273644675492, 859.9339827669859, 773.1788457679748, 773.1788457679748, 773.1788457679748, 773.1788457679748, 800.3058872328996, 773.1788457679748, 944.4939044900894, 773.1788457679748, 773.1788457679748, 773.1788457679748, 975.1540189065934, 773.1788457679748, 774.6781552843332, 773.1788457679748, 773.1788457679748, 773.1788457679748, 773.1788457679748, 773.1788457679748, 773.1788457679748, 773.1788457679748, 908.4278392627001, 776.2627955416679, 780.5291346960305, 773.1788457679748, 900.7942839493036, 773.1788457679748, 773.1788457679748, 773.1788457679748, 976.4676875494242, 773.1788457679748, 820.6699913276195, 773.1788457679748, 773.1788457679748, 773.1788457679748, 789.122855654502, 823.4260322913647, 773.1788457679748, 828.7313915020942, 773.1788457679748, 773.1788457679748, 779.1882852475167, 783.0036074476718, 773.1788457679748, 773.1788457679748, 780.6877846589565, 773.1788457679748, 778.6153728888988, 773.1788457679748, 790.8536794074773, 773.1788457679748, 773.9833475213051, 866.4694326681374, 773.1788457679748, 773.1788457679748, 773.1788457679748, 773.1788457679748, 826.853822729969, 778.1522692575693, 773.1788457679748, 777.6889757311583, 773.1788457679748, 780.980151650238, 773.1788457679748, 773.1788457679748, 773.1788457679748, 773.1788457679748, 795.5604235624074, 773.1788457679748, 773.1788457679748, 779.5174067973137, 825.3593366790057, 788.2938759148598, 808.1251330002546, 779.8830930105447, 773.1788457679748, 773.1788457679748, 773.2764530811548, 831.7506329049111, 826.0589656118154, 773.1788457679748, 781.3824025269031, 773.1788457679748, 773.1788457679748, 773.1788457679748, 850.9670664612055, 773.1788457679748, 773.1788457679748, 773.1788457679748, 782.6623992207527, 786.1591023157835, 773.1788457679748, 773.1788457679748],