{"Baseline": [1017.5934525337219, 1017.5934525337219, 1017.5934525337219, 1017.5934525337219, 1017.5934525337219, 1017.5934525337219, 1017.5934525337219, 1017.5934525337219, 1017.5934525337219, 1017.5934525337219, 1017.5934525337219, 1017.5934525337219, 1017.5934525337219, 1017.5934525337219, 1017.5934525337219, 1017.5934525337219, 1017.5934525337219, 1017.5934525337219, 1017.5934525337219, 1017.5934525337219, 1017.5934525337219, 1017.5934525337219, 1017.5934525337219, 1017.5934525337219, 1017.5934525337219, 1017.5934525337219, 1017.5934525337219, 1017.5934525337219, 1017.5934525337219, 1017.5934525337219, 1017.5934525337219, 1017.5934525337219, 1017.5934525337219, 1017.5934525337219, 1017.5934525337219, 1017.5934525337219, 1017.5934525337219, 1017.5934525337219, 1017.5934525337219, 1017.5934525337219, 1017.5934525337219, 1017.5934525337219, 1017.5934525337219, 1017.5934525337219, 1017.5934525337219, 1017.5934525337219, 1017.5934525337219, 1017.5934525337219, 1017.5934525337219, 1017.5934525337219, 1017.5934525337219, 1017.5934525337219, 1017.5934525337219, 1017.5934525337219, 1017.5934525337219, 1017.5934525337219, 1017.5934525337219, 1017.5934525337219, 1017.5934525337219, 1017.5934525337219, 1017.5934525337219, 1017.5934525337219, 1017.5934525337219, 1017.5934525337219, 1017.5934525337219, 1017.5934525337219, 1017.5934525337219, 1017.5934525337219, 1017.5934525337219, 1017.5934525337219, 1017.5934525337219, 1017.5934525337219, 1017.5934525337219, 1017.5934525337219, 1017.5934525337219, 1017.5934525337219, 1017.5934525337219, 1017.5934525337219, 1017.5934525337219, 1017.5934525337219, 1017.5934525337219, 1017.5934525337219, 1017.5934525337219, 1017.5934525337219, 1017.5934525337219, 1017.5934525337219, 1017.5934525337219, 1017.5934525337219, 1017.5934525337219, 1017.5934525337219, 1017.5934525337219, 1017.5934525337219, 1017.5934525337219, 1017.5934525337219, 1017.5934525337219, 1017.5934525337219, 1017.5934525337219, 1017.5934525337219, 1017.5934525337219, 1017.5934525337219], "Oracle": [768.3055943756103, 768.3055943756103, 780.1407389997006, 768.3055943756103, 768.3055943756103, 768.3055943756103, 768.3055943756103, 851.6598939032078, 768.3055943756103, 768.3055943756103, 768.3055943756103, 768.3055943756103, 799.4458732503176, 768.3055943756103, 927.2943079128025, 768.3055943756103, 768.3055943756103, 768.3055943756103, 945.2740597815035, 768.3055943756103, 769.8340230585337, 768.3055943756103, 768.3055943756103, 768.3055943756103, 768.3055943756103, 768.3055943756103, 768.3055943756103, 768.3055943756103, 898.537541051054, 771.2139535495281, 774.9307720494986, 768.3055943756103, 892.5340227551699, 768.3055943756103, 768.3055943756103, 768.3055943756103, 945.9140245876072, 768.3055943756103, 817.3407952240706, 768.3055943756103, 768.3055943756103, 768.3055943756103, 786.1537253228188, 819.6288097103358, 768.3055943756103, 824.2966083935261, 768.3055943756103, 768.3055943756103, 773.7742212809562, 777.0589332679987, 768.3055943756103, 768.3055943756103, 775.0173898962736, 768.3055943756103, 773.2231475293636, 768.3055943756103, 789.3320180936098, 768.3055943756103, 769.2359422695637, 857.4446852357866, 768.3055943756103, 768.3055943756103, 768.3055943756103, 768.3055943756103, 822.6193916949272, 772.8244270033837, 768.3055943756103, 772.4257064774037, 768.3055943756103, 775.2832035802603, 768.3055943756103, 768.3055943756103, 768.3055943756103, 768.3055943756103, 795.1851775422812, 768.3055943756103, 768.3055943756103, 774.0205885813236, 821.3520545892001, 784.6075288397312, 806.2629863831759, 774.352855686307, 768.3055943756103, 768.3055943756103, 768.571408059597, 826.993886976862, 822.0275605029107, 768.3055943756103, 775.6154706852436, 768.3055943756103, 768.3055943756103, 768.3055943756103, 843.8104589700699, 768.3055943756103, 768.3055943756103, 768.3055943756103, 776.745178842187, 780.6180643877744, 768.3055943756103, 768.3055943756103], "BoFL": [1049.1071889279842, 856.586949277544, 972.492096271968, 871.1437421037198, 893.2699162479878, 895.2975611833333, 823.1373636994124, 861.0953223987578, 775.7118336105348, 775.7118336105348, 775.7118336105348, 775.7118336105348, 800.4671505423069, 775.7118336105348, 941.4493237479688, 775.7118336105348, 775.7118336105348, 775.7118336105348, 969.469934607315, 775.7118336105348, 776.2509043354034, 775.7118336105348, 775.7118336105348, 775.7118336105348, 775.7118336105348, 775.7118336105348, 775.7118336105348, 775.7118336105348, 906.9678153426408, 777.287578806305, 780.6297425065517, 775.7118336105348, 899.8292551623344, 775.7118336105348, 775.7118336105348, 775.7118336105348, 970.5417471405029, 775.7118336105348, 821.2017533707142, 775.7118336105348, 775.7118336105348, 775.7118336105348, 789.162816604185, 823.9189019087314, 775.7118336105348, 829.4249182400464, 775.7118336105348, 775.7118336105348, 779.2851841403484, 783.1043339948654, 775.7118336105348, 775.7118336105348, 780.8004039885044, 775.7118336105348, 778.8218570232391, 775.7118336105348, 790.8901649131298, 775.7118336105348, 775.8593648197651, 867.719357612276, 775.7118336105348, 775.7118336105348, 775.7118336105348, 775.7118336105348, 827.4171477540731, 778.5108546819687, 775.7118336105348, 778.2644495922566, 775.7118336105348, 781.0563962114334, 775.7118336105348, 775.7118336105348, 775.7118336105348, 775.7118336105348, 795.5698389819145, 775.7118336105348, 775.7118336105348, 779.6057736148357, 825.9576352316141, 788.3302426838399, 808.3936203104735, 780.0324273197174, 775.7118336105348, 775.7118336105348, 775.7118336105348, 832.4697247161388, 826.7316384683847, 775.7118336105348, 781.483049916315, 775.7118336105348, 775.7118336105348, 775.7118336105348, 852.0216834776162, 775.7118336105348, 775.7118336105348, 775.7118336105348, 782.7630110309601, 786.1762406700134, 775.7118336105348, 775.7118336105348], "phase": [0, 2, 7], "overhead": [[9.368029594421387, 63.45799303579331], [9.716119050979614, 65.89763496136665], [9.499271392822266, 64.87404522275925], [9.489556312561035, 64.82524990677834], [9.609459161758423, 66.98211551117897]], "ddls": [85.89732631383735, 71.05986691608688, 59.6310972028698, 82.96854152832606, 88.48730923130128, 70.28297815243432, 87.86154714708381, 50.714365498296985, 83.77496997369863, 71.54107317444938, 82.81972746162192, 72.1650285250978, 55.722441084042, 80.80635896571702, 47.44235634533174, 89.76209061092494, 66.93503043677379, 75.1955169115374, 46.80123412522709, 87.58301749612455, 65.00163455542015, 77.21489908867628, 68.22063648964625, 70.62848910066272, 66.65824989343429, 69.30085004831226, 73.5551393102795, 88.48439647507841, 48.47771243894042, 64.24274422539338, 62.18667366986792, 92.17343475394426, 48.69431756948351, 82.65948130839794, 69.68720313549349, 68.68782007675145, 46.77800498416233, 66.22961506899144, 54.00899754879467, 74.0256114531632, 90.89433951465917, 76.75277628018975, 58.07547057301552, 53.78114545322645, 66.62090614551, 53.333073281513556, 87.63697180674909, 82.20814257894382, 62.839251140734504, 61.00845569182049, 76.43788275465677, 90.42134771392381, 62.121384835525525, 65.89232130394281, 63.11076346699023, 84.00070376615605, 57.23884107128879, 68.66285179878625, 65.33175518888608, 50.15807654840655, 89.55066341601776, 73.18381685005096, 74.27445217239007, 78.94461046481379, 53.49554895085135, 63.34032352084536, 82.3576232616695, 63.55697829547518, 82.42455849610155, 61.985554926700026, 75.10724451887951, 74.16853388659212, 86.48195403611457, 91.31747096647707, 56.12483306741615, 68.6839102362453, 82.59152698919019, 62.68359498651986, 53.61654283037291, 58.471115727026856, 55.06255201932054, 62.497490525223974, 85.24548244586185, 78.68306038977485, 65.6905005375603, 53.07972066387963, 53.55599080809759, 85.92887541713803, 61.78730660802453, 84.175785861735, 88.55695924150412, 73.93696267236324, 51.46108731009936, 77.52398643853579, 70.27307380656742, 80.7767678419811, 61.170410658953706, 59.51239449993538, 78.3062824009489, 90.89932996158618], "min_ddl": 46.10277116764337}